{"museum": "南通博物苑", "source": "https://new.qq.com/omn/20210502/20210502A04OKH00.html", "title": "【濠博有约·馆藏之宝】南通博物苑青灰石额", "image": "https://dss1.bdstatic.com/6OF1bjeh1BF3odCf/it/u=186837365,649805116&fm=217&app=2&size=f242,162&n=0&g=0n&f=GIF?s=EA92458706E03D0D07165C2103007043&sec=1620384594&t=73eb4871d1031f8a1761ec35c55d0d16", "poster": "腾讯网", "time": "4天前", "content": "1905年,爱国实业家、教育家张謇先生,在濠河之滨营建博物苑,开始了中国博物馆事业的实践。如今,在南通博物苑有一块长条形刻石,也被称作石额,见证了中国早期博物馆事业的起步,成为了诸多藏品中,并不起眼却有极其珍贵的物件。 "}
{"museum": "南通博物苑", "source": "http://www.cnr.cn/ent/ylzt/bwgs/zjgb/20210506/t20210506_525479580.shtml", "title": "南通博物苑:清·石额", "image": "https://dss2.bdstatic.com/6Ot1bjeh1BF3odCf/it/u=1387863377,1627307849&fm=217&app=2&size=f242,162&n=0&g=0n&f=JPEG?s=D2ABBF4552F85C2F1DBCE1630300F031&sec=1620384594&t=3e71c1e961c1b2539a3dee41d697da29", "poster": "央广网", "time": "2小时前", "content": "南通博物苑:清·石额编辑: 王霞 相关阅读 中央广播电视总台 央广网 版权所有X  频道导航 新闻 财经 军事 文化 教育 科技 旅游 健康 广告 地方频道 北京 天津 河北 山西 内蒙古 辽宁 吉林 黑龙江 上海 江苏 淅江 安徽 福建 江西 山..."}
{"museum": "南通博物苑", "source": "https://3g.163.com/dy/article/G8QQABU50537FLBQ.html", "title": "南通有哪些好玩的地方", "image": "", "poster": "网易新闻", "time": "6天前", "content": "南通是中国首批对外开放的14个沿海城市之一,“据江海之会、扼南北之喉 ”,被誉为“北上海” 。南通集“黄金海岸”与“黄金水道”优势于一身,拥有长江岸线226公里。 今天我们就带大家来看看南通有什么好玩的地方。 南通 濠河风景名胜..."}
{"museum": "南通博物苑", "source": "https://new.qq.com/rain/a/20210423A001J400", "title": "坐上江淮思皓X8享受冬日里的闲适,南通自驾二日游", "image": "https://dss1.bdstatic.com/6OF1bjeh1BF3odCf/it/u=2480525253,2529453844&fm=217&app=2&size=f242,162&n=0&g=0n&f=JPEG?s=C1B70F744CEF472C2E7925D30300E0B3&sec=1620384594&t=8e9a49b05703babab88603736916ad64", "poster": "腾讯网", "time": "4月23日", "content": "这份底气有着历史原因,南通自古就是一个特别注重教育的城市,在这里就诞生了中国第一个公共博物馆——南通博物苑,同时也奠定了国家的博物馆事业。不同于其它博物馆,南通博物苑的“苑”就说明这里不仅仅是学术、文艺荟萃的地方,还是一个..."}
{"museum": "南通博物苑", "source": "https://www.163.com/dy/article/G8T3ORJ00534HFB2.html", "title": "五一逛博物馆时,除了看国宝,还应该了解什么?", "image": "https://dss2.bdstatic.com/6Ot1bjeh1BF3odCf/it/u=1214858547,618686044&fm=217&app=2&size=f242,162&n=0&g=0n&f=JPEG?s=BE34CC4E173311964778B52903008010&sec=1620384594&t=8d59c2d16cfc7de9b5634d2ac438e510", "poster": "网易", "time": "5天前", "content": "张謇甚至专门聘请了能说外语的导览员,印刷了《博物院观览简章》,南通博物苑的科学性和观赏性哪怕放到今天也是很有可取之处,一百多年前的前辈第一次吃螃蟹就达到如此先进的程度,不得不让人敬服。 "}
{"museum": "南通博物苑", "source": "https://www.163.com/dy/article/G8CCI1EF0550FEZU.html", "title": "事业编制!南通博物苑、南通艺术剧院招聘17人", "image": "https://dss2.bdstatic.com/6Ot1bjeh1BF3odCf/it/u=3277314797,3437771364&fm=217&app=2&size=f242,162&n=0&g=0n&f=JPEG?s=09A6713327C7595B0A71D4CA0000E0B1&sec=1620384594&t=9904f5821be9371b560aece942e44e62", "poster": "网易", "time": "4月24日", "content": "为进一步优化事业单位人员队伍结构,提升公共文化服务水平,经核准,南通博物苑、南通艺术剧院面向社会公开招聘17名事业编制工作人员。现将有关事项公告如下: 一、招聘岗位 招聘岗位及各岗位招聘条件等详见《南通市文广旅系统部分事业单位2021年..."}
{"museum": "南通博物苑", "source": "https://dy.163.com/article/G7SFSAH10514TTJH.html", "title": "外籍友人走进南通博物苑", "image": "https://dss1.bdstatic.com/6OF1bjeh1BF3odCf/it/u=3070962321,2411066433&fm=217&app=2&size=f242,162&n=0&g=0n&f=JPEG?s=EB904D814A335E88C305B1D90300D0B1&sec=1620384594&t=7b94b11651687806d54910391985b29c", "poster": "网易订阅", "time": "4月18日", "content": "昨天,2021“发现江苏·走进中国近代第一城南通”活动在南通博物苑启动,来自西班牙、阿根廷等国家的20余位外籍友人走进南通,感受江海文化的魅力。 记者 卢兆欣摄 特别声明:以上内容(如有图片或视频亦包括在内)为自媒体平台“网易号”用户..."}
{"museum": "南通博物苑", "source": "https://tech.ifeng.com/c/85IQRJ5CZpT", "title": "以张謇精神作答使命担当——新城集团高管走进南通博物苑", "image": "https://dss0.bdstatic.com/6Ox1bjeh1BF3odCf/it/u=2061560416,4033926115&fm=217&app=2&size=f242,162&n=0&g=0n&f=JPEG?s=8E526985C478299A3804CD200300C050&sec=1620384594&t=856cba929228bdfc63ae46730fc1b1f4", "poster": "手机凤凰网", "time": "4月9日", "content": "3月26日,新城控股集团董事长王晓松带领新城集团40余位高管一同走进南通博物苑,开启了一场幸福党建之旅。通过参观张謇生平展陈,学习张謇实业救国、发展教育、兴办公益事业的民营企业家楷模精神,深度探寻当代企业家在新时代下应有的责任与..."}
{"museum": "南通博物苑", "source": "https://xw.qq.com/amphtml/20210415A06C6J00", "title": "美不胜收!南通博物苑百年紫藤进入盛开期", "image": "https://dss2.bdstatic.com/6Ot1bjeh1BF3odCf/it/u=4240565783,2427017332&fm=217&app=92&size=f242,162&n=0&g=0n&f=JPEG?s=95B15B951E37C6DCD21DFD820300F0D3&sec=1620384594&t=95e8a7bd9127163b7027bbe6035a6804", "poster": "腾讯网", "time": "4月15日", "content": "4月13日,南通博物苑盛开的两株百余年树龄紫藤,吸引市民前来观赏、拍照。两株紫藤,位于濠南别业南侧,藤蔓攀援而上直至三楼。 濠南别业为张謇先生故居,建于1914年。主楼为英国式建筑,由著名建筑师孙支厦设计,已成为我国近代吸收西方建..."}
{"museum": "南通博物苑", "source": "http://jsnews.jschina.com.cn/nt/a/202104/t20210423_2769147.shtml", "title": "南通博物苑成热门打卡地", "image": "https://dss0.bdstatic.com/6Ox1bjeh1BF3odCf/it/u=3998066118,3937668183&fm=217&app=2&size=f242,162&n=0&g=0n&f=JPEG?s=697011D554413AEE1C917C6703005060&sec=1620384594&t=31f361849f226601f68a4c6fa591d718", "poster": "中国江苏网", "time": "4月23日", "content": "南通博物苑成热门打卡地2021-04-23 10:20:00 来源:南通网 20日,众多学生和游客在南通博物苑参观、游览。目前,这里已经成为爱国主义教育和游览打卡的热门地点。 记者许丛军标签: 责编:芦艳 崔欣 ..."}
{"museum": "南通博物苑", "source": "https://3g.163.com/news/article/G8663SH604249CUF.html", "title": "省委巡回指导组点赞南通党史学习教育", "image": "", "poster": "网易新闻", "time": "4月22日", "content": "指导组在通调研期间,走访了部分市直单位、县(市、区)以及基层单位。 南通博物苑展开全文  打开网易新闻,阅读体验更佳 热门搜索  B站小电视商标遭驳回  4年起诉离婚8次  花21万补课考59分  特斯拉再次发声  自费百万建天桥  医保卡..."}
{"museum": "南通博物苑", "source": "https://xw.qq.com/cmsid/20210420A0DZJE00", "title": "藏不住啦!南通这些好地方!", "image": "https://dss2.bdstatic.com/6Ot1bjeh1BF3odCf/it/u=1827370553,422916151&fm=217&app=2&size=f242,162&n=0&g=0n&f=JPEG?s=C9A22FD15C5A1FC80CBCEA3603006077&sec=1620384595&t=bd07a093e438d12fa4007f8e37b45bd8", "poster": "腾讯网", "time": "4月20日", "content": "第一天:漫步五山地区滨江片区-考察南通创新区-考察南通博物苑-参观张謇故居-乘船夜游濠河风景区。 第二天:考察唐闸古镇-考察中华慈善博物馆 张謇文化青少年爱国主义教育线路 第一天:参观军山风景区-漫步五山地区滨江片区-参观城市绿谷-参观..."}
{"museum": "南通博物苑", "source": "https://new.qq.com/omn/20210501/20210501A097RT00.html", "title": "南通博物苑青灰石额 见证百年沧桑岁月", "image": "", "poster": "腾讯网", "time": "5天前", "content": "1905年,爱国实业家、教育家张謇先生,在濠河之滨营建博物苑,开始了中国博物馆事业的实践。如今,在南通博物苑有一块长条形刻石,也被称作石额,见证了中国早期博物馆事业的起步,成为了诸多藏品中,其貌不扬……"}
{"museum": "南通博物苑", "source": "http://www.nantong.gov.cn/ntswgxj/djgz/content/a1290466-7567-489a-910c-70805c22760f.html", "title": "学习张謇精神 深耕爱国主义--南通博物苑组织开展党史学习教育第一...", "image": "", "poster": "南通市人民政府", "time": "3月25日", "content": "为了迅速着手落实党史学习教育动员会要求部署,结合习总书记来苑视察重要指示,深化“不忘初心、牢记使命”主题教育成果,3月19日下午3:30,南通博物苑组织全体党员开展党史学习教育第一次集中学习,副苑长、支委委员徐宁作《张謇家国情怀》主..."}
{"museum": "南通博物苑", "source": "http://www.thepaper.cn/newsDetail_forward_10615674", "title": "中央社院在南通博物苑设立教学基地", "image": "https://dss1.bdstatic.com/6OF1bjeh1BF3odCf/it/u=3088143987,795323846&fm=217&app=92&size=f242,162&n=0&g=0n&f=JPEG?s=B548B45F4A9C2CC85EE07966030080B2&sec=1620384595&t=2d5790f30c0fe7ed713ddfa4f0943e1c", "poster": "澎湃新闻", "time": "2020年12月31日", "content": "12月31日,中央社会主义学院(中华文化学院)在南通博物苑这座由实业家张謇于1905年创办的中国第一座公共博物馆举行教学基地挂牌仪式。 仪式上,中共中央统战部副部长、国务院侨务办公室主任、中央社院第一副院长潘岳向南通博物苑苑长杜嘉乐..."}
{"museum": "南通博物苑", "source": "http://www.thepaper.cn/newsDetail_forward_10412444", "title": "杭州民革企业家联谊会组织参观南通博物苑和张謇故居", "image": "https://dss2.bdstatic.com/6Ot1bjeh1BF3odCf/it/u=1453126706,3187660852&fm=217&app=92&size=f242,162&n=0&g=0n&f=JPEG?s=D3A108E027EA07095445D5AC03007081&sec=1620384595&t=e5fa8084a36eac4cb72ea7d74d16c057", "poster": "澎湃新闻", "time": "2020年12月15日", "content": "11月12日,习近平总书记在南通博物苑考察调研时指出,张謇是中国民营企业家的先贤和楷模,要把南通博物苑和张謇故居作为爱国主义教育基地,让广大民营企业家和青少年受到教育,增强社会责任感,坚定“四个自信”。 "}
{"museum": "南通博物苑", "source": "http://news.jstv.com/a/20210210/1612954327789.shtml", "title": "新春走基层丨南通博物苑有颗默默无闻的“螺丝钉”", "image": "https://dss1.bdstatic.com/6OF1bjeh1BF3odCf/it/u=3827992343,3988151241&fm=217&app=92&size=f242,162&n=0&g=0n&f=PNG?s=85F2798406030EFE4C14319B03005090&sec=1620384595&t=8653f375364b13dc0fd9b8ea5f81ccf5", "poster": "荔枝网新闻", "time": "2月10日", "content": "“对,如果需要接种的话需要登记一下您的姓名、年龄、身份证号等个人信息。”2月9日一大早,在南通博物苑的办公室内,正在通知博物苑工作人员进行新冠疫苗接种相关事项的徐艳芹接着一通又一通的电话,忙得不可开交。 "}
{"museum": "南通博物苑", "source": "https://baijiahao.baidu.com/s?id=1690944661491061973&wfr=spider&for=pc", "title": "牛年新春送“福” 南通博物苑春节系列活动拉开帷幕", "image": "", "poster": "南通广播电视台", "time": "2月6日", "content": "春节前的最后一个周末，市区里的年味越来越浓。今天上午，南通博物苑特别邀请南通大学艺术学院的师生开展“吉祥金牛年——南通博物苑牛年新春送‘福’“活动，为广大市民送“福”字与新春对联。上午，很多市民都聚集在南通博物苑的院子，..."}
{"museum": "南通博物苑", "source": "https://baijiahao.baidu.com/s?id=1690652950602473557&wfr=spider&for=pc", "title": "江苏南通博物苑梅花绽放迎春归", "image": "", "poster": "人民资讯", "time": "2月3日", "content": "来源：中工网 2021年2月3日，江苏南通，南通博物苑单辨骨红、绿萼梅、素心蜡梅绽放。梅花是中国十大名花之一，当日是二十四节气中的第一个节气－－立春，南通博物苑梅花园内散发着幽幽清香，迎接春天的到来。2008年，从南京梅花山..."}
{"museum": "南通博物苑", "source": "https://baijiahao.baidu.com/s?id=1683478545223330099&wfr=spider&for=pc", "title": "航拍初冬的南通博物苑", "image": "https://dss0.bdstatic.com/6Ox1bjeh1BF3odCf/it/u=2334428290,1083787881&fm=173&app=49&size=f242,162&n=0&g=0n&f=JPEG?s=55A227F54C1379CC46A89C7703005052&sec=1620384595&t=b3313522c2d212462c1303af21c0b622", "poster": "环球网", "time": "2020年11月16日", "content": "本文转自【中国新闻网】；航拍初冬的南通博物苑，新老建筑在五彩斑斓的色彩中相得益彰。南通博物苑位于风光秀美的江苏南通濠河之滨，由清末状元、近代著名实业家和教育家张謇于1905年创办。1988年，南通博物苑被国务院公布为全国重点文物..."}
{"museum": "南通博物苑", "source": "https://baijiahao.baidu.com/s?id=1683427301937167419&wfr=spider&for=pc", "title": "航拍初冬的南通博物苑", "image": "https://dss0.bdstatic.com/6Ox1bjeh1BF3odCf/it/u=2334428290,1083787881&fm=173&app=49&size=f242,162&n=0&g=0n&f=JPEG?s=55A227F54C1379CC46A89C7703005052&sec=1620384595&t=b3313522c2d212462c1303af21c0b622", "poster": "中国新闻网", "time": "2020年11月15日", "content": "航拍南通博物苑濠南别业，如今是全国重点文物保护单位南通博物苑的重要组成部分。　许丛军　摄 濠南别业是张謇故居，建于1914年，它的主楼是一座英式建筑，由南通籍的著名建筑师孙支厦设计，是我国近代吸收西洋建筑艺术的经典作品。　许..."}
{"museum": "南通博物苑", "source": "https://baijiahao.baidu.com/s?id=1683301912248155084&wfr=spider&for=pc", "title": "独家Vlog丨打卡南通博物苑!探寻总书记提到的“这种”精神", "image": "https://dss2.bdstatic.com/6Ot1bjeh1BF3odCf/it/u=3712466918,3961323740&fm=173&app=49&size=f242,162&n=0&g=0n&f=JPEG?s=F28191444AA3B9534ACE8E08030050CD&sec=1620384595&t=f77eaee499d3617d43366dcea8511ec6", "poster": "央视新闻", "time": "2020年11月14日", "content": "2020年11月12日，习近平总书记来到南通博物苑，参观张謇生平介绍展陈，回望并再一次肯定了张謇作为企业家实业救国的事迹和精神。为了深入了解张謇的故事，小编紧随总书记的足迹，前往这座与张謇息息相关的博物苑。在寻找途中，小编找到了..."}
{"museum": "南通博物苑", "source": "https://baijiahao.baidu.com/s?id=1683160056601123516&wfr=spider&for=pc", "title": "习近平江苏行丨走近南通博物苑", "image": "https://dss2.bdstatic.com/6Ot1bjeh1BF3odCf/it/u=3233262869,1812624880&fm=173&app=49&size=f242,162&n=0&g=0n&f=JPEG?s=912AC7B02A23488A1229F8DB030050B9&sec=1620384595&t=e0025eed4a3159f717aca0ce0cdbe69a", "poster": "央广网", "time": "2020年11月12日", "content": "11月12日下午，在江苏考察调研的习近平总书记前往南通博物苑，参观张謇生平介绍展陈，了解张謇“实业救国”、发展教育和社会公益事业的事迹。南通博物苑创办于1905年，是中国人独立创办的第一座公共博物馆。创办者张謇是我国近代著名企业家..."}
{"museum": "南通博物苑", "source": "http://www.xhby.net/nt/yw/202101/t20210116_6949429.shtml", "title": "江苏南通:走进百年博物苑 认识张謇的世界", "image": "https://dss2.bdstatic.com/6Ot1bjeh1BF3odCf/it/u=3504282843,434304921&fm=217&app=92&size=f242,162&n=0&g=0n&f=PNG?s=140AAFFB4E2616881A14AD320300F057&sec=1620384595&t=c21e9252992f1ca815907ea7fc50b599", "poster": "新华报业网", "time": "1月16日", "content": "濠河,是南通的一条护城河,已有一千多年的历史。 在南濠河畔,濠南路19号,坐落着具有整整115年光荣历史的南通博物苑。他是由清末状元,著名的爱国主义者,杰出的企业家、教育家、慈善家、社会活动家张謇先生创办的。 "}
{"museum": "南通博物苑", "source": "https://www.163.com/dy/article/FVT1F70R0550D6TP.html", "title": "南通博物苑特展200余件展品折射“张謇精神”", "image": "https://dss1.bdstatic.com/6OF1bjeh1BF3odCf/it/u=1939765326,3370615462&fm=217&app=92&size=f242,162&n=0&g=0n&f=JPEG?s=BF8B8D4F4E21428CADB1F4730300C078&sec=1620384595&t=5807acf0f2425bcecd302a3cfe4024b0", "poster": "网易", "time": "1月9日", "content": "如今,这则张謇鬻字启事及刊登启事的广告费收据正在南通博物苑展出,作为《爱国企业家的典范、民族企业家的楷模、民营企业家的先贤——张謇》特展的一件重要展品。展览于2020年12月31日向公众开放,通过80余件实物、130多幅历史图片,全面..."}
{"museum": "南通博物苑", "source": "http://news.jstv.com/a/20210105/f8017b78266e4f889362e02c8335f66e.shtml", "title": "...展示南通的“沧桑巨变” 南通大学艺术学院院展在南通博物苑开幕", "image": "https://dss2.bdstatic.com/6Ot1bjeh1BF3odCf/it/u=3975550323,3398742934&fm=217&app=92&size=f242,162&n=0&g=0n&f=JPEG?s=AB926D81560252E04C0984D0030040B3&sec=1620384595&t=17d45a6917d49cafca8db3c79c685857", "poster": "荔枝网新闻", "time": "1月5日", "content": "1月5日,新时代·盛世情——2021年南通大学艺术学院院展在南通博物苑开幕,近百件雕塑、书画、设计等各类作品集中展出,充分呈现了通大艺术学院教师们在艺术创作、设计领域取得的成就。 南通大学艺术学院院展开幕式 ..."}
{"museum": "南通博物苑", "source": "https://baijiahao.baidu.com/s?id=1687683043050407038&wfr=spider&for=pc", "title": "践行总书记嘱托 南通博物苑张謇特展正式开放", "image": "", "poster": "南通广播电视台", "time": "1月1日", "content": "为贯彻落实习近平总书记在南通视察期间的讲话精神，南通博物苑整合我市文博资源，设计制作了《爱国企业家的典范、民族企业家的楷模、民营企业家的先贤——张謇》展。从现在起，大家就可以到博物苑新馆二楼免费参观了。金榜题名是张謇生平的..."}
{"museum": "南通博物苑", "source": "https://dy.163.com/article/FU5L7BKL0538MNMD.html", "title": "顺着新媒体小记者的脚步一起游览南通博物苑吧", "image": "https://dss1.bdstatic.com/6OF1bjeh1BF3odCf/it/u=1054289828,3027035126&fm=217&app=92&size=f242,162&n=0&g=0n&f=JPEG?s=B0C6DC046E510ADE9021209603008080&sec=1620384595&t=c9f1ddaec8d8df68f8e81c9e4430ee43", "poster": "网易订阅", "time": "2020年12月18日", "content": "2020年11月12日下午,习近平总书记前往了南通博物苑,参观张謇先生生平介绍展陈,了解张謇“实业救国”、发展教育和社会公益事业的事迹。 「图片来源于网络」 时隔半个月,2020年12月2日下午,我们工院新媒体的小记者们也前往了南通博物苑..."}
{"museum": "南通博物苑", "source": "https://baijiahao.baidu.com/s?id=1685961261916324291&wfr=spider&for=pc", "title": "沿着总书记足迹 南通博物苑参观热持续 濠南别业一月接待观众近10...", "image": "", "poster": "南通广播电视台", "time": "2020年12月13日", "content": "11月12日，习近平总书记在江苏考察调研期间，来到南通博物苑，参观张謇生平介绍展陈，了解张謇“实业救国”、发展教育和社会公益事业的事迹。一个月来，许多市民和游客跟随总书记的脚步，一探濠南别业，在张謇故居里“穿越”历史，致敬..."}
{"museum": "南通博物苑", "source": "http://www.zgnt.net/content/2020-11/24/content_3029928.htm", "title": "南通民营企业家代表参观南通博物苑侧记", "image": "https://dss0.bdstatic.com/6Ox1bjeh1BF3odCf/it/u=1832977685,2127313180&fm=217&app=92&size=f242,162&n=0&g=0n&f=PNG?s=EE3836C7005239CC2203B03203001048&sec=1620384595&t=d1381b2be40a5e00717e1f5bc3a7d564", "poster": "南通网", "time": "2020年11月24日", "content": "初冬时节,南通博物苑满地金黄的银杏叶,格外耀眼。昨天下午,参加全市民营企业家座谈会的30位企业家前往南通博物苑,跟随习近平总书记的脚步,感知了解张謇“实业救国”、发展教育和社会公益事业的事迹,探寻“华夏第一馆”的历史渊源,领略其..."}
{"museum": "南通博物苑", "source": "http://news.yunnan.cn/system/2020/11/19/031128776.shtml", "title": "张謇精神始终在人们心中生长讲述人:南通博物苑苑长 杜嘉乐", "image": "", "poster": "云南网", "time": "2020年11月19日", "content": "原标题:张謇精神始终在人们心中生长讲述人:南通博物苑苑长 杜嘉乐 【来自纪念馆的声音】 “他是一个普通的农家子弟,1853年出生于江苏南通海门市常乐镇。1894年,41岁的他高中状元。可就在第二年,他毅然辞官,兴办实业。”这是我们向..."}
{"museum": "南通博物苑", "source": "https://baijiahao.baidu.com/s?id=1683692417969175800&wfr=spider&for=pc", "title": "历时七年 他用画笔描绘南通博物苑四季变迁", "image": "https://dss1.bdstatic.com/6OF1bjeh1BF3odCf/it/u=501477129,4018957652&fm=173&app=49&size=f242,162&n=0&g=0n&f=JPEG?s=CFB31CC71C5092CA5A21A9260300E053&sec=1620384596&t=4d072902ee000f8a167d6ceb860c6a3c", "poster": "南通新媒体", "time": "2020年11月18日", "content": "坚持七年，南通人翟东平用手中的画笔描绘博物苑的春夏秋冬，日出日落，一草一木，透过画面的光影、笔触记录下他对博物苑，对南通的深情真爱。今天上午，濠南苑囿——翟东平“博物苑风景写生”作品展在南通博物苑开展。翟东平1961年出生，..."}
{"museum": "南通博物苑", "source": "https://dy.163.com/article/FRLBHCNU05345ASB.html", "title": "跟着总书记看江苏②|南通博物苑与其创始人张謇的历史性贡献", "image": "https://dss2.bdstatic.com/6Ot1bjeh1BF3odCf/it/u=769987793,2553378965&fm=217&app=92&size=f242,162&n=0&g=0n&f=JPEG?s=10F7798462010AFE902120960300C080&sec=1620384596&t=f9ee0e7c499c0e82233a30c00c64fd92", "poster": "网易订阅", "time": "2020年11月17日", "content": "11月12日下午,在江苏考察调研的习近平总书记前往南通博物苑,参观张謇生平介绍展陈,了解张謇“实业救国”、发展教育和社会公益事业的事迹。跟随总书记的脚步,让我们一探这“华夏第一馆”的历史渊源,领略其背后穿越历史、经久不衰的文化底..."}
{"museum": "南通博物苑", "source": "http://news.jstv.com/a/20201116/609300f6d0a34aa99daea08eea6c7cc7.shtml", "title": "温习历史,感受家国情怀 游客纷纷“打卡” 南通博物苑", "image": "https://dss1.bdstatic.com/6OF1bjeh1BF3odCf/it/u=2840755314,717596054&fm=217&app=92&size=f242,162&n=0&g=0n&f=JPEG?s=2AB3598706533DC810B905B00300D012&sec=1620384596&t=eb547bf22f825a88e1bcd57803a583c8", "poster": "荔枝网新闻", "time": "2020年11月16日", "content": "这两天,原本就备受南通市民和游客喜爱的南通博物苑也成为了“网红”之地。尤其是张謇故居——濠南别业,更是游客如织。大家纷纷温习历史,感受家国情怀。 每一个南通人,向外地人介绍自己家乡的时候,绕不开的第一个人就是张謇。 "}
{"museum": "南通博物苑", "source": "https://baijiahao.baidu.com/s?id=1683249408809588608&wfr=spider&for=pc", "title": "金叶飘飘秋意正浓 走进中国第一座公共博物馆南通博物苑", "image": "https://dss2.bdstatic.com/6Ot1bjeh1BF3odCf/it/u=3034663805,3051795624&fm=173&app=49&size=f242,162&n=0&g=0n&f=JPEG?s=83004CA4DE4312C4FA05B9240300F051&sec=1620384596&t=317e8414a3c18f612c20cd3ff0a9d6ea", "poster": "南通新媒体", "time": "2020年11月13日", "content": "秋日的南通，风光无限。南通博物苑里秋色斑斓，火红的枫叶、金黄的银杏叶、碧蓝的天空等相互渲染，仿佛一幅渐变色的油画，呈现出南通秋天独特的韵味。作为中国第一座公共博物馆，南通博物苑位于风光秀美的濠河之滨，由中国早期现代化的..."}
{"museum": "南通博物苑", "source": "https://baijiahao.baidu.com/s?id=1683163009177996753&wfr=spider&for=pc", "title": "从南通博物苑到实业救国,张謇为什么被称为“近代南通之父”", "image": "https://dss1.bdstatic.com/6OF1bjeh1BF3odCf/it/u=358322451,3258773312&fm=173&app=49&size=f242,162&n=0&g=0n&f=JPEG?s=36F45394504273498638CD450300E0F2&sec=1620384596&t=7d68fdcacf5961882a7778efb9854a01", "poster": "历史微波", "time": "2020年11月12日", "content": "例如，南通博物苑是中国最早的一座博物馆，其前身是光绪三十四年(1908)由张謇创办的通州博物馆。它以科普教育为功能，承担着社会教育的使命，具有公益性质，它的诞生也是张謇慈善事业的创新与突破。为搜集全南通上古文物珍品及字画，张謇..."}
{"museum": "南通博物苑", "source": "https://baijiahao.baidu.com/s?id=1682215523983698861&wfr=spider&for=pc", "title": "南通博物苑:中国第一座博物馆,它的创办人是擅长赚钱的清末状元", "image": "https://dss2.bdstatic.com/6Ot1bjeh1BF3odCf/it/u=1268886302,160237870&fm=173&app=49&size=f242,162&n=0&g=0n&f=JPEG?s=B59A257F6021F30187CC18670300F063&sec=1620384596&t=966cd2c6cb87bc6889fa215473ce108b", "poster": "灶物者", "time": "2020年11月2日", "content": "中国的博物馆事业可以说发展飞速，但博物馆在我们国家出现比较晚，始于鸦片战争以后。当时中国境内出现很多的博物馆，像北疆博物院、震旦博物馆等都是外国人建设的。中国人自己建博物馆是1905的南通博物苑。这座博物馆是谁建的？都有什么..."}
{"museum": "南通博物苑", "source": "https://baijiahao.baidu.com/s?id=1682129902309146254&wfr=spider&for=pc", "title": "粤港澳大湾区媒体看南通之一|南通博物苑——一个人与一座城的故事", "image": "https://dss1.bdstatic.com/6OF1bjeh1BF3odCf/it/u=1562599872,36895758&fm=173&app=49&size=f242,162&n=0&g=0n&f=JPEG?s=24036BF94A7297C65625311E03008046&sec=1620384596&t=5df8767d8466458b06d7292d229be5b3", "poster": "读创", "time": "2020年11月1日", "content": "通过此行，读创/深圳商报记者对南通的历史文化、社会习俗、城市建设，及其在打造长三角一体化国家战略新高地历史进程中的地位有所认识，特撰写系列报道以飨读者。△南通博物苑1988年被国务院公布为全国重点文物保护单位 粤港澳大湾区媒体看..."}
{"museum": "南通博物苑", "source": "https://3g.163.com/dy/article/G7VO4ERH0514TTJH.html", "title": "市民在南通博物苑写生", "image": "", "poster": "网易新闻", "time": "4月19日", "content": "16日,一位市民在南通博物苑写生。近期,南通博物苑濠南别业两株紫藤树进入盛花期,吸引大批市民和外地游客前来观赏。钱咸华摄特别声明:以上内容(如有图片或视频亦包括在内)为自媒体平台“网易号”用户上传并发布,本平台仅提供信息存储..."}
{"museum": "南通博物苑", "source": "https://www.163.com/dy/article/FO1JEPNA0524CP5I.html", "title": "收好这一份南通经典两日游攻略,一起来品读江海", "image": "https://dss2.bdstatic.com/6Ot1bjeh1BF3odCf/it/u=4175500669,3410708376&fm=217&app=92&size=f242,162&n=0&g=0n&f=JPEG?s=C17131C417B4B67D1870FC8F0300E08B&sec=1620384596&t=12f63170530132a2d9822039da842057", "poster": "网易", "time": "2020年10月3日", "content": "【Day2】:南通洲际绿博园—南通博物苑—啬园—返程 狼山—南通园艺博览园—环濠河博物馆群—夜游濠河 狼山风景区 江海边的狼山,可以说是南通旅游最明亮古老的一张名片。来南通旅游,必到狼山。狼山离市区有一定的距离,自驾的小伙伴可以..."}
{"museum": "南通博物苑", "source": "https://new.qq.com/omn/20200829/20200829A0L7C700.html", "title": "古代与当代关于玉的对话 “玉见你”在南通博物苑开展", "image": "", "poster": "腾讯网", "time": "2020年8月29日", "content": "中国人对于玉,可谓情有独钟,我国考古已知的境内最早玉器可上溯至距今9000年前。昨天,《玉见你——古代与当代关于玉的对话》展览在南通博物苑开展。以玉为媒,来一场穿越时空的对话。 此次“玉见你”展览是继一年前,在山西博物院举办之..."}
{"museum": "南通博物苑", "source": "https://baijiahao.baidu.com/s?id=1690137185270069901&wfr=spider&for=pc", "title": "南通的这博物馆,多次上了央视,还是私人创办的,成了热门景点", "image": "", "poster": "丁不三", "time": "1月28日", "content": "这个博物馆就坐落于南通市濠河之滨，是南通唯一的4A级博物馆，也代表着南通整体的形象和象征，成为南通的标志性文物标本，这座博物馆还是私人创建的。这座博物馆的名字叫南通博物苑，是中国人创立创办的第一座公共博物馆，也是首批国家一..."}
{"museum": "南通博物苑", "source": "http://www.nantong.gov.cn/ntswgxj/whhd/content/fd371d3f-59b5-42b6-bb41-80179fb1ebee.html", "title": "...江海福地——保定画院、南通书画院作品联展”在南通博物苑开幕", "image": "", "poster": "南通市人民政府", "time": "2020年8月28日", "content": "2020年8月25日 由南通市文化广电和旅游局、保定市文化广电和旅游局主办的“大美雄安 江海福地——保定画院、南通书画院作品联展”在南通博物苑开幕。南通书画院院长邵连主持开幕式,南通市文化广电和旅游局副局长王霞,保定画院名誉院长、保..."}
{"museum": "南通博物苑", "source": "http://www.nantong.gov.cn/ntswgxj/whhd/content/43e57a21-f1a4-4e54-bfb4-31fcc3d7c36d.html", "title": "南通博物苑举办“经纬天地:南通棉纺织艺术工坊——南通纺织的前世...", "image": "", "poster": "南通市人民政府", "time": "2020年8月10日", "content": "南通是我国轻纺工业基地之一,植棉纺纱历史悠久。 近日,由南通博物苑周燕老师主讲的“经纬天地:南通棉纺织艺术工坊——南通纺织的前世今生”在我苑报告厅举行。本次课程以时间脉络为主线,从南通地形变迁、历史遗留物和出土物、文献资料、近..."}
{"museum": "南通博物苑", "source": "https://baijiahao.baidu.com/s?id=1692036205721174237&wfr=spider&for=pc", "title": "江苏南通:博物苑里过“文化年”", "image": "", "poster": "新华社新媒体", "time": "2月18日", "content": "江苏南通：博物苑里过“文化年”今年春节长假期间，江苏省南通市不少市民选择走进南通博物苑参观，度过一个“文化年”。以上图片：2021年2月17日，在江苏省南通市，群众在南通博物苑参观。CICPHOTO/徐培钦 摄 编辑：黎颖 ..."}
{"museum": "南通博物苑", "source": "https://baijiahao.baidu.com/s?id=1672675153992449228&wfr=spider&for=pc", "title": "如果你喜欢博物馆,一定要来“中国近代第一城”-江苏南通", "image": "https://dss1.bdstatic.com/6OF1bjeh1BF3odCf/it/u=3512790495,2091954280&fm=173&app=49&size=f242,162&n=0&g=0n&f=JPEG?s=82325D811EAB2E8825291DF403008032&sec=1620384596&t=817da4df6447758c958d880ace37c820", "poster": "晴歌sunny", "time": "2020年7月20日", "content": "如果您喜欢访问博物馆，请务必访问南通。围绕古濠河的圆圈是博物馆。以下是一些选举：1、南通博物馆苑 南通博物馆苑是中国本地综合博物馆。国家实业家张謇创建于（），清光绪三十年，他是中国人创建的第一个博物馆，值得一游。看到南通..."}
{"museum": "南通博物苑", "source": "https://baijiahao.baidu.com/s?id=1667303462102943027&wfr=spider&for=pc", "title": "南通博物苑博物馆之夜", "image": "https://dss1.bdstatic.com/6OF1bjeh1BF3odCf/it/u=223541121,2243920736&fm=173&app=49&size=f242,162&n=0&g=0n&f=JPEG?s=D122D35FD6B2439ED6B1F0360300C060&sec=1620384596&t=a0ace7dd21f2aee6177f73c8f7ef895e", "poster": "芝麻红豆葵花子", "time": "2020年5月27日", "content": "难得傍晚再去次南通，也难得体验一下启秀园的夜。以前是上摄影和晚间的书法画画课，上完课马上返回。这次去南通博物苑参加活动前，时间还早，顺带到博物苑东边的三元桥那边走走，跟以前变化挺大。如今的濠河步道已经全部做好，南通市民..."}
{"museum": "南通博物苑", "source": "https://baijiahao.baidu.com/s?id=1667081344530109318&wfr=spider&for=pc", "title": "漫步“云端” 南通博物苑奇妙夜活动成功举行", "image": "https://dss1.bdstatic.com/6OF1bjeh1BF3odCf/it/u=3816059991,550848813&fm=173&app=49&size=f242,162&n=0&g=0n&f=JPEG?s=8830289D4EA07C98943905E00300F036&sec=1620384596&t=1035163845120da1b1b29605ed3e9df8", "poster": "中国江苏网", "time": "2020年5月19日", "content": "濠河常被比作少女脖子上的翡翠项链，环河而建的13座博物馆则恰似项链上的颗颗珍珠，这其中最耀眼的一颗就是中国第一座公共博物馆南通博物苑，它也是中国博物馆事业的发祥地。夜色里，走进南通博物苑则更是让人惊艳。昨晚，南通博物苑..."}
{"museum": "南通博物苑", "source": "https://baijiahao.baidu.com/s?id=1668989534232961543&wfr=spider&for=pc", "title": "南通各博物馆主题活动精彩纷呈", "image": "", "poster": "中国江苏网", "time": "2020年6月9日", "content": "昨日，记者从市文广旅局获悉，为了让人们感知文化遗产的魅力，激发全社会保护文化遗产的热情，南通各博物馆精心策划了精品展览展示、馆校合作实践、互动体验传承等三类主题活动。其中，精品展览展示类包括：南通博物苑将举办《江南生活美学》..."}
{"museum": "南通博物苑", "source": "https://baijiahao.baidu.com/s?id=1670873008414340112&wfr=spider&for=pc", "title": "张状元建博物馆——南通博物苑", "image": "https://dss0.bdstatic.com/6Ox1bjeh1BF3odCf/it/u=661070788,3158249227&fm=173&app=49&size=f242,162&n=0&g=0n&f=JPEG?s=110AA7FBC223C75F52BDF22F03002055&sec=1620384597&t=db1ab7fc61a47ce6aca4c2a929964451", "poster": "中国青年网", "time": "2020年6月30日", "content": "南通博物苑及其园林之美。视觉中国供图“南通州北通州南北通州通南北,东当铺西当铺东西当铺当东西”——这幅对联即便够不上家喻户晓,也算广为流传,特别是为它安排一个纪晓岚与乾隆斗智的故事,更添了几分趣味。联中两个“通州”,一..."}
{"museum": "南通博物苑", "source": "https://baijiahao.baidu.com/s?id=1683254308411263170&wfr=spider&for=pc", "title": "初冬里的南通博物苑", "image": "https://dss1.bdstatic.com/6OF1bjeh1BF3odCf/it/u=1857960753,3884812125&fm=173&app=49&size=f242,162&n=0&g=0n&f=JPEG?s=9F022CC10AF2C0DE4A05353803008050&sec=1620384597&t=aabc41cc310f5eb042e40f9449c72acf", "poster": "中国日报网", "time": "2020年11月13日", "content": "11月13日拍摄的南通博物苑（无人机照片）。南通博物苑位于风光秀美的江苏南通濠河之滨，由清末状元、近代著名实业家和教育家张謇于1905年创办，是中国人创办的我国第一座公共博物馆。1988年，南通博物苑被国务院公布为全国重点文物保护..."}
{"museum": "南通博物苑", "source": "http://www.xinhuanet.com/shuhua/2019-12/27/c_1125395618.htm", "title": "“20世纪‘中国美术南通现象’研究展”汇报展在南通博物苑开幕", "image": "https://dss2.bdstatic.com/6Ot1bjeh1BF3odCf/it/u=2173484024,2784511536&fm=217&app=92&size=f242,162&n=0&g=0n&f=JPEG?s=1F004D8166E81D097A1924D103001091&sec=1620384597&t=6ed9727800f38cfbd5ab1a0849247566", "poster": "新华网客户端", "time": "2019年12月27日", "content": "国家艺术基金2019年度传播交流推广项目“20世纪‘中国美术南通现象’研究展”继中国国家画院美术馆首展、江苏省美术馆巡展之后,12月25日,回到“南通美术现象”的大本营,带着65位南通籍画家的123幅优秀作品,来到南通博物苑,进行汇报展。 "}
{"museum": "南通博物苑", "source": "https://xw.qq.com/amphtml/20200418A08YZ000?ivk_sa=1024320u", "title": "等了一个春天,南通博物苑的紫藤花终于盛开", "image": "", "poster": "腾讯网", "time": "2020年4月18日", "content": "最美四月天,南通博物苑迎来了最美的紫藤花景。每一年的春天,博物苑里的紫藤花最是叫人惦记,好像万千繁花里,只有看过了这一片紫藤,春天才算完整。 图/@燕遇良人‍ 紫藤花的位置在濠南别业南侧,一共有两株,与濠南别业同岁,已有..."}
{"museum": "南通博物苑", "source": "https://baijiahao.baidu.com/s?id=1656596110149474268&wfr=spider&for=pc", "title": "南通博物苑除夕起闭馆", "image": "", "poster": "潇湘晨报", "time": "2020年1月24日", "content": "现代快报讯1 月 24 日，南通博物苑发布通知。根据新型冠状病毒感染的肺炎疫情防控工作需要，为避免人员聚集引发交叉感染，根据上级部门要求，南通博物苑自 2020 年 1 月 24 日（除夕）起，全苑闭馆（包括展馆、园区和张謇纪念馆），..."}
{"museum": "南通博物苑", "source": "https://baijiahao.baidu.com/s?id=1651217055033350928&wfr=spider&for=pc", "title": "南通博物苑迎来色彩斑斓最美季", "image": "https://dss0.bdstatic.com/6Ox1bjeh1BF3odCf/it/u=1578014482,774616493&fm=173&app=49&size=f242,162&n=0&g=0n&f=JPEG?s=8E1016C468CD9B5B543AACB60300800B&sec=1620384597&t=6e4623749a2cfbe53f57497f0caf6669", "poster": "中国江苏网", "time": "2019年11月26日", "content": "图为:2019年11月25日拍摄的南通濠河边南通博物苑美丽景色。2019年11月25日拍摄的南通濠河边南通博物苑美丽景色。中国第一座公共博物馆——南通博物苑坐落于获评“中国人居环境范例奖”的南通市濠河之滨,由中国早期现代化的先驱、晚清..."}
{"museum": "南通博物苑", "source": "https://www.chinanews.com/gn/2018/08-07/8591921.shtml", "title": "南通博物苑:开中国博物教育之先", "image": "", "poster": "中国新闻网", "time": "2018年8月7日", "content": "初看,南通博物苑像个花园,绿树成荫,花开得正盛。再看,南通博物苑很难用现代意义上的博物馆去诠释,它采用独特的苑囿式设计,是植物园、动物园、自然馆,又是科技馆、天文馆,似乎找不到可以概括的名称。 "}
{"museum": "南通博物苑", "source": "https://www.sohu.com/a/392352866_99926360", "title": "【新时代文明实践】濠北社区:参观南通博物苑 感受文化精髓", "image": "https://dss0.bdstatic.com/6Ox1bjeh1BF3odCf/it/u=412328752,930276960&fm=217&app=92&size=f242,162&n=0&g=0n&f=JPEG?s=CBF327D5CA76249E808C8D2203003043&sec=1620384597&t=c14de94443b4085ac5aa21f517e99fe5", "poster": "搜狐网", "time": "2020年4月30日", "content": "近日,和平桥街道濠北社区党委、工会、网格办联合社区爱心助邻队带领辖区社区民兵干部、市劳模和特殊人群参观南通市博物苑,感受南通历史文化。 南通博物苑,1905年由实业家张謇创办,为中国最早的博物馆,有中馆、南馆和北馆3座主要建筑组成..."}
{"museum": "南通博物苑", "source": "https://baijiahao.baidu.com/s?id=1664742665194307005&wfr=spider&for=pc", "title": "南通最值得骄傲的景点:不是濠河、狼山,而是一座博物馆", "image": "https://dss0.bdstatic.com/6Ox1bjeh1BF3odCf/it/u=4910503,637310400&fm=173&app=49&size=f242,162&n=0&g=0n&f=JPEG?s=5D2227D50C520BC6A829650D0300A0E2&sec=1620384597&t=7e8df08360ea270d7ee132372c755f0c", "poster": "旅行随笔", "time": "2020年4月23日", "content": "在南通市区，坐51路公交车路过南通博物馆，只是瞟了一眼，没有多想，觉得大多博物馆千篇一律，作为旅游的目的地特意去一趟有点不值得，所以就没进去。昨晚吃饭的时候，和朋友聊起南通博物馆，他说里面有一株百年紫藤，现在应该是正在..."}
{"museum": "南通博物苑", "source": "https://baijiahao.baidu.com/s?id=1663915245577358751&wfr=spider&for=pc", "title": "4月14日起,去南通博物苑参观展馆需实名制预约", "image": "https://dss2.bdstatic.com/6Ot1bjeh1BF3odCf/it/u=2841530438,2940758085&fm=173&app=49&size=f242,162&n=0&g=0n&f=JPEG?s=A02A4FB10A0B12C826B48D330300E0D3&sec=1620384597&t=dac428e682840dd0ed3ddb1cd846fd59", "poster": "凤凰网房产", "time": "2020年4月14日", "content": "根据省文旅厅要求，南通博物苑自4月14日（周二）起调整部分开放措施，公告如下：1. 各入口处对来苑人员查验“苏康码”、“易来通”等健康码，持绿码的人员方可入苑，无电子健康码的人员须凭社区发放的纸质健康通行证入苑。（识别..."}
{"museum": "南通博物苑", "source": "http://www.nantong.gov.cn/ntsrmzf/tpxw/content/026053ef-cde8-47ca-a169-169aaa5a45e2.html", "title": "南通博物苑百年紫藤盛开", "image": "https://dss2.bdstatic.com/6Ot1bjeh1BF3odCf/it/u=845099751,3687224689&fm=217&app=92&size=f242,162&n=0&g=0n&f=JPEG?s=B522FBB5422287FDD4A4A90E030070C3&sec=1620384598&t=88ba54e89abffa5dfdfb9e906c949940", "poster": "南通市人民政府", "time": "2020年4月13日", "content": "南通博物苑百年紫藤盛开 昨天,南通博物苑两株百余年树龄的紫藤盛开,吸引了众多市民前来观赏、拍照。(记者 尤炼摄)"}
{"museum": "南通博物苑", "source": "https://www.sohu.com/a/361282390_782262", "title": "...师二附】冬日暖游,读大自然的无字书——一(9)班走进南通博物苑", "image": "https://dss0.bdstatic.com/6Ox1bjeh1BF3odCf/it/u=1993954136,2883998123&fm=217&app=92&size=f242,162&n=0&g=0n&f=JPEG?s=5EB2BEE24E328BC04E8FE1B603008003&sec=1620384598&t=4d408848811100213462a0fcd10530e3", "poster": "搜狐网", "time": "2019年12月18日", "content": "12月8号,一(9)班的同学们踏入南通博物苑,与植物学家居卫东老师一起游园,认识植物,参观濠南别业张謇故居。 在孩子们的簇拥下,居老师讲解着各类植物。“这是皂角,泡在水里可以洗手。”“这个种子会飞,你看!”说完,居老师把种子往..."}
{"museum": "南通博物苑", "source": "http://news.jstv.com/a/20191105/1572953998114.shtml", "title": "“中国第一馆——南通博物苑早期复原陈列”喜获首届 “江苏省博物...", "image": "https://dss2.bdstatic.com/6Ot1bjeh1BF3odCf/it/u=4217771130,2829032460&fm=217&app=92&size=f242,162&n=0&g=0n&f=JPEG?s=D14967B1481052CC1D20EDF50300C032&sec=1620384598&t=b65aa8f0dcd7e415cd8a02abc926e22c", "poster": "荔枝网新闻", "time": "2019年11月5日", "content": "评选活动邀请了江苏省博物馆专家库成员、江苏省外知名博物馆专家、全国高校博物馆学学者代表以及江苏省博物馆学会、江苏省文物局专家代表作为评委,通过严格地初审、复审,包括南通博物苑“中国第一馆——南通博物苑早期复原陈列”在内的十个..."}
{"museum": "南通博物苑", "source": "http://news.jstv.com/a/20191017/1571888274539.shtml", "title": "通派盆景精品集中亮相南通博物苑 开山之作《蛟龙串云》令人叹为观止", "image": "https://dss0.bdstatic.com/6Ox1bjeh1BF3odCf/it/u=2310352622,1532361245&fm=217&app=92&size=f242,162&n=0&g=0n&f=JPEG?s=8DF27D935AD075E7073CE9550300D0E3&sec=1620384598&t=d86c92818723299e1acd07c32f944477", "poster": "荔枝网新闻", "time": "2019年10月17日", "content": "中国通派盆景艺术展10月17日在南通博物苑开展。120余盆精品盆景参展,其中包括拥有470余年历史的通派盆景开山之作《蛟龙串云》和刚刚在国际大赛中摘取金奖的最新佳作,吸引了大批喜爱盆景的南通市民。通派盆景是与扬派、苏派、川派、岭南..."}
{"museum": "南通博物苑", "source": "https://dy.163.com/article/EFKDE0SR0514DNA8.html", "title": "中国人创办的第一家博物馆不是南通博物苑 ?", "image": "https://dss0.bdstatic.com/6Ox1bjeh1BF3odCf/it/u=3048398208,2730256958&fm=217&app=92&size=f242,162&n=0&g=0n&f=JPEG?s=8CE1CD104BB1D3E94B784AEE03007020&sec=1620384598&t=506a0cc0413b7a6b046534229bddfcf2", "poster": "网易订阅", "time": "2019年5月20日", "content": "国家文物局原局长吕济民研究馆员对南通博物苑有这样一段文字说明:“南通博物苑是中国第一个博物馆,这是我国文化界和社会各界经多次论证决定的,并取得国际博物馆界的认同。1956年中华人民共和文化部召开第一次全国博物馆工作会议,正式提出..."}
{"museum": "南通博物苑", "source": "http://www.banyuetan.org/dfgc/detail/20180912/1000200033136151536736362463991412_1.html", "title": "一个地级市为何拥有21个博物馆 ——南通博物馆事业的百年辉煌", "image": "https://dss0.bdstatic.com/6Ox1bjeh1BF3odCf/it/u=2589853870,4220788182&fm=217&app=92&size=f242,162&n=0&g=0n&f=JPEG?s=1189BB5D4EF3FAC8481515570100E0F1&sec=1620384598&t=6d9ceb2a51ded00a2f65f4617589b236", "poster": "半月谈网", "time": "2018年9月12日", "content": "南通博物苑位于风光秀美的南通濠河之滨,由清末状元,近代著名实业家、教育家张謇于1905年创办,是中国人创办的第一座公共博物馆。1988年,南通博物苑被国务院公布为全国重点文物保护单位,现为国家首批一级博物馆、全国文明单位、国家5A级旅游..."}
{"museum": "南通博物苑", "source": "http://www.thepaper.cn/newsDetail_forward_2275433", "title": "杨志刚:上海与南通——中国早期博物馆发展史上的双城记", "image": "https://dss1.bdstatic.com/6OF1bjeh1BF3odCf/it/u=1818492781,564048294&fm=217&app=92&size=f242,162&n=0&g=0n&f=JPEG?s=0AE27A2288E992846C217CA3010080A0&sec=1620384598&t=08ea992e1879e610be9af81c52a03a26", "poster": "澎湃新闻", "time": "2018年7月21日", "content": "对于南通博物苑的地位,大概最早给它一个说法的是上个世纪30年代,一位学者叫陈端志,他写了《博物馆学通论》,他提出南通博物苑是我国博物馆史上最先的一页。差不多同一个时候,也有两位学者写了博物馆的著作,特别强调徐家汇(震旦)博物..."}
{"museum": "南通博物苑", "source": "https://baijiahao.baidu.com/s?id=1596068970272722443&wfr=spider&for=pc", "title": "南通博物苑寻春记", "image": "https://dss2.bdstatic.com/6Ot1bjeh1BF3odCf/it/u=4258714130,3668791912&fm=173&app=25&size=f242,162&n=0&g=0n&f=JPEG?s=EA8A218F40024EE40A0055F603001030&sec=1620384598&t=6468f7e19f867ebad7b436eda6fd3431", "poster": "光明网", "time": "2018年3月27日", "content": "“现在你眼中的博物馆是什么颜色的呢?”小朋友们积极的举起小手,“绿色”“粉色”一个个童趣的答案中,小朋友们细心观察着。有不少小朋友感叹,这是最漂亮的博物馆! 来源:南通博物苑 "}
{"museum": "南通博物苑", "source": "https://www.sohu.com/a/312473172_120066016", "title": "...南通博物苑、国胜社区5.18国际博物馆日暨南通市科普周宣传...", "image": "https://dss2.bdstatic.com/6Ot1bjeh1BF3odCf/it/u=4223331110,289083641&fm=217&app=92&size=f242,162&n=0&g=0n&f=JPEG?s=CED044815C428EC84AA290130300D099&sec=1620384598&t=ac4be1e287ff80e5de5bd7183821d685", "poster": "搜狐网", "time": "2019年5月7日", "content": "为更好地发挥博物馆在社会教育中“文化枢纽”的作用,丰富公众普及科学知识、增强社会生态意识的渠道,南通博物苑将于5.18国际博物馆日暨南通市科普周活动期间走进观音山新城国胜社区,开展《关注鸟类,保护自然——南通博物苑“爱鸟护鸟”..."}
{"museum": "南通博物苑", "source": "http://www.zgnt.net/content/2019-01/02/content_2598840.htm", "title": "“百灵第一声”南通博物苑2019少年民乐会举办", "image": "https://dss1.bdstatic.com/6OF1bjeh1BF3odCf/it/u=1393064564,3934753745&fm=217&app=92&size=f242,162&n=0&g=0n&f=JPEG?s=18F0228E0C719DDC18AC0BAB0300C084&sec=1620384598&t=c0799f2baacd545ba2b9d2f57dbe4585", "poster": "南通网", "time": "2019年1月2日", "content": "南通网讯(记者 顾欣)2019年元旦,“百灵第一声”南通博物苑2019少年民乐会举办。当天,民乐合奏,扬琴独奏,琴、箫合奏,葫芦丝独奏,中阮齐奏……各式民族乐器的演奏和知识介绍穿插及互动问答,为现场观众带来了一场精彩纷呈的文化大餐。 "}
{"museum": "南通博物苑", "source": "https://www.sohu.com/a/270097568_99962622", "title": "...40周年暨南通书法国画研究院建院40周年作品展亮相南通博物苑", "image": "https://dss2.bdstatic.com/6Ot1bjeh1BF3odCf/it/u=2991920595,2418763378&fm=217&app=92&size=f242,162&n=0&g=0n&f=JPG?s=9085925E4AA48C4D0C4FEFAD0200700A&sec=1620384599&t=7a5559c810478ba42df5a13d2b7c49f9", "poster": "搜狐网", "time": "2018年10月19日", "content": "由南通市文化广电新闻出版局主办,南通书法国画研究院承办的“纪念改革开放40周年暨南通书法国画研究院建院40周年作品展”于2018年10月18日在南通博物苑开幕。 开幕式现场 南通市文广新局副局长王霞主持了开幕式。南通书法国画研究院院长邵..."}
{"museum": "南通博物苑", "source": "https://baijiahao.baidu.com/s?id=1613735482945035160&wfr=spider&for=pc", "title": "中国人独立创办的第一座公共博物馆——南通博物苑", "image": "", "poster": "龙马亲子游", "time": "2018年10月8日", "content": "南通博物苑是中国人独立创办的第一座公共博物馆,位于风光秀美的南通市濠河之滨，由中国早期现代化的先驱、晚清状元张謇于1905年创办。美术部分有书画、雕刻、漆塑、织绣、缂丝、编物、文具等类。历史部分有金、玉石、陶瓷、拓本、土木..."}
{"museum": "南通博物苑", "source": "https://www.sohu.com/a/253706745_735456", "title": "线路三●去“南通博物苑”,收获秋天的秘密", "image": "https://dss1.bdstatic.com/6OF1bjeh1BF3odCf/it/u=3486139192,3823258598&fm=217&app=92&size=f242,162&n=0&g=0n&f=JPEG?s=7D525597EA7C65885E7DBDFA0300D035&sec=1620384599&t=1655bac2c977adab83ffc324b375333d", "poster": "搜狐网", "time": "2018年9月13日", "content": "这一站,我们的目的地是南通博物苑,说起南通博物苑的起源,还得追溯到110 多年前,当时还很偏远的小城南通,出现了一座别样的苑囿。 其中不仅陈列文物标本、饲养飞禽走兽,还有花坛药圃、亭台楼阁。 "}
{"museum": "南通博物苑", "source": "https://www.sohu.com/a/246819748_260204", "title": "南通博物苑着手恢复植物园创办初期风貌专家居卫东讲述苑内300多种...", "image": "https://dss1.bdstatic.com/6OF1bjeh1BF3odCf/it/u=842454765,357789785&fm=217&app=92&size=f242,162&n=0&g=0n&f=JPEG?s=21AA4EB14C507CD2580C656A0300F050&sec=1620384599&t=f4decf26cf7c30a8b45fb1465599d448", "poster": "搜狐网", "time": "2018年8月13日", "content": "早在上世纪80年代,居卫东就走上了志愿服务之路,从校外辅导员、图书馆少儿昆虫兴趣小组志愿者老师,到正式调入南通博物苑,他秉承“服务别人,提高自己”的志愿服务精神, 30多年来坚持开展各类志愿服务活动,尤其受到了广大中小学生的欢迎。今..."}
{"museum": "南通博物苑", "source": "https://baijiahao.baidu.com/s?id=1601525296859235410&wfr=spider&for=pc", "title": "南通博物苑,珍藏珍藏白釉、青釉瓷器!件件珍宝,古韵非凡!", "image": "https://dss1.bdstatic.com/6OF1bjeh1BF3odCf/it/u=2383926252,2546785126&fm=175&app=25&size=f242,162&n=0&g=0n&f=JPEG?s=39843C7A077076201D4444CE0000C0A0&sec=1620384599&t=bb01e2c732cf3f4306910b24aefbd00e", "poster": "大咖la畅游博物馆", "time": "2018年6月10日", "content": "南通博物苑藏。高8.2厘米、口径13.2厘米、底径10.7厘米。此炉造型优美,釉质洁净、白中泛红、细腻如玉。炉口沿微外撇,肩部对称堆贴两只铺首耳,腹鼓高圈足。白釉双耳炉,民国。南通博物苑藏。高7.8厘米、口径10.7厘米、底径8...."}
{"museum": "南通博物苑", "source": "https://baijiahao.baidu.com/s?id=1601666086091563875&wfr=spider&for=pc", "title": "南通博物苑,典藏西夏至清代的珍宝瓷器!件件稀有,令人赞叹!", "image": "https://dss0.bdstatic.com/6Ox1bjeh1BF3odCf/it/u=3209992699,2137095019&fm=175&app=25&size=f242,162&n=0&g=0n&f=JPEG?s=19843C7AE0E072A4FFA058E50300E060&sec=1620384599&t=a341f3b35e18168452f7d06d62c4d431", "poster": "大咖la畅游博物馆", "time": "2018年6月9日", "content": "南通博物苑藏。高30.2厘米、口径15.8厘米、底径16.6厘米。此罐短颈鼓腹,胫部渐收,低圈足。通体施微泛褐色的黑釉,罐身布满剔刻的缠枝牡丹纹。此器于雍容大度中又呈现几许豪爽与粗犷,是一件融合西夏民族特点与中原瓷文化的佳器..."}
{"museum": "南通博物苑", "source": "https://www.sohu.com/a/234750455_819453", "title": "访谈||南通博物苑,中国博物馆事业的朝圣地!", "image": "https://dss2.bdstatic.com/6Ot1bjeh1BF3odCf/it/u=2769832501,3728662589&fm=217&app=92&size=f242,162&n=0&g=0n&f=JPEG?s=D30223E15EE7D0DC1214F4ED03005050&sec=1620384599&t=7b8ed26811ec5b395b9ebd13a6ce8b96", "poster": "搜狐网", "time": "2018年6月9日", "content": "郑振铎先生在1956年全国博物馆工作会议的开幕式中发言:“中国博物馆事业的历史并不太久,第一个公共博物馆,除了帝国主义者们在沿海地区所办的几个外,要算是张謇他们办的南通博物苑了。”自此,南通博物苑的首创价值和张謇先生对于中国博物..."}
{"museum": "南通博物苑", "source": "https://baijiahao.baidu.com/s?id=1601666691848093549&wfr=spider&for=pc", "title": "南通博物苑,馆藏晚唐至清代的精美瓷器!雅韵无限,价值非凡!", "image": "https://dss1.bdstatic.com/6OF1bjeh1BF3odCf/it/u=1156730064,3928901945&fm=175&app=25&size=f242,162&n=0&g=0n&f=JPEG?s=188434724CF4569445C07C450200E0E2&sec=1620384599&t=60db690d7892909ffe1d5ea2ec984734", "poster": "大咖la畅游博物馆", "time": "2018年6月8日", "content": "南通博物苑藏。通高12.7厘米、长径22.6厘米、短径21.5厘米、底径16厘米。此果盒略呈椭圆,造型浑圆敦厚,形体较大,足径较阔,圈足滚圆。此件青花发色浓艳,蓝中泛紫,显得幽雅深翠。盒底楷书“大明万历年制”六字双行款。明万历..."}
{"museum": "南通博物苑", "source": "https://baijiahao.baidu.com/s?id=1601926729639658455&wfr=spider&for=pc", "title": "南通博物馆达56家 平均每5万市民就拥有1座博物馆", "image": "https://dss0.bdstatic.com/6Ox1bjeh1BF3odCf/it/u=2156417485,912059700&fm=173&app=25&size=f242,162&n=0&g=0n&f=JPEG?s=9A9321C672E4051F821E7C950300C098&sec=1620384599&t=fc2ff2b6d960bd56143409aa36359517", "poster": "乐居网", "time": "2018年5月31日", "content": "市委常委、宣传部长刘浩，市政府党组成员朱晋，国家文物局博物馆与社会文物司副司长金瑞国等出席活动。目前，我市拥有各类博物馆56家，平均每5万市民就拥有1座博物馆。刘浩表示，论坛的举办将进一步推动南通博物馆事业的提升和发展，强化与..."}
{"museum": "南通博物苑", "source": "https://js.qq.com/a/20180523/025209.htm", "title": "南通博物馆之乡,说说那些年我们去过的博物馆……", "image": "https://dss2.bdstatic.com/6Ot1bjeh1BF3odCf/it/u=287818636,361472345&fm=217&app=92&size=f242,162&n=0&g=0n&f=JPEG?s=32167085CC814B477732F68103003099&sec=1620384599&t=0a3cbd3665d1d8669e22f038640688a3", "poster": "腾讯网", "time": "2018年5月23日", "content": "南通还是博物馆之城…… 南通博物苑、南通珠算博物馆、南通城市博物馆、南通纺织博物馆、沈寿艺术馆、南通建筑博物馆、南通蓝印花布博物馆、南通民间艺术馆、南通风筝博物馆、中国审计博物馆、江苏江海博物馆和中华慈善博物馆。(排名不分先..."}
{"museum": "南通博物苑", "source": "https://www.ntjoy.com/news/tckx/2018/05/2018-05-181395081.html", "title": "“一馆一策” 南通环濠河博物馆群各显风采", "image": "https://dss0.bdstatic.com/6Ox1bjeh1BF3odCf/it/u=1771717175,4127077133&fm=217&app=92&size=f242,162&n=0&g=0n&f=JPEG?s=BDA24F917270583FD38380D1030040EB&sec=1620384601&t=61286e2a56d9673f1ac011796ef08c95", "poster": "江海明珠", "time": "2018年5月18日", "content": "南通作为文博之乡,有着张謇先生创办的中国第一家博物馆——南通博物苑。目前,以博物苑为首的南通环濠河博物馆群共有博物馆18家,其中国有博物馆12家,非国有博物馆6家,拥有国家一级博物馆1家,国家三级博物馆1家,包括中国珠算博物馆..."}
{"museum": "南通博物苑", "source": "https://www.sohu.com/a/135999912_103567", "title": "只听说通州博物馆里有干尸,没想到还有这些……", "image": "https://dss2.bdstatic.com/6Ot1bjeh1BF3odCf/it/u=1494957019,1844381448&fm=217&app=92&size=f242,162&n=0&g=0n&f=JPEG?s=CA882FC074BA1B8C30B015140300D0F3&sec=1620384601&t=c1ac999e36ca1c9059877c59d5067e3f", "poster": "搜狐网", "time": "2017年4月24日", "content": "通州博物馆1992年建馆,馆址位于通州区中心,新华大街南侧。该馆是一座保存完好的清代二进四合套院,典型的北京建筑风格,颇具地方特色。 馆内固定陈列为\"古代通州\",以历史唯物主义的观点,精选通州出土的珍贵文物164件进行展览,内容介绍了通..."}
{"museum": "南通博物苑", "source": "http://jsnews.jschina.com.cn/nt/a/201704/t20170401_301162.shtml", "title": "南通博物苑迎最美赏花季", "image": "https://dss1.bdstatic.com/6OF1bjeh1BF3odCf/it/u=2074712246,657261828&fm=217&app=92&size=f242,162&n=0&g=0n&f=JPEG?s=F60A67A3D26BCEEF02817D230300E0D0&sec=1620384601&t=61ec36ddcafb5e1ba8ac5004d58f8f1b", "poster": "中国江苏网", "time": "2017年4月1日", "content": "南通博物苑迎最美赏花季 中国江苏网讯 (通讯员 钱伟章)3月31日,南通博物苑春意盎然,樱花、桃花、垂丝海棠、牡丹等各类花卉争奇斗艳,美不胜收,迎来了一年中最美好的赏花佳季,吸引了众多市民游览。"}
{"museum": "南通博物苑", "source": "https://www.ntjoy.com/news/tckx/2017/01/2017-01-20541614.html", "title": "东方既白--徐卫花鸟展暨馆藏生肖文物展亮相南通博物苑", "image": "https://dss2.bdstatic.com/6Ot1bjeh1BF3odCf/it/u=100754975,2657896736&fm=217&app=92&size=f242,162&n=0&g=0n&f=JPEG?s=F7A209E35C072AC420394C900300E091&sec=1620384601&t=04a0b1dd14e15249de81a0cf622ad9db", "poster": "江海明珠", "time": "2017年1月20日", "content": "江海明珠网讯(记者 缪瑜)今天上午,由中共南通市委宣传部、南通大学和江苏省美术家协会主办,南通博物苑、南通大学艺术学院和镇江博物馆承办的“东方既白--徐卫花鸟展暨馆藏生肖文物展”在南通博物苑拉开帷幕。 鸡是十二生肖中唯一的..."}
{"museum": "南通博物苑", "source": "https://www.sohu.com/a/119905213_426335", "title": "“徐州圣旨博物馆藏圣旨精品展”在南通博物苑开展", "image": "https://dss1.bdstatic.com/6OF1bjeh1BF3odCf/it/u=278828022,3376285361&fm=217&app=92&size=f242,162&n=0&g=0n&f=JPEG?s=7E044E86C2881CEE2099E8690300D01A&sec=1620384601&t=421bcde0761ade39b6ff6b1716887d9f", "poster": "搜狐网", "time": "2016年11月25日", "content": "11月24日,作为江苏省巡回展的“看紫气东来 圣旨驾到——徐州圣旨博物馆馆藏圣旨精品展”在南通博物苑开展,在落叶缤纷、枫叶渐红的深秋为南通博物苑又增添一抹亮色。 所谓圣旨,泛指皇帝下达的命令文书,其中包括封赠官员及其亲属,赐给爵位..."}
{"museum": "南通博物苑", "source": "https://www.sohu.com/a/119102723_426335", "title": "南通博物苑新版网站正式上线 三维展示是亮点", "image": "https://dss1.bdstatic.com/6OF1bjeh1BF3odCf/it/u=2215298096,1121870317&fm=217&app=92&size=f242,162&n=0&g=0n&f=JPEG?s=A6E262B48CF10188569C6454030040F6&sec=1620384601&t=d6b67f3d5e82d167ce4bc0b272800ef7", "poster": "搜狐网", "time": "2016年11月16日", "content": "近日,南通博物苑新版网站经过一年的试运行,正式上线。新版网站呈现给公众一个全新的网上展示平台,除了PC端和移动终端网站常规内容,新版网站的最大亮点就是三维展示手法。 南通博物苑共采集了87件馆藏文物三维高精度数据,进行三维虚拟文物展..."}
{"museum": "南通博物苑", "source": "https://www.sohu.com/a/110700486_260204", "title": "大手牵小手:南通博物苑参观记 涨知识,强运动", "image": "https://dss1.bdstatic.com/6OF1bjeh1BF3odCf/it/u=3348704653,1747872814&fm=217&app=92&size=f242,162&n=0&g=0n&f=JPEG?s=BE922DC7590302CC06D0A5270300F043&sec=1620384601&t=f1e93323ee54bb43e92ccb103cf1c62a", "poster": "搜狐网", "time": "2016年8月16日", "content": "2016年8月14日,南通大学杏林学院童梦公益服务团的志愿者们带着崇川区城东街道濠东社区的小朋友们来到了南通博物苑开展了一次别具匠心的户外活动。 南通博物苑位于风景秀丽的濠河之畔,由著名爱国实业家、晚清状元张謇于1905年所创办,是中..."}
{"museum": "南通博物苑", "source": "https://www.sohu.com/a/75039131_260204", "title": "迎国际博物馆日,南通博物苑系列活动再次走进幼儿园", "image": "https://dss1.bdstatic.com/6OF1bjeh1BF3odCf/it/u=3996340132,1936515206&fm=217&app=92&size=f242,162&n=0&g=0n&f=JPEG?s=5C96D8BE401103E18034B5B403001011&sec=1620384601&t=1d132e9265a632e00511701d7dea587b", "poster": "搜狐网", "time": "2016年5月12日", "content": "南通网讯 (通讯员 徐宁 记者 顾欣)5月11日,南通博物苑的一群“专业老师”来到通师二附幼儿园南部小二班,为这里的小朋友们上了一堂精彩的生物课。为迎接2016年国际博物馆日的到来,南通博物苑组织专业人员走进幼儿园,开展丰富多彩的社..."}
{"museum": "南通博物苑", "source": "https://www.sohu.com/a/69232045_161468", "title": "南通博物苑百年紫藤竞相怒放 游人纷纷赞不绝口流连忘返", "image": "https://dss1.bdstatic.com/6OF1bjeh1BF3odCf/it/u=3633826930,2537740988&fm=217&app=92&size=f242,162&n=0&g=0n&f=PNG?s=D6A40BE6EE4448DED59195B003005021&sec=1620384601&t=accdf4dbd4a5d6b71a9ec7ccbfb14972", "poster": "搜狐网", "time": "2016年4月14日", "content": "如皋商务信息网讯 近日,南通博物苑的两株百年紫藤花竞相怒放吸引着人民的眼球。据了解,这两株树的树龄均有130岁,均高达十米,一株为白花而另一株为紫花。 远远望去,垂落的两株紫藤花,白色那株的似瀑布,紫色那株的似流苏,香气缭绕..."}
{"museum": "南通博物苑", "source": "http://www.ccdi.gov.cn/toutu/201506/t20150601_127144.html", "title": "【走进博物馆 传承中华文明】中国第一座公共博物馆南通博物苑", "image": "https://dss2.bdstatic.com/6Ot1bjeh1BF3odCf/it/u=520147421,15465869&fm=217&app=92&size=f242,162&n=0&g=0n&f=JPEG?s=DA803C624D317A906D415CC70100A0A0&sec=1620384601&t=45a31fa5f9078ba9012c13b7e7aae399", "poster": "中央纪委国家监委网站", "time": "2015年6月1日", "content": "1905年,中国近代著名爱国实业家、教育家张謇,在江苏南通濠河之滨,建立了中国第一座公共博物馆——南通博物苑。张謇认为教育事业关系着国家命运和民族存亡,而博物馆是普及知识、培养人才的教育机构,是学校教育的后盾。因此,他以“设为庠序..."}
{"museum": "南通博物苑", "source": "https://baijiahao.baidu.com/s?id=1658228075447712689&wfr=spider&for=pc", "title": "南通记忆:腊梅香满博物苑,桥影船泊夜静宁", "image": "https://dss0.bdstatic.com/6Ox1bjeh1BF3odCf/it/u=3083149237,23678634&fm=173&app=49&size=f242,162&n=0&g=0n&f=JPEG?s=BA922ECBC0633D054FBECE630300C058&sec=1620384602&t=c2e5a8f4a803aa9a313e6d88df676a79", "poster": "钟意慢生活", "time": "2020年2月13日", "content": "街上的腊梅花香时而飘来，更多的腊梅花似乎开在了濠河边的南通博物苑里。走几步就是一株腊梅，整个博物苑内都是香香的。濠河是南通的护城河，濠河边的南通博物苑是中国第一座公共博物馆。由清末状元张謇（jian）创办。张謇不但是清末..."}
{"museum": "南通博物苑", "source": "http://news.jstv.com/a/20190923/1569243135569.shtml", "title": "南通环濠河博物馆群有大动作 博物苑将打造历史区和中国博物馆朝圣地", "image": "https://dss2.bdstatic.com/6Ot1bjeh1BF3odCf/it/u=3276412624,609245292&fm=217&app=92&size=f242,162&n=0&g=0n&f=JPEG?s=89E4608452FF8DC650C5E9810300808A&sec=1620384602&t=28796169f6a2f312f15694ad5f809d56", "poster": "荔枝网新闻", "time": "2019年9月23日", "content": "认真贯彻落实国务院办公厅和省政府办公厅关于推动文化文物单位文化创意产品开发工作的通知精神,在做好省级试点南通博物苑相关工作的基础上,由市文广旅局组织实施市级试点工作,原则上环濠河国有博物馆只要自愿申请均可列入第一批试点。鼓励试点..."}
{"museum": "南通博物苑", "source": "https://baijiahao.baidu.com/s?id=1620085692480823639&wfr=spider&for=pc", "title": "南通的这个地方,南通城市博物馆你去过吗", "image": "https://dss1.bdstatic.com/6OF1bjeh1BF3odCf/it/u=4232549988,807652708&fm=175&app=25&size=f242,162&n=0&g=0n&f=JPEG?s=E1311FD0D62474AEF9897841030070F0&sec=1620384602&t=3f7ac24560031c5370a3d890bd84334b", "poster": "小索的旅游", "time": "2018年12月17日", "content": "南通城市博物馆与著名的南通博物苑隔河相望。博物馆分为东、西两馆,东馆为两幢近代历史建筑改建整修而成。 西馆有中国近代第一城展览馆、南通规划馆、精品人居馆等。 东馆开设了个人收藏馆、中国近代第一城全盛缩微馆和南通名人雕塑..."}
{"museum": "南通博物苑", "source": "http://js.ifeng.com/nt/culture/detail_2014_09/19/2932251_0.shtml", "title": "南通博物苑江海鲸类生物资源专题陈列展出", "image": "https://dss0.bdstatic.com/6Ox1bjeh1BF3odCf/it/u=349433696,2718273641&fm=217&app=92&size=f242,162&n=0&g=0n&f=JPEG?s=72101EC5765353C65A93C5770300405B&sec=1620384602&t=0afaad640ea0c79ed2b7861e033c282c", "poster": "凤凰江苏", "time": "2014年9月19日", "content": "经过对原恐龙馆的改造,明天起,南通博物苑《巨鲸天韵——江海鲸类生物资源专题陈列》将面向市民进行预展,带领大家走进鲸的世界,发现与鲸类同生息共命运的江海自然生态和多样生物物种。 七种苑藏鲸类标本集中展出 ..."}
{"museum": "南通博物苑", "source": "http://www.nantong.gov.cn/ntsrmzf/zhengcwj/content/1b5ee2a4-17b4-4395-8e3b-17ce850fc344.html", "title": "关于南通博物苑停车场经营收费标准的通知", "image": "", "poster": "南通市人民政府", "time": "2012年1月26日", "content": "你单位《关于制定(调整)停车场价格的建议》收悉。 根据《江苏省定价目录》和《南通市市区机动车停放服务收费管理办法》(通价规[2011]1号)有关规定,同意南通博物苑停车场按二类区域地面停车场收费标准收费,具体收费标准为: ..."}
{"museum": "南通博物苑", "source": "http://www.chinanews.com/news/2005/2005-09-26/8/631155.shtml", "title": "中国博物馆百年缩影:建于1905年的南通博物苑", "image": "", "poster": "中国新闻网", "time": "2005年9月26日", "content": "1905年,在设立国家博物馆的倡议迟迟不得回应的情况下,在东南濠河之滨荒冢之地,张謇以个人财力兴建了南通博物苑。陈列馆主体建筑为南馆、中馆和北馆,展示历史、美术、天物3个部分,中轴线外错落有致地分布着办公接待用的如东馆、藤东..."}
{"museum": "南通博物苑", "source": "https://www.sohu.com/a/285369617_260204", "title": "南通博物苑藏 “三钱”作品展昨开幕", "image": "", "poster": "搜狐网", "time": "2018年12月29日", "content": "昨日,钱氏丹青妙可师 ——南通博物苑藏“三钱”作品展在博物苑新展馆二楼临展厅开幕。“三钱”是指清代乾隆至道光年间,南通三位闻名乡里的钱姓画家,他们是钱球、钱莹和钱恕,三者的关系为钱球、钱莹是兄弟,钱恕乃钱球之子。他们均..."}
{"museum": "南通博物苑", "source": "https://www.gmw.cn/01gmrb/2005-09/25/content_309619.htm", "title": "南通博物苑新馆落成", "image": "", "poster": "光明网", "time": "2005年9月25日", "content": "据新华社南京9月24日电中国第一个具有完整现代意义的公共博物馆――南通博物苑诞生百年之际,由两院院士、清华大学教授吴良镛设计的新展馆于24日落成开馆。 中共中央政治局常委李长春向“南通博物苑100年暨中国博物馆事业发展百年纪念大会”..."}
{"museum": "南通博物苑", "source": "https://baijiahao.baidu.com/s?id=1604220953903763003&wfr=spider&for=pc", "title": "江苏南通:中国首所公共博物馆——南通博物苑", "image": "https://dss1.bdstatic.com/6OF1bjeh1BF3odCf/it/u=2105090919,1623721933&fm=173&app=25&size=f242,162&n=0&g=0n&f=JPEG?s=D9AE0FD09AA1768E38300CC0030080B3&sec=1620384602&t=70eb21f8c232afd309c8585848c86832", "poster": "环球网旅游", "time": "2018年6月25日", "content": "南通博物苑坐落于风光秀美的江苏省南通市濠河之滨，由中国早期现代化的先驱、晚清状元张謇于1905年创办，是中国人创办的首所公共博物馆。1988年，南通博物苑被国务院公布为“国家重点文物保护单位”。2005年，中国博物馆事业发展百年庆典..."}
{"museum": "南通博物苑", "source": "https://www.sohu.com/a/140282985_498142", "title": "南通博物苑:百余年的坚持", "image": "https://dss0.bdstatic.com/6Ox1bjeh1BF3odCf/it/u=115481558,3867474586&fm=217&app=92&size=f242,162&n=0&g=0n&f=JPEG?s=D0B355DF5226B6FC1EB5D5070300E0C0&sec=1620384602&t=df45951714c7dfd50a56600db9215123", "poster": "搜狐网", "time": "2017年5月13日", "content": "南通博物苑是中国最早的一所公共博物馆,由著名爱国实业家、晚清状元张謇于1905 年所创办。其创办宗旨,即为“设为庠序学校以教,多识鸟兽草木之名”。一百多年来,贴近和服务广大未成年人,始终是南通博物苑的坚持。 "}
{"museum": "南通博物苑", "source": "https://www.sohu.com/a/363111909_161795", "title": "“20世纪‘中国美术南通现象’研究展”南通博物苑启幕", "image": "https://dss1.bdstatic.com/6OF1bjeh1BF3odCf/it/u=1728328159,1170481798&fm=217&app=92&size=f242,162&n=0&g=0n&f=JPEG?s=3E004D8166E80D097A1124D103001091&sec=1620384603&t=90c89e4e0785aadbe5e4fcc6d6a2ac22", "poster": "搜狐网", "time": "2019年12月27日", "content": "12月25日,“20世纪‘中国美术南通现象’研究展”继中国国家画院美术馆首展、江苏省美术馆巡展之后,班师发源地南通,回归南通美术现象的大本营,带着来自65位南通籍画家的123幅优秀作品,来到中国第一家公共博物馆——南通博物苑,向家乡人民..."}
{"museum": "南通博物苑", "source": "https://baijiahao.baidu.com/s?id=1653971639150916462&wfr=spider&for=pc", "title": "《20世纪“中国美术南通现象”研究展》在南通博物苑开幕", "image": "https://dss0.bdstatic.com/6Ox1bjeh1BF3odCf/it/u=2249332093,2549020805&fm=173&app=49&size=f242,162&n=0&g=0n&f=JPEG?s=1E324F852EDE2FC82C316491030080D3&sec=1620384603&t=03c5e5a1492669ca8162ae263d4989a1", "poster": "中国日报网", "time": "2019年12月26日", "content": "南通博物苑、南通市美术家协会、南通市文化艺术创作研究中心、南通市个簃艺术馆承办的国家艺术基金2019年度传播交流推广项目《20世纪“中国美术南通现象”研究展》继中国国家画院美术馆首展、江苏省美术馆巡展之后,再次移师发源地南通,回归..."}
{"museum": "南通博物苑", "source": "https://new.qq.com/omn/20210414/20210414V0D7B700.html", "title": "美不胜收!南通博物苑2株百年紫藤进入盛开期,引众多市民观赏拍照", "image": "", "poster": "腾讯网", "time": "4月14日", "content": "美不胜收!南通博物苑2株百年紫藤进入盛开期,引众多市民观赏拍照2021 04/14 20:20 星视频企鹅号 分享 评论 0腾讯视频 v.qq.com  免责声明:本文来自腾讯新闻客户端自媒体,不代表腾讯网的观点和立场。"}
{"museum": "南通博物苑", "source": "https://baijiahao.baidu.com/s?id=1697446222279873497&wfr=spider&for=pc", "title": "游览南通,张謇的影子无处不在", "image": "https://dss1.baidu.com/6ONXsjip0QIZ8tyhnq/it/u=1790103852,140508172&fm=30&app=106&size=f242,162&n=0&g=0n&f=JPEG?s=DB9CB7E202E3FBEB52BD532E03006055&sec=1620384603&t=ddfa4dacd70ab873b3ae81d65141012a", "poster": "蓬莱海市", "time": "4月20日", "content": "南通博物苑,位于南通市崇川区濠南路19号,由张謇创建于1905年,是中国人独立创建的第一座私人博物馆,包括修建于不同时期的南馆、中馆、北馆、东馆、新展馆和南通范氏诗文世家陈列馆;馆藏文物丰富,数量超过5万件,内中不乏国宝级珍品..."}
{"museum": "南通博物苑", "source": "https://www.163.com/dy/article/G81O7M7605345ASA.html", "title": "南通“张謇文旅游”引来上海“万人团”", "image": "https://dss1.bdstatic.com/6OF1bjeh1BF3odCf/it/u=1300316800,1617494110&fm=217&app=2&size=f242,162&n=0&g=0n&f=JPEG?s=B3E146A6E4999A675C927DBB0300D00A&sec=1620384603&t=1f2cc62a419387736457bf01fced4c8a", "poster": "网易", "time": "4月20日", "content": "去年11月12日,习近平总书记视察南通时,称赞张謇是民族企业家的楷模,指出要把南通博物苑和张謇故居作为爱国主义教育基地,让广大民营企业家和青少年受到教育,增强社会责任感,坚定“四个自信”。今年,为贯彻习近平总书记视察江苏重要指示和..."}
{"museum": "南通博物苑", "source": "https://www.163.com/dy/article/G7VSI0UD0514TTJI.html", "title": "2021“发现江苏”带领外籍友人走进中国近代第一城南通", "image": "https://dss1.bdstatic.com/6OF1bjeh1BF3odCf/it/u=3651040021,3370363840&fm=217&app=2&size=f242,162&n=0&g=0n&f=JPEG?s=3C88AF5F64048D0523A8B07703003062&sec=1620384603&t=b3fa283c5def53b92924fdc100dbfd44", "poster": "网易", "time": "4月19日", "content": "交汇点讯 4月17-18日,由江苏省人民政府新闻办公室、江苏省人民政府外事办公室主办的2021“发现江苏·走进中国近代第一城南通”活动在南通博物苑举行。本次活动以“弘扬张謇企业家精神,助力南通高质量发展”为主题,邀请有关国家驻上海总..."}
{"museum": "南通博物苑", "source": "http://www.thepaper.cn/newsDetail_forward_11856928", "title": "全国民营经济人士理想信念教育基地(南通)揭牌 首批141名民企少帅...", "image": "https://dss1.bdstatic.com/6OF1bjeh1BF3odCf/it/u=3576921757,1804400663&fm=217&app=2&size=f242,162&n=0&g=0n&f=JPEG?s=9E9014CFC2200F0FAC15ACDB03005016&sec=1620384603&t=2f2eaee6e2c2a163da9412e5b95318a2", "poster": "澎湃新闻", "time": "3月24日", "content": "今天(3月24日)上午,全国工商联在张謇企业家学院现场教学点——江苏南通博物苑和张謇故居举行全国民营经济人士理想信念教育基地(南通)揭牌仪式。中央统战部副部长、全国工商联党组书记、常务副主席徐乐江和江苏省委常委、省委统战部部长杨岳共..."}
{"museum": "南通博物苑", "source": "https://www.163.com/dy/article/G83PPKPG0528I9E3.html", "title": "紫藤花又开～91.8开启有趣有意广角镜头,向全世界展示你的美好!", "image": "https://dss1.bdstatic.com/6OF1bjeh1BF3odCf/it/u=4236205356,2636145668&fm=217&app=2&size=f242,162&n=0&g=0n&f=JPEG?s=FB916D8156E3D8E04434B109030080C0&sec=1620384603&t=46ab91e98fddd0d0398e0a5e2c8a08ca", "poster": "网易", "time": "4月21日", "content": "为江苏省入选全国100项2020年度“弘扬优秀传统文化、培育社会主义核心价值观”主题展览推介项目颁发证书,启动并发布“2021年度江苏省馆藏文物巡回展”项目,发布江苏省博物馆馆校合作示范项目、博物馆研学示范项目,以及南通博物馆“全国爱国..."}
{"museum": "南通博物苑", "source": "https://new.qq.com/omn/20210503/20210503A086YV00.html", "title": "南通纺织博物馆:大生纱厂早期股票 见证张謇实业救国之路", "image": "", "poster": "腾讯网", "time": "3天前", "content": "南通纺织博物馆是我国第一座纺织专业博物馆,1985年10月正式开放,被誉为集历史、科技、园林为一体的纺织大观园。为满足环濠河博物馆群整体提升工程的需要,南通纺织博物馆暂停了部分展馆的对外开放,实施老……"}
{"museum": "南通博物苑", "source": "https://www.sohu.com/a/453028665_120066476", "title": "2小时,20万! “云闹”元宵牛轰轰", "image": "https://dss1.bdstatic.com/6OF1bjeh1BF3odCf/it/u=3739064191,1820625309&fm=217&app=92&size=f242,162&n=0&g=0n&f=JPEG?s=468268A8400604E6483836B903005002&sec=1620384603&t=679aa88b23e093a4c9c7a80125b8cfa3", "poster": "搜狐网", "time": "2月27日", "content": "▲啬园景区:南通糖画非遗传承人展示糖画制作技艺 ▲南通博物苑:猜灯谜、看展览 ▲尤无曲光朗堂:猜灯谜、赏画展 ▲市图书馆:礼上元节 ▲滨江国际街区·滨江规划馆:听江、看山、猜灯谜 ▲22路公交车:车厢猜谜闹元宵 ..."}
{"museum": "南通博物苑", "source": "https://www.sohu.com/a/441666343_508620", "title": "2020年,牢记习近平总书记的嘱托!| 年终聚焦", "image": "https://dss2.bdstatic.com/6Ot1bjeh1BF3odCf/it/u=4244468644,4144521221&fm=217&app=92&size=f242,162&n=0&g=0n&f=JPEG?s=7146F01F5DCFD0C80CC5B14F03009031&sec=1620384604&t=1310bdcfc8a27ebe3d872321533f1021", "poster": "搜狐网", "time": "2020年12月30日", "content": "习近平来到江苏南通博物苑调研 11.29 习近平给人民教育出版社老同志回信 12.03 习近平向清华大学经济管理学院顾问委员会2020年会议致辞祝贺委员会成立20周年 12.10 习近平致信祝贺首届全国职业技能大赛举办 ..."}
{"museum": "南通博物苑", "source": "http://www.xinhuanet.com/politics/2018-10/26/c_1123615101.htm", "title": "张謇和他留下深深烙印的城市", "image": "https://dss2.bdstatic.com/6Ot1bjeh1BF3odCf/it/u=4013009154,2987112042&fm=217&app=92&size=f242,162&n=0&g=0n&f=JPEG?s=A1086BF84A414ADC54303E50030000F1&sec=1620384604&t=c8559fef5b9d0bca4763c6a100dfd44c", "poster": "新华网客户端", "time": "2018年10月26日", "content": "早在一个多世纪前,张謇就在南通濠河之畔创办南通博物苑,陈列自然、历史、美术、教育四部分文物和标本,开创了中国近代具有真正意义的博物馆。 为奚牧凉解说的是南通实验小学三年级学生顾书玚,南通博物苑每年培养的80名小小讲解员之一。尽管..."}
{"museum": "南通博物苑", "source": "https://new.qq.com/omn/20210430/20210430A014XR00.html", "title": "早就定了!这个五一你是走马观花还是深度体验", "image": "https://dss1.bdstatic.com/6OF1bjeh1BF3odCf/it/u=1040538247,3083832431&fm=217&app=2&size=f242,162&n=0&g=0n&f=JPEG?s=52B83BC51A4362D40DB445B303008002&sec=1620384604&t=4387704452275a3ef66b30e688170bde", "poster": "腾讯网", "time": "6天前", "content": "狼山风景区-啬园-唐闸古镇-南通博物苑-濠河风景区-洲际绿博园 连云港 游海州古城 这里是新亚欧大陆桥的东方桥头堡,这里是《镜花缘》《西游记》发源地,这里是历史悠久的海州古城,这里是山海相依、港城相连的度假胜地,这里是江苏连云港。 "}
{"museum": "南通博物苑", "source": "http://news.sohu.com/20150525/n413702363.shtml", "title": "1801家价格信得过景区名单公布 北京31家上榜", "image": "", "poster": "搜狐网", "time": "2015年5月25日", "content": "全国旅游价格信得过景区景区名称等级北京市 通州区大运河森林公园4A北京韩美林艺术馆4A小汤山现代农业科技示范园4A朝阳公园4A中华民族园4A紫檀博物馆"}
{"museum": "南通博物苑", "source": "http://js.ifeng.com/city/nt/news/detail_2014_07/09/2563997_0.shtml", "title": "央视纪录片《张謇》再现张謇兴实业办教育", "image": "https://dss2.bdstatic.com/6Ot1bjeh1BF3odCf/it/u=2094780271,31697253&fm=217&app=92&size=f242,162&n=0&g=0n&f=JPEG?s=BD1EC55F46829CAC74257D270100A0E1&sec=1620384604&t=b4416cd7f5f26a5a6faf75f8b90050f9", "poster": "凤凰江苏", "time": "2014年7月9日", "content": "九旬高龄的张謇嫡孙女张柔武,在来访南通博物苑时,恰巧碰到了摄制组。得知《张謇》一片在此拍摄,老人充满感情地回忆了在南通博物苑的幼时生活以及爷爷张謇对自己的影响,为纪录片拍摄提供了更多现实依据。"}
