{"museum": "常州博物馆", "source": "https://baijiahao.baidu.com/s?id=1698349560122384109&wfr=spider&for=pc", "title": "文化广电和旅游局:常州两个项目入选“2021年度江苏省博物馆教育...", "image": "https://dss0.baidu.com/6ONWsjip0QIZ8tyhnq/it/u=1509373058,141289434&fm=30&app=106&size=f242,162&n=0&g=0n&f=JPEG?s=BA13E14C0581AD490D57218B0300F09A&sec=1620384594&t=673e6bcba6253589e5dc24f93f3ac869", "poster": "西部文明播报", "time": "7天前", "content": "常州市文化广电和旅游局4月25日获悉,江苏省文物局发布《关于公布2021年度江苏省博物馆教育优秀案例示范项目的通知》文件,常州博物馆的“悦纳龙城 博悟万物――常州博物馆劳动实践课程”馆校合作项目、“跟着文物游常州”研学游项目在全省55..."}
{"museum": "常州博物馆", "source": "https://www.163.com/dy/article/G8QSFIT70521ISHJ.html", "title": "探馆| 5月1日面向公众开放!提前走进郑州博物馆新馆一探究竟", "image": "https://dss0.bdstatic.com/6Ox1bjeh1BF3odCf/it/u=1478231384,3265075806&fm=217&app=2&size=f242,162&n=0&g=0n&f=JPEG?s=BDB15795F8537EC67895C9E30300D0B3&sec=1620384594&t=fb76c0be08714c71e333116c5d8a769f", "poster": "网易", "time": "6天前", "content": "广州博物馆:与城市史结合讲述百年党史,水陆空联动打造红色学堂 来常州博物馆,看唐山皮影演绎的“光影之舞” 游戏内的数字博物馆:以美食为核心,对话文物的过往与现状 中国钓鱼岛数字博物馆英日文版上线运行 ..."}
{"museum": "常州博物馆", "source": "https://www.163.com/dy/article/G8IR3MFD0534HFB2.html", "title": "丹阳南朝石兽 PK 常州博物馆南朝现代石兽", "image": "https://dss0.bdstatic.com/6Ox1bjeh1BF3odCf/it/u=768687052,3173621886&fm=217&app=2&size=f242,162&n=0&g=0n&f=JPEG?s=F7F61EC0BE9B4FCC70018C740300C073&sec=1620384594&t=db84b197a0bdd3b90fd7a96d8fc2a07c", "poster": "网易", "time": "9天前", "content": "丹阳南朝石兽 PK 常州博物馆南朝现代石兽! 展现南朝千年石刻艺术与现代文明的碰撞! 丹阳南朝帝王陵墓前的巨大石兽,夹肖梁河而对。 石兽都有超过四米高,多破损严重。石兽的脚因为无法长时期承担沉重的身躯,是最容易毁坏的地方。 "}
{"museum": "常州博物馆", "source": "https://xw.qq.com/cmsid/20210501A03NCS00", "title": "视频|“五一”来常州博物馆看《光影之舞——唐山皮影展》", "image": "https://dss2.bdstatic.com/6Ot1bjeh1BF3odCf/it/u=95597755,3165905907&fm=217&app=2&size=f242,162&n=0&g=0n&f=JPEG?s=B80D3E76599166D019476E6D0300706E&sec=1620384594&t=2125336a0be33b88b17339ebe5a245ea", "poster": "腾讯网", "time": "5天前", "content": "“光影之舞——唐山皮影展”五一期间在常州博物馆一楼特展厅开展,此次展览由常州博物馆、唐山博物馆举办,展期至6月15日。 皮影戏是一种傀儡戏,全国各地都有皮影,而唐山皮影是其中影响较大的一支。唐山皮影也称“乐亭影”、“滦州影”..."}
{"museum": "常州博物馆", "source": "https://baijiahao.baidu.com/s?id=1695805686585491897&wfr=spider&for=pc", "title": "浮世绘艺术派亮相常州博物馆", "image": "https://dss1.baidu.com/6ONXsjip0QIZ8tyhnq/it/u=2230344758,138920305&fm=30&app=106&size=f242,162&n=0&g=0n&f=JPEG?s=1681D20554136FC244A811DD0300D0B0&sec=1620384594&t=e138d07545d3909a8cd22b152a051168", "poster": "中国江苏网", "time": "4月1日", "content": "3月27日，“江户の风景——日本浮世绘特展”第一期——“葛饰北斋与《富岳三十六景》”将在常州博物馆亮相，不知大家有没有把它列入自己的常博打卡清单呢？展览开启的同时，新颖独特、寓教于乐的“浮世绘艺术派”教育活动将同步..."}
{"museum": "常州博物馆", "source": "https://www.sohu.com/a/458607923_120057439", "title": "资讯|武进博物馆2021年清明节开放公告", "image": "https://dss2.bdstatic.com/6Ot1bjeh1BF3odCf/it/u=1523331112,2966962990&fm=217&app=2&size=f242,162&n=0&g=0n&f=PNG?s=ECB0EE5A42A3CF5D08113617020050D4&sec=1620384594&t=5a1253c2fe1e642321b6fd7f1d4909ef", "poster": "搜狐网", "time": "4月2日", "content": "清武进博物馆建筑面积8728平方米,为二层仿汉代建筑,外形古朴典雅、雄伟庄重。 两大常设展厅: “史河流韵”和“春秋淹城”。 2 天地蕴灵 比德君子 南阳地区出土古玉精品展 展览时间: 2021年1月30日-2021年4月20日 ..."}
{"museum": "常州博物馆", "source": "https://dy.163.com/article/G6G46E3I0521ISHJ.html", "title": "面向学龄前儿童,常州博物馆开展“进化的一生”课程活动", "image": "https://dss2.bdstatic.com/6Ot1bjeh1BF3odCf/it/u=3510671038,2681448126&fm=217&app=92&size=f242,162&n=0&g=0n&f=JPEG?s=30002AF55C131AD2408134340300704E&sec=1620384594&t=735e93296e685139dccbf128c4c4ff06", "poster": "网易订阅", "time": "4月1日", "content": "春暖花开,万物生长。经过长期酝酿、精心策划,常州博物馆专门面向学龄前儿童开设的“自然探索屋”系列课程终于开课啦!3月20日、21日,10余名活泼可爱、好奇心满满的小朋友走进博物馆,组团探索蝴蝶的秘密。 "}
{"museum": "常州博物馆", "source": "https://www.sohu.com/a/457175741_120057439", "title": "资讯|健康生活、快乐工作——第七届武进博物馆趣味运动会", "image": "https://dss0.bdstatic.com/6Ox1bjeh1BF3odCf/it/u=857409919,3886584093&fm=217&app=2&size=f242,162&n=0&g=0n&f=JPEG?s=BA932EC70AB0A2CC5A85F4260300F055&sec=1620384594&t=f7f043e3cecb04e4d8bf4a89ca8a348a", "poster": "搜狐网", "time": "3月24日", "content": "为丰富职工业余生活,增强体质,增进内部凝聚力,我馆组织全体职工赴茅山宝盛园博物馆学习交流,并开展第七届武进博物馆趣味运动会。 上午,全体职工参观了宝盛园艺术博物馆、茶艺赏石博物馆,欣赏了馆内的木雕根雕作品、中西方绘画及各类奇石、..."}
{"museum": "常州博物馆", "source": "https://baijiahao.baidu.com/s?id=1694920165635991892&wfr=spider&for=pc", "title": "常州博物馆新展开幕,不出国门,一览浮世绘巅峰之作", "image": "", "poster": "Annie望世界", "time": "3月22日", "content": "临展厅就是临时展厅，它的流动性相对比较大，临展时间也由几个月到大半年不等，一般在临展厅展出的文物或是外地博物馆的换展展品，或是私人收藏家愿意公开展出的展品。常州博物馆是国家一级博物馆，馆中主要是展出常州本地的文物精品..."}
{"museum": "常州博物馆", "source": "https://xw.qq.com/partner/sxs/20210314A04FR1/20210314A04FR100?ADTAG=sxs&pgv_ref=sxs", "title": "来常州博物馆看浮世绘特展,领略日式风景画巅峰之作", "image": "https://dss0.bdstatic.com/6Ox1bjeh1BF3odCf/it/u=2615945047,211260791&fm=217&app=92&size=f242,162&n=0&g=0n&f=JPEG?s=A5B55B94D44270E7D81D59D30300D0B0&sec=1620384594&t=51af9f51b4e2da9382e1d28ec42a6333", "poster": "腾讯网", "time": "3月14日", "content": "现代快报讯 (通讯员 蒋天颖 记者 张敏)3月27日,“江户の风景——日本浮世绘特展”将在常州博物馆一楼临展厅开幕。现代快报记者了解到,此次展览分为上下两期,将分别展出浮世绘大师葛饰北斋、歌川广重两套完整的风景题材的浮世绘版画..."}
{"museum": "常州博物馆", "source": "https://baijiahao.baidu.com/s?id=1694080909388822946&wfr=spider&for=pc", "title": "江户の风景——日本浮世绘特展27日在常州博物馆开幕", "image": "", "poster": "中吴网", "time": "3月13日", "content": "中吴网讯 “江户の风景——日本浮世绘特展”于2021年3月27日在常州博物馆一楼特展厅开幕。此次展览分为上下两期，分别展出两位浮世绘大师的两套完整的风景题材浮世绘版画。3月27日至5月5日为第一期，展出葛饰北斋《富岳三十六景》..."}
{"museum": "常州博物馆", "source": "https://www.sohu.com/a/456129434_120057439", "title": "恢复与重塑——第一届常州市武进区博物馆文创设计大赛参赛指南", "image": "https://dss1.bdstatic.com/6OF1bjeh1BF3odCf/it/u=840402791,3360723841&fm=217&app=92&size=f242,162&n=0&g=0n&f=PNG?s=BCB07E960A03755792389709020070D5&sec=1620384595&t=fd85d6ff1334bfb3dde0a041f95b37c3", "poster": "搜狐网", "time": "3月17日", "content": "近几年来,常州市武进区博物馆在社会教育、陈列展览、公众服务等各方面积极创新,不断发展。为了更好地传承和弘扬中华优秀传统文化,开发适应当代公众需求的博物馆文创产品,常州市武进区博物馆于2021年3月17日启动第一届常州市武进区博物馆..."}
{"museum": "常州博物馆", "source": "https://baijiahao.baidu.com/s?id=1693631283245754508&wfr=spider&for=pc", "title": "常州博物馆泥塑体验让小作者捏出幸福“表情包”", "image": "", "poster": "中国江苏网", "time": "3月8日", "content": "为了充分发挥博物馆在学生美育方面的积极作用，激发少年儿童对美学门类的兴趣，进一步推动美学教育的蓬勃发展，提升孩子们的审美素养、丰富想象力、培养创新意识，常州博物馆大展“东方微笑——麦积山石窟艺术展”期间，开展了面向小学生的“..."}
{"museum": "常州博物馆", "source": "https://baijiahao.baidu.com/s?id=1692113943266141328&wfr=spider&for=pc", "title": "常州博物馆:朱漆戗金莲瓣式人物花卉纹奁", "image": "", "poster": "人民资讯", "time": "2月19日", "content": "为推动馆藏文物“活起来”，为广大群众就地过年提供丰富的精神文化产品，《博物馆说》网络短视频推广活动正式开展。该活动由中央宣传部文艺局、文化和旅游部艺术司、国家文物局博物馆与社会文物司主办，“学习强国”学习平台、中央广播电视..."}
{"museum": "常州博物馆", "source": "https://www.sohu.com/a/438996988_120051969", "title": "武进博物馆文物库房获省“金牌库房”称号", "image": "https://dss2.bdstatic.com/6Ot1bjeh1BF3odCf/it/u=1880174394,2271951029&fm=217&app=92&size=f242,162&n=0&g=0n&f=JPEG?s=8F3644826C630E846490193103001080&sec=1620384595&t=a54e6ebb4f6fb2b586da28f3f24999fe", "poster": "搜狐网", "time": "2020年12月18日", "content": "日前,江苏省博物馆学会2020年度会员代表大会召开,第二届江苏省博物馆“金牌库房”和“十佳保管员”出炉。 武进博物馆文物库房荣膺 “金牌库房” “江苏省博物馆金牌库房和十佳保管员”评选是由省博物馆学会主办、保管专委会承办的一项行业..."}
{"museum": "常州博物馆", "source": "https://www.sohu.com/a/432650042_120057439", "title": "资讯|武进区委副书记、代区长陈志良调研武进博物馆", "image": "https://dss1.bdstatic.com/6OF1bjeh1BF3odCf/it/u=2712780056,4130525570&fm=217&app=92&size=f242,162&n=0&g=0n&f=PNG?s=E4B066787867160FAA900E52020090F6&sec=1620384595&t=368d30a9d56f213278326527e255906f", "poster": "搜狐网", "time": "2020年11月18日", "content": "11月14日下午,武进区委副书记、代区长陈志良一行调研武进博物馆。 陈志良区长一行参观了“史河流韵”“春秋淹城”基本陈列及新近举办的交流临展。施建刚馆长详细介绍了博物馆基本运营情况,汇报了博物馆围绕“国家等级馆”的创建目标,完善内..."}
{"museum": "常州博物馆", "source": "https://baijiahao.baidu.com/s?id=1687991779165341839&wfr=spider&for=pc", "title": "江苏常州:走进博物馆,打开劳动课“新样态”", "image": "https://dss1.baidu.com/6ONXsjip0QIZ8tyhnq/it/u=3790054783,2931789393&fm=173&app=49&size=f242,162&n=0&g=0n&f=JPEG?s=16BA76854E63449A941878F60300E034&sec=1620384595&t=a5d16de68296c7bc0ba263f37c2c466a", "poster": "7区人家", "time": "1月5日", "content": "对比之下，常州市新北区三井实验小学的劳动教育资源有点特殊，因为距离常州博物馆步行路程仅五分钟，这两年，学校和博物馆来了一次深度合作，把劳动教育搞出了“新花样”。博物馆工作人员指导学生敲取三叶虫化石 “这是我仿制的三叶虫化石..."}
{"museum": "常州博物馆", "source": "https://baijiahao.baidu.com/s?id=1679712385788985925&wfr=spider&for=pc", "title": "常州博物馆旅游攻略", "image": "https://dss1.bdstatic.com/6OF1bjeh1BF3odCf/it/u=208568517,1832917043&fm=173&app=49&size=f242,162&n=0&g=0n&f=JPEG?s=FDB00F9802626F0F18B9B0E50300A0E1&sec=1620384595&t=eb06e58124c1a99e479d58e341acc090", "poster": "设计师树冠下", "time": "2020年10月5日", "content": "漫长的假期,需要精心选择自己的旅游景点,常州博物馆是一个非常不错的去处,免费又好玩,是很多人对他的评价,今天我们就来说一说常州博物馆的旅游攻略。首先说一说交通有很多的公交路线,可以到达常州博物馆,如果你在机场,你可以乘坐32路..."}
{"museum": "常州博物馆", "source": "http://www.thepaper.cn/newsDetail_forward_9213237", "title": "“东方微笑”麦积山石窟艺术展在常州博物馆开展", "image": "https://dss1.bdstatic.com/6OF1bjeh1BF3odCf/it/u=1657926214,810066170&fm=217&app=92&size=f242,162&n=0&g=0n&f=JPEG?s=3E1119CFD70B3F4D1B199CB90300F011&sec=1620384595&t=805b91d42e7b1636d319c7794fa32179", "poster": "澎湃新闻", "time": "2020年9月17日", "content": "9月15日上午,江苏省常州市第七届“文化100”大型惠民行动启动仪式暨“东方微笑”麦积山石窟艺术展开幕式在常州博物馆举行。甘肃省文物局副局长白坚,江苏省文化和旅游厅副厅长、省文物局局长吴晓林参加活动并为展览揭幕。 "}
{"museum": "常州博物馆", "source": "http://news.jstv.com/a/20201001/5d08be8f7d9040e081d22c22c94ee054.shtml", "title": "“东方蒙娜丽莎”的微笑你见过吗? 麦积山石窟亮相常州博物馆", "image": "https://dss1.bdstatic.com/6OF1bjeh1BF3odCf/it/u=3905625939,4136880861&fm=217&app=92&size=f242,162&n=0&g=0n&f=PNG?s=B27D56864C5247DC2833777F0300505A&sec=1620384595&t=e09f5f3cd452a098c1d1f8105b303bf3", "poster": "荔枝网新闻", "time": "2020年10月1日", "content": "微笑不仅拉近人与人之间的距离,也拉近人与千年佛像之间的距离。日前,“东方微笑——麦积山石窟艺术展”在江苏省常州博物馆展出。展览由常州博物馆和麦积山石窟艺术研究所共同举办,是国内首个麦积山石窟艺术最全面的异地展览,并已入选国家..."}
{"museum": "常州博物馆", "source": "https://baijiahao.baidu.com/s?id=1678042223204413845&wfr=spider&for=pc", "title": "“东方微笑——麦积山石窟艺术展”亮相江苏常州博物馆", "image": "", "poster": "每日甘肃", "time": "2020年9月17日", "content": "“东方微笑——麦积山石窟艺术展”亮相江苏常州博物馆新华社兰州9月16日电“东方微笑——麦积山石窟艺术展”15日在江苏省常州博物馆开幕。这是国内首个全面展示麦积山石窟艺术的展览。展览汇集了造像、壁画、文书等文物60件(组),塑像和..."}
{"museum": "常州博物馆", "source": "http://www.thepaper.cn/newsDetail_forward_11315875", "title": "...区成为全省首批中日韩(江苏)产业合作示范园区||图书馆博物馆...", "image": "https://dss1.bdstatic.com/6OF1bjeh1BF3odCf/it/u=520951544,2795404571&fm=217&app=92&size=f242,162&n=0&g=0n&f=JPEG?s=878041A5895AB2CA420C49A60300A002&sec=1620384595&t=ce20e51f7dd5ac051cf25ddcd88cde30", "poster": "澎湃新闻", "time": "2月11日", "content": "◆小布获悉,常州市图书馆、常州博物馆、武进博物馆为市民备好了“文化大礼包”,在做好疫情防控前提下,集中推出展览和活动,让市民不出常州也能逛遍精彩。昨天起,牛文化主题展在市图书馆开幕。该馆除15日周一闭馆,其余时间均向市民开放..."}
{"museum": "常州博物馆", "source": "https://baijiahao.baidu.com/s?id=1675977360591182959&wfr=spider&for=pc", "title": "麦积山石窟造像,下月亮相常州博物馆!", "image": "https://dss1.bdstatic.com/6OF1bjeh1BF3odCf/it/u=1660486653,1529928712&fm=173&app=49&size=f242,162&n=0&g=0n&f=JPEG?s=D3A8BE450991F4DC169120D70100C090&sec=1620384595&t=051c9d75090688876fd81b47c1fd8aff", "poster": "常州生活派", "time": "2020年8月25日", "content": "如果把敦煌比作一个大的壁画馆的话，那么“中国四大石窟”之一的麦积山石窟就可以被称作“东方雕塑陈列馆”。在今年九月初，常州博物馆与麦积山石窟艺术研究中心共同举办了展览“东方微笑——麦积山石窟艺术展”。展览将在常州博物馆展出..."}
{"museum": "常州博物馆", "source": "https://baijiahao.baidu.com/s?id=1667105065264628117&wfr=spider&for=pc", "title": "“龙城夜未央”,常州博物馆的夜场处子秀", "image": "https://dss2.bdstatic.com/6Ot1bjeh1BF3odCf/it/u=2761493567,927831458&fm=173&app=49&size=f242,162&n=0&g=0n&f=JPEG?s=0D41A946A052ABDE02F95819030080C0&sec=1620384595&t=bf81bc0ef2a4e5bef0031e8a9dbf067b", "poster": "中国常州网", "time": "2020年5月19日", "content": "14年后的今天，在夜间经济如火如荼的当下，博物馆开“夜场”的梦，也正在被圆满。5月18日国际博物馆日，在这个专属于博物馆的节日里，常州博物馆推出了建馆以来首次面向社会公众举办的夜间专场活动，300多名预约游客和特邀嘉宾走进常州..."}
{"museum": "常州博物馆", "source": "https://baijiahao.baidu.com/s?id=1667009612518431486&wfr=spider&for=pc", "title": "亲近博物馆,来一场“云上盛宴”", "image": "https://dss0.bdstatic.com/6Ox1bjeh1BF3odCf/it/u=559453276,2253630448&fm=173&app=49&size=f242,162&n=0&g=0n&f=JPEG?s=47935B8DE4ED1F0F0918E4E90300A011&sec=1620384595&t=51ee40d4003076baf31520edc7d4a2a8", "poster": "中国江苏网", "time": "2020年5月18日", "content": "了解一座城市，从博物馆开始。今天是国际博物馆日，今年的主题是“致力于平等的博物馆：多元和包容”。记者了解到，今年，常州博物馆、武进博物馆都尝试采用线上线下相融合的传播方式。市民可网上看展、看直播讲座，或参与“博物馆奇妙夜..."}
{"museum": "常州博物馆", "source": "https://www.sohu.com/a/396017350_185856", "title": "5·18国际博物馆日丨精彩纷呈的活动等你来参加!", "image": "https://dss0.bdstatic.com/6Ox1bjeh1BF3odCf/it/u=2542589645,523526503&fm=217&app=92&size=f242,162&n=0&g=0n&f=JPEG?s=30A426BAC2E28CE91029CCBC03005030&sec=1620384595&t=533be35734ced001da474770fe4cb92c", "poster": "搜狐网", "time": "2020年5月18日", "content": "抖音直播,博物精彩也能如此直观。“武进博物馆遴选馆内18件(组)珍贵文物,针对未成年人群体,策划设计了17个主题的活动,大家可以关注‘武进博物馆社会教育’抖音号,实时收看。”武博社教部主任王丽娜介绍,后续还将在直播中看到更多馆藏..."}
{"museum": "常州博物馆", "source": "http://news.jstv.com/a/20200518/ec93a0b1d4234ac6907b781effc604c8.shtml", "title": "常州博物馆公开重量级展品 一幅画撑起一个展", "image": "https://dss1.bdstatic.com/6OF1bjeh1BF3odCf/it/u=1843083529,3082073409&fm=217&app=92&size=f242,162&n=0&g=0n&f=JPEG?s=0894C25D9D40EB6646B47C6803006053&sec=1620384595&t=6bee5138e582c4e0350c3a3248c2b579", "poster": "荔枝网新闻", "time": "2020年5月18日", "content": "最近,在常州博物馆,一个重量级展品面对公众首次亮相。为了它,常州博物馆更是首次以一件实物展品策划了一个展览。 凭一己之力撑起整个展览的,便是这幅《苏轼舣舟亭图卷》。2019年11月中国嘉德秋拍,这幅作品以7475万元的高价被一位..."}
{"museum": "常州博物馆", "source": "http://news.cz001.com.cn/2020-05/15/content_3790306.htm", "title": "夜游常博 民乐风雅,518国际博物馆日专场欢迎您", "image": "https://dss1.bdstatic.com/6OF1bjeh1BF3odCf/it/u=1196057953,3871872048&fm=217&app=92&size=f242,162&n=0&g=0n&f=JPEG?s=7DA9BD571D17FACE00E11D710300F070&sec=1620384595&t=b0612a02b13578562844fece9ec1c9dc", "poster": "中国常州网", "time": "2020年5月15日", "content": "常报全媒体讯 每年的5月18日是国际博物馆日。今年的主题是:致力于平等的博物馆:多元和包容。近年来,常州博物馆在实现资源的互通共享、文化的激活创新上进行了大胆尝试,不断满足公众多样化文化需求。 "}
{"museum": "常州博物馆", "source": "https://baijiahao.baidu.com/s?id=1666923340432758342&wfr=spider&for=pc", "title": "国际博物馆日来了!江苏文博饕餮盛宴等你来约", "image": "https://dss1.bdstatic.com/6OF1bjeh1BF3odCf/it/u=488715030,948423593&fm=173&app=49&size=f242,162&n=0&g=0n&f=JPEG?s=BB8DCF00D2BD798E3930DDC3030060BB&sec=1620384595&t=8e6ebd74dbb7cff6b0af2591307e8af1", "poster": "荔枝新闻", "time": "2020年5月17日", "content": "常州常州博物馆“5·18国际博物馆日”专场活动观众需提前预约,并在预约时段进馆,开启夜游博物馆之旅。 风雅常博——民乐演奏会 常州华音爱乐民族乐团将为观众带来小型民乐演奏会,18:00—19:00,20:00-20:30在常州博物馆一楼大厅演奏..."}
{"museum": "常州博物馆", "source": "https://baijiahao.baidu.com/s?id=1694558380446022472&wfr=spider&for=pc", "title": "日本绘画展首次在常州博物馆举办", "image": "", "poster": "潇湘晨报", "time": "3月18日", "content": "新华网讯 曾影响过梵高、高更、莫奈等印象派画家，至今仍频频出现在时尚品牌中的“巨浪”，可以在家门口看到了。3月27日，“江户の风景—日本浮世绘特展”将在常州博物馆一楼特展厅开幕，市民可以欣赏到著名的《神奈川冲浪里》等名作..."}
{"museum": "常州博物馆", "source": "https://baijiahao.baidu.com/s?id=1690684785575876261&wfr=spider&for=pc", "title": "“火的艺术-黄石烙画展”将亮相常州博物馆", "image": "", "poster": "潇湘晨报", "time": "2月3日", "content": "常州博物馆讯 “火的艺术——黄石烙画展”于2021年2月5日在常州博物馆一楼特展厅展出，展览由常州博物馆、黄石市博物馆举办，展期至4月18日。黄石市位于湖北省东南部，长江中游南岸，它依山傍水、襟江带湖，景色秀丽，既是一座新型的..."}
{"museum": "常州博物馆", "source": "https://baijiahao.baidu.com/s?id=1692456256671142780&wfr=spider&for=pc", "title": "黄石烙画展亮相常州博物馆", "image": "", "poster": "国家工艺美术平台", "time": "2月23日", "content": "日前，由常州博物馆、黄石市博物馆举办的“火的艺术——黄石烙画展”，在常州博物馆展出。烙画是从湖北黄石特定的自然环境、人文环境和历史沉淀中涅槃而生的本土艺术形式之一。烙画古称“火针刺绣”，又名“火画”“火笔画”等。据..."}
{"museum": "常州博物馆", "source": "http://news.jstv.com/a/20200830/1598863420807.shtml", "title": "“东方微笑—麦积山石窟艺术”将在常州博物馆展出", "image": "https://dss0.bdstatic.com/6Ox1bjeh1BF3odCf/it/u=284485914,1260966968&fm=217&app=92&size=f242,162&n=0&g=0n&f=PNG?s=CB4001C21533218E3DD90CB203007012&sec=1620384596&t=09d08e3fe75d95997d31aa780160db2e", "poster": "荔枝网新闻", "time": "2020年8月30日", "content": "“东方微笑—麦积山石窟艺术”将在常州博物馆展出 2020年8月29日下午,一场名为“麦积山石窟壁画艺术”的讲座拉开了“东方微笑——麦积山石窟艺术展”展教系列活动的序幕。主讲人唐冲,是麦积山石窟艺术研究所美术研究室主任、副研究员..."}
{"museum": "常州博物馆", "source": "https://www.163.com/dy/article/G73OB7VN0525BELG.html", "title": "放假通知!这些人可连休9天!|常州|常州博物馆|常州市|游玩攻略...", "image": "https://dss0.bdstatic.com/6Ox1bjeh1BF3odCf/it/u=3038295480,454617249&fm=217&app=2&size=f242,162&n=0&g=0n&f=JPEG?s=213059954A4746575B9170370300E040&sec=1620384596&t=8bd542333f73d6f7c12985c3dbb2a61b", "poster": "网易", "time": "4月9日", "content": "常州博物院 常州博物馆,创建于1958年10月,是集收藏、研究、陈列展览于一体的地方综合性博物馆(含全省唯一的一家少儿自然博物馆),于2017年5月,被评为第三批国家一级博物馆。 最新接待公告: ..."}
{"museum": "常州博物馆", "source": "https://new.qq.com/omn/20200428/20200428A0SZBK00.html", "title": "文化假期约一波,“五一”来常州博物馆看展吧!", "image": "https://dss2.bdstatic.com/6Ot1bjeh1BF3odCf/it/u=1728296683,4172143882&fm=217&app=92&size=f242,162&n=0&g=0n&f=JPEG?s=8CC5875EE681F0B2C4DFD7F00300903D&sec=1620384596&t=920a1e467f2c315c85dd2bf6bbabacfd", "poster": "腾讯网", "time": "2020年4月28日", "content": "时间:2020年4月28日至6月20日 地点:一楼临时展厅 花草鱼虫皆可药——常用中药标本展 时间:2019年11月28日起 地点:三楼现代艺术展厅 ---END--- 编辑 正清 内容源于常州博物馆"}
{"museum": "常州博物馆", "source": "https://www.sohu.com/a/391894788_120272948", "title": "...文展——暨纪念谢稚柳先生诞辰110周年”发布会在常州博物馆召开", "image": "https://dss1.bdstatic.com/6OF1bjeh1BF3odCf/it/u=1201108972,3437150318&fm=217&app=92&size=f242,162&n=0&g=0n&f=JPEG?s=B169F015475A4FC80EF1A1D9010010B3&sec=1620384596&t=7e1deda2a5b78d3caac71cf9f6c23d14", "poster": "搜狐网", "time": "2020年4月28日", "content": "2020年4月28日上午,“寄园师生艺文展——暨纪念谢稚柳先生诞辰110周年”新闻发布会在常州博物馆学术报告厅召开。常州市文广旅局副局长严旭华,常州博物馆馆长林健,常州博物馆副馆长、常州市谢稚柳书画研究会会长邵建伟,钱名山孙女、河海大..."}
{"museum": "常州博物馆", "source": "http://www.jsgwyw.org/2020/0318/69501.html", "title": "2020年常州博物馆业务岗位人才招聘简章", "image": "", "poster": "硕文公考江苏资讯", "time": "2020年3月18日", "content": "报名采用电子邮件报名的形式,报名时间为2020年3月16日-3月23日,应聘人员填写电子表格《常州博物馆社会化用工公开招聘人员报名登记表》(附件自行下载),打包上传本人身份证(正反面)、毕业证、学位证、普通话证书等报考岗位所需材料以及近期..."}
{"museum": "常州博物馆", "source": "http://news.cz001.com.cn/2020-03/05/content_3753221.htm", "title": "博悟•志愿|美哉吕菲 常州博物馆年度志愿人物", "image": "https://dss0.bdstatic.com/6Ox1bjeh1BF3odCf/it/u=2838890690,1416371228&fm=217&app=92&size=f242,162&n=0&g=0n&f=JPG?s=18124A970C120FDE4E81F0AB03003001&sec=1620384596&t=2d1ef4832edeb48c64b743571595ce65", "poster": "中国常州网", "time": "2020年3月5日", "content": "吕菲,常州博物馆志愿者、2019年“年度志愿人物”。 2007年,吕菲从楚汉文化交融的徐州来到吴越文化汇聚的常州,成为这座城市的新市民。常州灿烂的远古文明、浓郁的人文气息、灵动的水乡风貌无不吸引着这位温婉的女子。与其说吕菲像微风吹来的..."}
{"museum": "常州博物馆", "source": "https://baijiahao.baidu.com/s?id=1659201916970836865&wfr=spider&for=pc", "title": "从一个馆看一座城,常州博物馆游记", "image": "https://dss2.bdstatic.com/6Ot1bjeh1BF3odCf/it/u=2226408116,2780695778&fm=173&app=49&size=f242,162&n=0&g=0n&f=JPEG?s=88224F9462A04F17869811780300D032&sec=1620384596&t=9109f8ff067faff38fd8e9fc3f084518", "poster": "长月小筑", "time": "2020年2月27日", "content": "一个现代的博物馆，浓缩了一座城市的历史轨迹。不求如数家珍，只求能管中窥豹，对家乡的历史略知一二。  常州有很多专属的博物馆。比如乱针绣馆，常州梳篦博物馆，常州淹城博物馆，常州武进博物馆等等。 常州博物馆是其中的集大成者..."}
{"museum": "常州博物馆", "source": "https://baijiahao.baidu.com/s?id=1647872839599129350&wfr=spider&for=pc", "title": "微游记—常州博物馆", "image": "https://dss1.bdstatic.com/6OF1bjeh1BF3odCf/it/u=1814891457,324381962&fm=173&app=49&size=f242,162&n=0&g=0n&f=JPEG?s=B58ABFF902A18543523DB610030080D5&sec=1620384596&t=ae77905a8846b80fddfaa47b17c0f80a", "poster": "那年春天那抹蓝", "time": "2019年10月20日", "content": "常州博物馆 春秋战国时期,列国争霸引发了持续的战争,吴国先后与楚国和越国交战, 常州 地区的归属随着战争形势的变化而变化。吴国先后在 常州 一带建立了阖闾城、留城和胥城,以增强防御能力。公元前471年,越国灭吴,延陵属越;公元前334年..."}
{"museum": "常州博物馆", "source": "https://www.sohu.com/a/340676955_802932", "title": "中秋节,来常州博物馆看“龙 ”吧!", "image": "https://dss2.bdstatic.com/6Ot1bjeh1BF3odCf/it/u=1088122396,4108481362&fm=217&app=92&size=f242,162&n=0&g=0n&f=JPEG?s=84307C36077354215C59A8D00000C033&sec=1620384596&t=f215f7d4ebd89eea37946c8e94a58404", "poster": "搜狐网", "time": "2019年9月12日", "content": "9月12日,作为常州2019年度“文化100”大型惠民行动的最重量级展览,“中国龙文化特展”在常州博物馆一楼临展厅隆重开幕。 本次展览展出一百五十余件“龙”元素文物,涉及青铜器、玉器、瓷器、陶器、金银器、书画、刺绣服饰、画像砖等多种..."}
{"museum": "常州博物馆", "source": "https://www.sohu.com/a/333320708_120055960", "title": "武进博物馆打造锡剧艺术特展 讲述“百年传奇”", "image": "", "poster": "搜狐网", "time": "2019年8月12日", "content": "锡剧,是常武大地上生长绽放出来的一朵“艺术之花”。对那些镌刻着常州基因的艺术大家们和作品,市民了解吗?8月11日至10月8日,武进博物馆里举办“腔调——常州锡剧艺术特展”,为前来观展的市民讲述锡剧的百年传奇。 "}
{"museum": "常州博物馆", "source": "https://www.sohu.com/a/329291547_100009364", "title": "武进博物馆邀你一起赏玩二十四节气", "image": "https://dss2.bdstatic.com/6Ot1bjeh1BF3odCf/it/u=1052696878,3328466573&fm=217&app=92&size=f242,162&n=0&g=0n&f=JPEG?s=98BC57909A644A8C2BB874E00300E030&sec=1620384596&t=0d7fe8de2d96c1b37333e9be2c761ad3", "poster": "搜狐网", "time": "2019年7月25日", "content": "大暑才过,全国多地就已经发布多次高温预警。在这气温随时飙到38℃的常州盛夏里,近日,武进博物馆携手常州幼儿师范学校为15组亲子家庭带来了一场关于“大暑”的节气小课堂,让孩子们在有趣的互动中感受不一样的“大暑”之美。"}
{"museum": "常州博物馆", "source": "https://baijiahao.baidu.com/s?id=1633774233943786685&wfr=spider&for=pc", "title": "「城事」博物馆奇妙之旅!常州人最值得一去的十家博物馆", "image": "https://dss1.bdstatic.com/6OF1bjeh1BF3odCf/it/u=3950258553,2977939919&fm=173&app=49&size=f242,162&n=0&g=0n&f=JPEG?s=F55AA3770F724E0102F46DEE0300E03A&sec=1620384596&t=40f1e285c61d4c9cac914e9cd14ac2a5", "poster": "常州发布", "time": "2019年5月17日", "content": "常州博物馆创建于1958年10月,是一所集历史、艺术、自然为一体的地方综合性博物馆。目前馆藏文物3万余件,文物藏品中的良渚玉器、春秋战国原始青瓷器、宋元的漆器与瓷器、明清书画,均为馆藏特色。 常州博物馆内设有江苏省唯一一家少儿自..."}
{"museum": "常州博物馆", "source": "https://baijiahao.baidu.com/s?id=1659915876416245377&wfr=spider&for=pc", "title": "常州博物馆有一只特殊“青蛙”,因为长了一条尾巴,却成二级文物", "image": "https://dss2.bdstatic.com/6Ot1bjeh1BF3odCf/it/u=2823720329,1754489602&fm=173&app=49&size=f242,162&n=0&g=0n&f=JPEG?s=581606D02A436A5F1018717903001050&sec=1620384596&t=84fbbb7a7952cec0116fecbd1a24f540", "poster": "史料横生", "time": "2020年3月1日", "content": "这件文物叫做“越窑青瓷蛙形水盂”,如今被收藏在了常州博物馆中,虽然说在常州博物馆中算不上什么重量级的文物,却也吸引了许多游客的观摩。“越窑青瓷蛙形水盂”是越窑,属于西晋时期的文物,它的规格是高3.6厘米、口径4厘米、底径3.2..."}
{"museum": "常州博物馆", "source": "http://news.cz001.com.cn/2019-08/20/content_3658920.htm", "title": "国家级非遗锡剧在武进博物馆“活态”展出", "image": "https://dss0.bdstatic.com/6Ox1bjeh1BF3odCf/it/u=2191186656,4226230467&fm=217&app=92&size=f242,162&n=0&g=0n&f=JPEG?s=FF331DC5EB520BC6F6855D09030030C2&sec=1620384596&t=781bd4774c17c8b1bd0c404eed8a75ad", "poster": "中国常州网", "time": "2019年8月20日", "content": "常报全媒体讯 近日,“腔调——常州市锡剧艺术特展”在武进博物馆开幕。活动由武进区文体广旅局主办,旨在更好地活态保护国家级非遗锡剧。艺术特展共展出40多套近百件戏服、道具。同时,武进锡剧团演员还为市民带来活态演出——“博物馆..."}
{"museum": "常州博物馆", "source": "https://www.sohu.com/a/302603848_100187976", "title": "【活动预告】虫虫世界——常州博物馆藏精品昆虫展", "image": "https://dss0.bdstatic.com/6Ox1bjeh1BF3odCf/it/u=3418618769,451559370&fm=217&app=92&size=f242,162&n=0&g=0n&f=JPEG?s=79BA7ADA56A2F94F1E25CE280300C056&sec=1620384596&t=07443e788bee6fdd48c238358dafa6f8", "poster": "搜狐网", "time": "2019年3月20日", "content": "3月21日,“虫虫世界——常州博物馆藏精品昆虫展”将在镇江博物馆专题展厅开展,将展出各类精品昆虫标本300余种共800多件。展览由镇江市文化广电和旅游局主办,常州博物馆和镇江博物馆联合承办。 四、展…"}
{"museum": "常州博物馆", "source": "https://www.sohu.com/a/299459043_120057439", "title": "志愿者|号外号外!武进博物馆招募志愿者啦", "image": "https://dss0.bdstatic.com/6Ox1bjeh1BF3odCf/it/u=4212435471,3592727506&fm=217&app=92&size=f242,162&n=0&g=0n&f=JPG?s=1D843D760F03464754D90BEA02007036&sec=1620384596&t=b6f8718cac832eb9b86f77c258fc86bd", "poster": "搜狐网", "time": "2019年3月6日", "content": "在武进博物馆有这样一群人,他们身着红马甲,用行动诠释了“奉献、友爱、互助、进步”的志愿者精神,他们就是武博志愿者团队。 武博志愿者团队于2014年11月成立。2018年,我们志愿者团队服务1254个小时,服务观众约16万;义务讲解124批,受..."}
{"museum": "常州博物馆", "source": "https://baijiahao.baidu.com/s?id=1625951254988577730&wfr=spider&for=pc", "title": "龙腾中吴:常州博物馆藏瓷器(下38件)", "image": "https://dss1.bdstatic.com/6OF1bjeh1BF3odCf/it/u=3929195625,1053015409&fm=173&app=25&size=f242,162&n=0&g=0n&f=JPEG?s=B832579022426B4B20A83CC1030030B8&sec=1620384596&t=8d076c9c5590786e99df8e3644a782b8", "poster": "递美在线", "time": "2019年2月21日", "content": "定期更新各大博物馆高清馆藏,展览陶瓷数据,潜心打造在线馆藏陶瓷数据库,方便随时查阅。 唐 瓷灯盏 Porcelain Lamp 唐(公元618〜907年) Tang Dynasty (618AD 〜907AD) 1985年常州运河指挥部征集 唐 三彩七星陶盘 Three-color Potte..."}
{"museum": "常州博物馆", "source": "http://news.jstv.com/a/20190201/1549088551807.shtml", "title": "这次,我们把“神奇动物”搬进了常州博物馆!", "image": "https://dss1.bdstatic.com/6OF1bjeh1BF3odCf/it/u=534102300,322674205&fm=217&app=92&size=f242,162&n=0&g=0n&f=JPG?s=49B1A15579606E1B56F0807403004033&sec=1620384596&t=7859ff12b81cff61dd4ecf0995011bc5", "poster": "荔枝网新闻", "time": "2019年2月1日", "content": "举办单位:常州博物馆 自古以来,动物一直影响着人类的生活,并且融入到了人类创造的文化和艺术之中。作为最悠久的绘画主题,动物的形象一早便出现在了原始岩画,陶器纹饰,乃至象形文字中。中国传统三大画科之一的花鸟画即是以花、鸟、虫、..."}
{"museum": "常州博物馆", "source": "https://baijiahao.baidu.com/s?id=1619834216204180964&wfr=spider&for=pc", "title": "江苏一个非常值得一去的地方,常州博物馆来看看吧!", "image": "https://dss1.bdstatic.com/6OF1bjeh1BF3odCf/it/u=1860016746,1505248795&fm=175&app=25&size=f242,162&n=0&g=0n&f=JPEG?s=412A63FB6A1139D64224907103000057&sec=1620384597&t=bcc7ad003fd2abd5c71d10e9df5b9568", "poster": "小鲁爱旅游", "time": "2018年12月14日", "content": "常州博物馆位于市民广场西侧,与广场东侧的常州大剧院呈对称布局。馆内除了陈列精美的古代文物和书画,还设有少儿自然博物馆,介绍小朋友感兴趣的动物与自然科学知识,非常适合亲子游。  博物馆地下有一层,地上有四层,地下室和地上的第四..."}
{"museum": "常州博物馆", "source": "https://www.sohu.com/a/242211289_745007", "title": "【征文】纪念常州博物馆建馆60周年:传承与创新——地方性博物馆...", "image": "", "poster": "搜狐网", "time": "2018年7月19日", "content": "为贯彻落实党的十九大精神,不断满足人民日益增长的美好生活需要,现拟于2018年9月20-22日在常州博物馆举办“传承与创新——地方性博物馆变革与发展”学术研讨会。会议旨在促进地方性博物馆的变革与创新,激发地方性博物馆的活力。热诚欢迎..."}
{"museum": "常州博物馆", "source": "https://baijiahao.baidu.com/s?id=1602338746022311928&wfr=spider&for=pc", "title": "常州博物馆,良渚文化、崧泽文化珍品玉器!件件堪称珍宝!", "image": "https://dss0.bdstatic.com/6Ox1bjeh1BF3odCf/it/u=183963391,2381119538&fm=175&app=25&size=f242,162&n=0&g=0n&f=JPEG?s=2350AB6E66FE97D41C4DE5020000E0C3&sec=1620384597&t=c5d9e1cef84c744407d9409d04a9d332", "poster": "大咖la畅游博物馆", "time": "2018年6月26日", "content": "玉串饰，新石器时代良渚文化（距今5300-4500年左右）。常州博物馆藏。周长72厘米。由68颗大小不等、颜色青白相间的玉粒组成。其中３颗呈尖锥状，较长，顶端扁平，有孔。其余的或呈管状，或呈珠状。整组可以用绳串连，作为装饰物。"}
{"museum": "常州博物馆", "source": "https://baijiahao.baidu.com/s?id=1602336064854541385&wfr=spider&for=pc", "title": "游常州博物馆,看唐代精品瓷器!平时很难见到!", "image": "https://dss0.bdstatic.com/6Ox1bjeh1BF3odCf/it/u=398495122,989590658&fm=175&app=25&size=f242,162&n=0&g=0n&f=JPEG?s=2B41736EA61225D45D481C3802008091&sec=1620384597&t=3d7721369282f21b0d18375d4bdbc3d0", "poster": "大咖la畅游博物馆", "time": "2018年6月15日", "content": "常州博物馆藏。高23.5厘米、口径7.8厘米、底径8.4厘米。1972年江苏常州半导体厂工地出土。釉呈绿、黄、白三彩,釉层薄,为石灰釉,底无釉。口沿外翻,竹节状颈,球体腹,喇叭形底足。装饰手法为斑彩与模印贴花并用,腹部堆贴三个兽面..."}
{"museum": "常州博物馆", "source": "https://baijiahao.baidu.com/s?id=1602256613635555164&wfr=spider&for=pc", "title": "常州博物馆,馆藏春秋至宋代的陶瓷珍品!令人眼界大开!", "image": "https://dss1.bdstatic.com/6OF1bjeh1BF3odCf/it/u=3539123556,2219546260&fm=175&app=25&size=f242,162&n=0&g=0n&f=JPEG?s=21501AC20D46B0450CE8A12303003053&sec=1620384597&t=576229bdc768bfa8c8893bc747bf4a47", "poster": "大咖la畅游博物馆", "time": "2018年6月13日", "content": "常州博物馆藏。高5.4厘米、口径11.2厘米。内壁饰剪纸贴花菱形花纹,外壁饰玳瑁釉。圈足无釉,露出黄白色胎。吉州古窑兴于晚唐,盛于两宋,衰于元末,吉州窑产品精美丰富,尤以黑釉瓷(亦称天目釉瓷)产品著称,其独创的“木叶天目”、“..."}
{"museum": "常州博物馆", "source": "https://baijiahao.baidu.com/s?id=1596187850492504062&wfr=spider&for=pc", "title": "【风雅】不得不看!本周末常州博物馆带你走进2000年前的“一带一路”", "image": "https://dss1.bdstatic.com/6OF1bjeh1BF3odCf/it/u=3148470462,2980478574&fm=173&app=25&size=f242,162&n=0&g=0n&f=JPEG?s=55220FF11801E8032B3084700300D0B2&sec=1620384597&t=cb93da795013eb18e53c530fd5caede8", "poster": "常州发布", "time": "2018年3月28日", "content": "对古代丝绸之路感兴趣的常州市民很快就可以在家门口一睹丝路繁盛。本月31日，常州博物馆今年上半年的一大重磅展——“丝路遗珍——甘肃丝绸之路文物特展”将在该馆一楼临时展厅开幕。甘肃省博物馆珍藏的130余件（套）丝绸之路相关文物，..."}
{"museum": "常州博物馆", "source": "https://baijiahao.baidu.com/s?id=1649884771011600944&wfr=spider&for=pc", "title": "“2019智慧博物馆论坛”在常州成功召开", "image": "https://dss0.bdstatic.com/6Ox1bjeh1BF3odCf/it/u=3727720849,583456892&fm=173&app=49&size=f242,162&n=0&g=0n&f=JPEG?s=B8824F967CAB8D0905EBA541030070F2&sec=1620384597&t=9a2722ba71148ed5600a8ceb54396537", "poster": "中吴网", "time": "2019年11月11日", "content": "中吴网讯 2019年11月7日至8日,由中国文物报社、中国博物馆协会登记着录专业委员会、常州市文化广电和旅游局、江苏省博物馆学会藏品保管专业委员会共同主办,常州博物馆、《中国博物馆》编辑部承办的“2019智慧博物馆论坛”在常州举行。国..."}
{"museum": "常州博物馆", "source": "https://www.sohu.com/a/331109342_719830", "title": "威雅公学夏校—常州博物馆艺术之旅 WAIS Summer School...", "image": "https://dss2.bdstatic.com/6Ot1bjeh1BF3odCf/it/u=2537681356,2212187589&fm=217&app=92&size=f242,162&n=0&g=0n&f=JPEG?s=C29B3AC54E6A3A03563EAC6A0300107B&sec=1620384597&t=aeb99a0b44243cfef1aedf934fc86357", "poster": "搜狐网", "time": "2019年8月2日", "content": "本周三下午,威雅公学夏校艺术项目的学生参观了常州博物馆,并完成了各种各样的任务,设计这些任务是为了帮助他们成功地积累手稿和照片。学生们在博物馆里仔细观察,认真作画,并拍摄了各种自然历史藏品中的动物标本。"}
{"museum": "常州博物馆", "source": "https://baijiahao.baidu.com/s?id=1619626184065394357&wfr=spider&for=pc", "title": "常州博物馆的油灯,哪一个有你儿时的记忆", "image": "https://dss1.bdstatic.com/6OF1bjeh1BF3odCf/it/u=2454906726,1880187307&fm=173&app=25&size=f242,162&n=0&g=0n&f=JPEG?s=398B9C5DC451D3CC4594A02F03008047&sec=1620384597&t=2c4c6fe1fa07039059abc97e46e00727", "poster": "看图悦读", "time": "2018年12月18日", "content": "这次因为去参加蔡老师的画展开幕,不期然邂逅的油灯博物馆。很多美事的成全光靠“剃头挑子一头热”绝对不行,一定是周瑜黄盖你情我愿携手合作。常州的油灯博物馆(Museum of Oil Lamps)就是如此一例。首先是陈履生这样的专业人士独辟蹊径..."}
{"museum": "常州博物馆", "source": "https://www.sohu.com/a/278262635_100125386", "title": "“美丽乡村”优秀摄影作品展27日亮相常州博物馆", "image": "https://dss1.bdstatic.com/6OF1bjeh1BF3odCf/it/u=3652946745,3298595383&fm=217&app=92&size=f242,162&n=0&g=0n&f=JPEG?s=ED8202D44C118ACE4A81E50103002013&sec=1620384597&t=b54a19051a407374c20305edd47da72c", "poster": "搜狐网", "time": "2018年11月28日", "content": "中国常州网讯 今天(27日)上午,由市委宣传部、市文广新局、市文联主办,市摄影家协会承办的“美丽乡村”优秀摄影作品展在常州博物馆开幕。 市委副书记、政法委书记蔡骏,市委常委、宣传部长陈涛,市人大常委会副主任陈建国,市政协副主席张耀钢..."}
{"museum": "常州博物馆", "source": "http://jsnews.jschina.com.cn/cz/a/201807/t20180704_1731882.shtml", "title": "常州博物馆来了新客人:100余件青铜文物", "image": "", "poster": "中国江苏网", "time": "2018年7月4日", "content": "中国江苏网讯 今天(3日)上午,从宁夏回族自治区固原博物馆引进的“青铜之路——宁夏固原春秋战国时期北方青铜文化特展”,在常州博物馆开展,展期至8月19日。 100余件(组)各种类型的文物,将人们的视线引向了宁夏的固原地区。展品以青铜..."}
{"museum": "常州博物馆", "source": "http://www.changzhou.gov.cn/ns_news/741152867644035", "title": "文广新局:白士风白雪飞父女留青竹刻艺术展在常州博物馆开幕", "image": "", "poster": "常州市人民政府", "time": "2018年6月11日", "content": "6月9日上午,我市“文化和自然遗产日”系列活动重磅之一的“妙手削轻筠——白士风白雪飞父女留青竹刻艺术展”在常州博物馆拉开帷幕。常州市人大常委会副主任陈建国,市委宣传部常务副部长孙春伟,市文广新局副局长周晓东等领导出席开幕式。"}
{"museum": "常州博物馆", "source": "http://news.cz001.com.cn/2018-05/14/content_3453804.htm", "title": "5·18 盯好这份清单,常州博物馆带你花样过节", "image": "https://dss2.bdstatic.com/6Ot1bjeh1BF3odCf/it/u=2654940064,4256157223&fm=217&app=92&size=f242,162&n=0&g=0n&f=JPEG?s=530149AB4A530EC822B019A103007080&sec=1620384598&t=d7561d4629d0ba3d4db8b4c5b19d8e5f", "poster": "中国常州网", "time": "2018年5月14日", "content": "中国常州网讯 5月13日上午,常州市2018年“5·18国际博物馆日”主场活动暨“逍遥·海涛的山水画”开幕式在常博举行。 活动现场 荣凯元 列支敦士登国家博物馆馆长雷诺.沃康摩尔,列支敦士登国家博物馆亚太区总代表辛迪.李,南京电影制片厂厂..."}
{"museum": "常州博物馆", "source": "http://news.cz001.com.cn/2018-04/11/content_3442538.htm", "title": "常州博物馆请你当国宝守护人 志愿者招募正在进行", "image": "https://dss2.bdstatic.com/6Ot1bjeh1BF3odCf/it/u=3121816609,1141965865&fm=217&app=92&size=f242,162&n=0&g=0n&f=JPEG?s=712AB757DABC4D9E9016ED230300605B&sec=1620384598&t=e32316bf3938d38e67fc38f8c798a188", "poster": "中国常州网", "time": "2018年4月11日", "content": "一年一度的常州博物馆志愿者集中招募工作已经启动。今年,该馆将招募30名志愿者,与工作人员一起让参观者有更美好的体验。 常州博物馆现有藏品3万多件,其中国家一级文物51件(国宝级文物1件)、二级文物245件、三级文物2945件。馆内设有..."}
{"museum": "常州博物馆", "source": "https://www.sohu.com/a/200050990_100010592", "title": "【镇馆之宝】常州博物馆 | 一件南宋名媛时尚单品", "image": "https://dss0.bdstatic.com/6Ox1bjeh1BF3odCf/it/u=536576784,1255991467&fm=217&app=92&size=f242,162&n=0&g=0n&f=JPEG?s=F31380630C51B25F4CAB0CA70300C002&sec=1620384598&t=98a0b34b5b46ecdad29f41aa5d731b48", "poster": "搜狐网", "time": "2017年10月25日", "content": "小女子来自江苏省的常州博物馆,是用漆树的汁液涂在器物的表面制成的器物,身份证上名叫南宋朱漆戗(qiàng)金莲瓣式人物花卉纹奁,这么复杂的名字是否让你想到了高大上的皇家谥号?其实这是文物专家们为了准确描述我的特征而取的全名。"}
{"museum": "常州博物馆", "source": "https://www.sohu.com/a/125844076_149159", "title": "让逛博物馆成为市民生活“新常态”", "image": "https://dss0.bdstatic.com/6Ox1bjeh1BF3odCf/it/u=4242802318,2166690258&fm=217&app=92&size=f242,162&n=0&g=0n&f=JPEG?s=93022CE102563DD0C6DD601803009042&sec=1620384598&t=48f744cd15cac631d59e9f3d1b40f776", "poster": "搜狐网", "time": "2017年2月9日", "content": "近年来,江苏省常州市博物馆深度挖掘馆藏资源,文化活动办得有声有色,让越来越多的常州市民把 “逛常博”列为文化生活的“新常态”,常州博物馆也成为我国博物馆届的一匹“黑马”。 一边体验用不织布拼贴年画娃娃制作,一边了解春节民俗;..."}
{"museum": "常州博物馆", "source": "https://www.sohu.com/a/233508916_273954", "title": "馆藏珍品︱常州博物馆回顾玉器时代的江南(大部分良渚文化玉器)", "image": "https://dss2.bdstatic.com/6Ot1bjeh1BF3odCf/it/u=3019645181,379007866&fm=217&app=92&size=f242,162&n=0&g=0n&f=JPEG?s=398B985D46C0076A0C9AA8360300C06B&sec=1620384598&t=e8f4c1491fd3579e05b27dccf81bb4b9", "poster": "搜狐网", "time": "2018年5月30日", "content": "大部分玉器来自武进寺墩良渚文化遗址,少数几个是汉玉。在新石器晚期,距今6000年前的北阴阳营文化、崧泽文化,距今5300至4200年前的良渚文化玉器都有丰富的陈列。特别是,再现了武进寺墩四号墓一位年轻的良渚王子墓玉器出土的情景,场面十分..."}
{"museum": "常州博物馆", "source": "http://www.changzhou.gov.cn/ns_news/421485046495579", "title": "常州博物馆获评“国家一级博物馆” 全国百强", "image": "", "poster": "常州市人民政府", "time": "2017年1月22日", "content": "常州的人文和历史,很难用寥寥数语说得清楚。而很多人第一次贴近这座城市的前世今生,是从走进常州博物馆开始的。 在这里,人们面对着千年前的老物件,追寻城市发展的脉络;面对一代代人文大师勾勒出的图景,回想当年的风云际会;看着血脉相..."}
{"museum": "常州博物馆", "source": "https://www.sohu.com/a/115765694_465147", "title": "常州博物馆藏历代出土古玉图片欣赏.", "image": "https://dss1.bdstatic.com/6OF1bjeh1BF3odCf/it/u=127789192,3708880977&fm=217&app=92&size=f242,162&n=0&g=0n&f=JPEG?s=BDA3CB17920354EC4E91D0330300B061&sec=1620384598&t=01d10cefda353cddf27f1681db92de4f", "poster": "搜狐网", "time": "2016年10月10日", "content": "近日,江苏省常州博物馆开展了一场名为“明月入怀-常州博物馆藏历代玉器展”。据悉此次展出近百件罕见精美的出土古玉,吸引了近万名收藏爱好者来馆欣赏,参观后更是连连称赞:\"能看到世上如此精美的古玉,真是不枉此生。\" ..."}
{"museum": "常州博物馆", "source": "https://www.sohu.com/a/111206028_118608", "title": "常州靓丽名片小小讲解员 3年志愿服务观众28994人次", "image": "https://dss1.bdstatic.com/6OF1bjeh1BF3odCf/it/u=2373097137,1255178784&fm=217&app=92&size=f242,162&n=0&g=0n&f=JPEG?s=605050914D527FC04091D57203004031&sec=1620384598&t=07c326c0abb946677801f6b5506849ce", "poster": "搜狐网", "time": "2016年8月19日", "content": "常州博物馆龙城小讲解员活动自2013年暑期启动以来,今年已是第三年。成员主要为小学三至五年级学生,利用周末、节假日的时间,为观众提供志愿讲解服务,目前已有90多名小讲解员上岗,累计讲解817场次,服务观众28994人次。 "}
{"museum": "常州博物馆", "source": "http://www.changzhou.gov.cn/ns_news/684146718125643", "title": "“玉润堂”珍藏明清玉器特展武进博物馆开幕", "image": "", "poster": "常州市人民政府", "time": "2016年6月29日", "content": "6月28日,玉说—玉润堂珍藏明清玉器特展在武进博物馆开幕,共展出“玉润堂”藏明清玉器精品100件。 明清时期观玉、赏玉之风盛行。从高门贵族家到寻常百姓院,从士人文房到商贾陈设,玉器自然地融入了人们日常生活中的方方面面。社会的各..."}
{"museum": "常州博物馆", "source": "http://www.wenming.cn/syjj/dfcz/js/201605/t20160517_3362555.shtml", "title": "国际博物馆日 常州将上演一场“文博盛筵”", "image": "https://dss0.bdstatic.com/6Ox1bjeh1BF3odCf/it/u=1098205005,3884109423&fm=217&app=92&size=f242,162&n=0&g=0n&f=JPEG?s=99888B5500354A3F52B98C7503003030&sec=1620384600&t=9d05ae7da66130b1a02979f1426b2074", "poster": "中国文明网", "time": "2016年5月17日", "content": "作为常州最大的国有博物馆,常州博物馆近年来策划过“延陵墨韵——常州博物馆藏名家书画展”、“常州历史文化名人墨迹展”和“毗陵天工——常州工艺美术精品展”等专题系列展览;先后把富有馆藏特色的原创展览推广至北京、山西、四川、山东..."}
{"museum": "常州博物馆", "source": "https://baijiahao.baidu.com/s?id=1617829311254316577&wfr=spider&for=pc", "title": "常州国宝走进上海博物馆受热捧", "image": "https://dss2.bdstatic.com/6Ot1bjeh1BF3odCf/it/u=3922766765,707337973&fm=173&app=49&size=f242,162&n=0&g=0n&f=JPEG?s=8E8BC24D6CEA232C72B5897C0300C053&sec=1620384600&t=d9d290458ab68f66e291329ddddd9c08", "poster": "环太湖艺术城", "time": "2018年11月22日", "content": "展览以上海博物馆藏漆器为主,另借展了浙江省博物馆、常州博物馆、福州市博物馆、大同市博物馆共7件重要出土漆器珍品。其中,常州博物馆收藏的南宋朱漆戗金莲瓣式人物花卉纹奁和朱漆斑纹地戗金柳塘纹长方盒作为宋代戗金漆器中独一无二的..."}
{"museum": "常州博物馆", "source": "http://www.cs.com.cn/tzjj/tjdh/201603/t20160323_4931629.html", "title": "江苏常州文物修复师上央视走红 曾是博物馆保安", "image": "https://dss2.bdstatic.com/6Ot1bjeh1BF3odCf/it/u=2926194960,1210525029&fm=217&app=92&size=f242,162&n=0&g=0n&f=JPEG?s=6E4022D0CE7056968805384C03007072&sec=1620384600&t=0096678a1dd66804b0cfe35d45500d4f", "poster": "中证网", "time": "2016年3月23日", "content": "今年47岁的丁为新,现在是常州博物馆唯一的书画修复师。去年年初,常州博物馆向故宫博物院申请,让丁为新到博物院文保科技部进修。经过3个月等待,当年5月19日,丁为新终于来到了梦寐以求的故宫博物院,跟随书画修复大师李寅学习书画修复,“非..."}
{"museum": "常州博物馆", "source": "http://www.changzhou.gov.cn/ns_news/822140910870380", "title": "国宝来啦!常州博物馆系列活动精彩来袭!", "image": "", "poster": "常州市人民政府", "time": "2014年8月27日", "content": "圆明园牛首、虎首、猴首、猪首,常州博物馆镇馆之宝——朱漆戗金莲瓣式人物花卉纹奁等将一一登台亮相。 同时,常州博物馆推出系列精彩活动,期待您的关注和参与! (一)“我心中的国宝”少儿绘画大赛 ..."}
{"museum": "常州博物馆", "source": "http://www.changzhou.gov.cn/ns_news/555141194931561", "title": "常州工艺美术精品展在市博物馆开幕", "image": "https://dss0.bdstatic.com/6Ox1bjeh1BF3odCf/it/u=746322821,2504641431&fm=217&app=92&size=f242,162&n=0&g=0n&f=JPEG?s=D0A483F74A250A8EE8ADB4F503005022&sec=1620384600&t=3e902ca4c2f8eb8f6311b85abf3c382c", "poster": "常州市人民政府", "time": "2014年9月29日", "content": "据了解,展览由市委宣传部、市文联主办,常州市工艺美术家协会、常州博物馆承办,是精彩龙城文化100活动的一项重要内容,同时也是广大工艺美术家及广大文艺工作者为建国65周年奉上的一份珍贵厚礼。"}
{"museum": "常州博物馆", "source": "http://www.changzhou.gov.cn/ns_news/796136142647788", "title": "常州武进博物馆春节参观破两万人次", "image": "", "poster": "常州市人民政府", "time": "2013年2月16日", "content": "经过一个阶段充分的准备,武进博物馆在新春佳节之际临时开放,较以往更精致的展品、更好的观展效果吸引了大量的市民,长假六天,参观者已有两万多人次,仅年初一,观展人数就突破7000人次。 与以前不同的是,今年新春,武进博物馆大开正门迎客..."}
{"museum": "常州博物馆", "source": "https://baijiahao.baidu.com/s?id=1638185509671269439&wfr=spider&for=pc", "title": "宋元漆器:常州市博物馆特色展", "image": "https://dss1.bdstatic.com/6OF1bjeh1BF3odCf/it/u=2228404272,754608191&fm=173&app=49&size=f242,162&n=0&g=0n&f=JPEG?s=8112C37F48478B2E96A5A9530300C032&sec=1620384600&t=7a3060d2f157cb3e4477a55dc0c74e7c", "poster": "乐艺会", "time": "2019年7月21日", "content": "常州博物馆创建于1958年,是集收藏、研究、陈列展览于一体的地方综合性博物馆(含全省唯一的一家少儿自然博物馆)。馆藏文物2万余件,其中国家一级文物 27件(国宝级文物1件)、二级文物166件、三级文物3129件,国家一、二级保护动植物、..."}
{"museum": "常州博物馆", "source": "http://www.chinaqw.com/news/2006/0417/68/24722.shtml", "title": "常州博物馆露出家底 16件珍稀文物集体亮相(图)", "image": "https://dss2.bdstatic.com/6Ot1bjeh1BF3odCf/it/u=520997556,3555550509&fm=217&app=92&size=f242,162&n=0&g=0n&f=JPEG?s=E3AEB1444488455D0680BC180300A091&sec=1620384600&t=cbb8882ce62b79e7dc441c4b448b6f7d", "poster": "中国侨网", "time": "2006年4月17日", "content": "近日,江苏省常州市博物馆首度将该馆极少露“脸”的16件价值连城的馆藏珍稀国家级文物集体亮相“T型台”,让常州的老百姓大饱了眼福。而本报记者也有幸先睹这些“压箱底”多年的珍贵文物的神秘面纱,其展出文物之精乃至镇馆之宝的..."}
{"museum": "常州博物馆", "source": "https://www.sohu.com/a/244946477_537614", "title": "常州博物馆业务岗位人才招聘", "image": "", "poster": "搜狐网", "time": "2018年8月3日", "content": "常州博物馆座落于常州市龙城大道1288号,是常州市唯一的综合性博物馆,隶属于常州市文广新局,全额拨款性质的事业单位。因常博事业发展需要,现面向社会公开招聘业务岗位人才2名。 一、招聘条件 "}
{"museum": "常州博物馆", "source": "https://www.sohu.com/a/392319931_120057439", "title": "资讯|武进博物馆2020年五一劳动节开放公告", "image": "https://dss1.bdstatic.com/6OF1bjeh1BF3odCf/it/u=1246716623,770941810&fm=217&app=92&size=f242,162&n=0&g=0n&f=JPEG?s=59B7C85A1B252F3CD4E3DEA70200F009&sec=1620384601&t=d6d3b072b2119c8b54118ad267e41526", "poster": "搜狐网", "time": "2020年4月30日", "content": "武进博物馆携手瓷之源古陶瓷艺术馆,展出瓷之源古陶瓷艺术馆藏瓷器珍品,展示东苕溪流域原始瓷起源及向瓷器发展过程,带领公众一窥瓷器文化史精彩瞬间。 精品展 不忘初心铭使命,不薄今人爱古人。雅俗共赏终难臻,雪泥鸿爪岁月痕。本次展览..."}
{"museum": "常州博物馆", "source": "https://www.163.com/dy/article/G8OEOA4K0521ISHJ.html", "title": "来常州博物馆,看唐山皮影演绎的“光影之舞”", "image": "https://dss1.bdstatic.com/6OF1bjeh1BF3odCf/it/u=2612236157,4174393595&fm=217&app=2&size=f242,162&n=0&g=0n&f=JPEG?s=1CC7885E16F3BBC016B38FAF0200700C&sec=1620384601&t=0384feb9b517a408d952d22da0471ce0", "poster": "网易", "time": "7天前", "content": "“光影之舞——唐山皮影展”于2021年4月30日在常州博物馆一楼特展厅开展,此次展览由常州博物馆、唐山博物馆举办,展期至6月15日。 皮影戏是一种傀儡戏,全国各地都有皮影,而唐山皮影是其中影响较大的一支。唐山皮影也称“乐亭影”、“..."}
{"museum": "常州博物馆", "source": "https://new.qq.com/omn/20210429/20210429A0310300.html", "title": "我邀请你,今年来常州过五一!", "image": "https://dss2.bdstatic.com/6Ot1bjeh1BF3odCf/it/u=4249437046,452089541&fm=217&app=2&size=f242,162&n=0&g=0n&f=GIF?s=38B460901E8908453AA18C9203003099&sec=1620384601&t=88ae3da85c4b655046813c5a1c46947f", "poster": "腾讯网", "time": "7天前", "content": "第五场:5月7日-5月10日 溧阳市(溧阳市美术馆) 第六场:5月11日-5月13日 钟楼区(钟楼区文化馆展厅) *以实际安排为准 2 常州博物馆 光影之舞——唐山皮影展 展览时间 2021年4月30日—6月15日 ..."}
{"museum": "常州博物馆", "source": "https://baijiahao.baidu.com/s?id=1696626273419411803&wfr=spider&for=pc", "title": "【今日常州】陈金虎主持召开市政府常务会议 || 今天起,常州到盐城...", "image": "https://dss2.baidu.com/6ONYsjip0QIZ8tyhnq/it/u=3007681847,139684490&fm=30&app=106&size=f242,162&n=0&g=0n&f=JPEG?s=9B0E944FE80B825D1F76F9BB03002009&sec=1620384601&t=bdd29fb63312abd3fb5644b1e092481a", "poster": "澎湃在线", "time": "4月10日", "content": "◆“中博热搜榜”2021年第一季度全国热搜博物馆百强榜单于近日发布，100家受到网友高频搜索的全国博物馆上榜。常州博物馆以2.98的热搜综合指数，排名强劲上升，位列第26名，在入榜的11家江苏省博物馆中，紧随南京博物院、苏州博物馆，..."}
{"museum": "常州博物馆", "source": "https://baijiahao.baidu.com/s?id=1697736563582935862&wfr=spider&for=pc", "title": "《虫虫世界—世界精品昆虫展》在台州市博物开展", "image": "https://dss2.baidu.com/6ONYsjip0QIZ8tyhnq/it/u=578044738,140718553&fm=30&app=106&size=f242,162&n=0&g=0n&f=JPEG?s=02E2CEB2CA9878C80660156903001071&sec=1620384601&t=434aea782b8d4db8b6f7d36549d6c282", "poster": "潇湘晨报", "time": "4月22日", "content": "由于昆虫体量小，体重轻，在利用狭窄空间方面具有优势，再加上它们适应能力极强，又能飞行，因而地球上几乎到处都有它们的踪影。“虫虫世界——世界精品昆虫展”是台州市博物馆和常州博物馆通力协作而推出的以昆虫为主题的科普特展，共..."}
{"museum": "常州博物馆", "source": "https://baijiahao.baidu.com/s?id=1697652121551951424&wfr=spider&for=pc", "title": "跨越6000余年,2020年度“江苏省六项重要考古发现”全部花落常州", "image": "https://dss2.baidu.com/6ONYsjip0QIZ8tyhnq/it/u=3024421596,140639960&fm=30&app=106&size=f242,162&n=0&g=0n&f=JPEG?s=F21214C77C1207DA90A4BEBF03009005&sec=1620384601&t=cc93f2e64e44c1c895c767d4d94db680", "poster": "常州发布", "time": "4月21日", "content": "2019年常州博物馆在对长江中路西侧、劳动西路北侧地块进行考古勘探时发现明清金龙四大王庙遗址。“金龙四大王”是明清时期黄河、运河沿线供奉最多的水神，原名谢绪，为在南宋灭亡时期自杀殉国的杭州书生，明太祖朱元璋敕封他为护国济运黄河..."}
{"museum": "常州博物馆", "source": "https://baijiahao.baidu.com/s?id=1687238163373647059&wfr=spider&for=pc", "title": "第四批国家定级博物馆名单公布,常州2家博物馆晋级成功!", "image": "https://dss0.bdstatic.com/6Ox1bjeh1BF3odCf/it/u=2113502899,3978450769&fm=173&app=49&size=f242,162&n=0&g=0n&f=JPEG?s=C0751FD033666B0F386874C10300A0B0&sec=1620384601&t=d81ebdda0da46ffa38247a32976d71f3", "poster": "澎湃在线", "time": "2020年12月27日", "content": "Congratulate 第四批国家定级博物馆名单公布常州2家博物馆晋级成功!为推进博物馆高质量发展,更好满足人民日益增长的美好生活需要,中国博物馆协会于2020年7月至12月组织开展了第四批全国博物馆定级评估工作。经过综合评定并报请国家文物局..."}
{"museum": "常州博物馆", "source": "https://baijiahao.baidu.com/s?id=1686781302316933411&wfr=spider&for=pc", "title": "13家了!江苏新增6家国家一级博物馆", "image": "", "poster": "北青网", "time": "2020年12月22日", "content": "这次公布的名单中，新晋国家一级博物馆6座，加上原有的南京博物院、苏州博物馆、扬州博物馆、南通博物院、侵华日军南京大屠杀遇难同胞纪念馆、南京市博物总馆、常州博物馆等6家，江苏共有13座一级博物馆。新晋国家二级博物馆16家，南京..."}
{"museum": "常州博物馆", "source": "https://baijiahao.baidu.com/s?id=1693635745685940419&wfr=spider&for=pc", "title": "如何与千件古代女性图像云上“相遇”", "image": "", "poster": "澎湃新闻", "time": "3月8日", "content": "2016年，青岛博物馆和常州博物馆分别举办了女性文物展览和女性书画展览，我当时还没有回到浙江省博物馆，应隋永琦馆长和林健馆长邀请在青岛博物馆和常州博物馆分别为展览作了配套讲座。这也是个节点，从《美女史》的写作，向专业研究迈进..."}
{"museum": "常州博物馆", "source": "https://baijiahao.baidu.com/s?id=1680613984866975442&wfr=spider&for=pc", "title": "湖南省博物馆年度原创大展“闲来弄风雅——宋朝人慢生活镜像”开幕", "image": "https://dss1.bdstatic.com/6OF1bjeh1BF3odCf/it/u=1261979058,3578174336&fm=173&app=49&size=f242,162&n=0&g=0n&f=JPEG?s=5A3329C55C523BDA53C8F40C030060C1&sec=1620384601&t=550c5e176807b220a289ce807b831879", "poster": "央广网", "time": "2020年10月15日", "content": "央广网长沙10月15日消息(记者姜文婧)今天上午,由湖南省博物馆联合四川博物院、河南省文物考古研究院、陕西省考古研究院、辽宁省博物馆、上海博物馆、安徽博物院、福建博物院、浙江省文物考古研究所、佛山市博物馆、扬州博物馆、常州博物馆..."}
{"museum": "常州博物馆", "source": "https://baijiahao.baidu.com/s?id=1681774689315145537&wfr=spider&for=pc", "title": "11月科普游|武进博物馆、民防科普教育馆、嬉乐湾科普一日游", "image": "https://dss0.bdstatic.com/6Ox1bjeh1BF3odCf/it/u=1850442034,2207040266&fm=173&app=49&size=f242,162&n=0&g=0n&f=JPEG?s=093C66914C572BCA1CADE9070100E0C1&sec=1620384602&t=f038b3e16c95d2a7984bec5d674243da", "poster": "中吴网", "time": "2020年10月28日", "content": "中吴网讯 常州科普游是常州市科协举办的惠民活动,截至目前已成功举办5年,深受市民喜爱。为了进一步提升市民科学素养,11月常州市科协与常州光大国际旅行社推出科普游!带你走进武进博物馆,探索文物之内涵;走进民防科普教育馆,开展国防教育、..."}
{"museum": "常州博物馆", "source": "https://baijiahao.baidu.com/s?id=1679671818610196676&wfr=spider&for=pc", "title": "...东方微笑”再现千年之美——麦积山石窟艺术展亮相常州博物馆", "image": "https://dss0.bdstatic.com/6Ox1bjeh1BF3odCf/it/u=1851587764,2743671168&fm=173&app=49&size=f242,162&n=0&g=0n&f=JPEG?s=29145490D779799CDE0D98F80300F031&sec=1620384602&t=d10d5b78214d85660222715281d51bce", "poster": "每日甘肃", "time": "2020年10月5日", "content": "【博之美物】“东方微笑”再现千年之美——麦积山石窟艺术展亮相常州博物馆新甘肃·甘肃日报记者 闵 媛展览馆一角。近日,“东方微笑——麦积山石窟艺术展”在常州博物馆特展厅面向公众开放。此次展览汇集了来自麦积山石窟艺术研究所的..."}
{"museum": "常州博物馆", "source": "https://baijiahao.baidu.com/s?id=1678140993125659508&wfr=spider&for=pc", "title": "“东方微笑”麦积山石窟亮相常州博物馆", "image": "https://dss0.bdstatic.com/6Ox1bjeh1BF3odCf/it/u=2560753171,988331682&fm=173&app=49&size=f242,162&n=0&g=0n&f=JPEG?s=B624DC4F9C077A5DC4A61CB30300801A&sec=1620384602&t=496f401adfaf32e016ca0f1b5622dbe1", "poster": "7区人家", "time": "2020年9月18日", "content": "作为本届“文化100”的重大活动之一,常州博物馆携手麦积山石窟艺术研究所,重磅推出的“东方微笑”——麦积山石窟艺术展,于15日与观众正式见面。麦积山石窟为中国四大石窟之一,始建于十六国后秦时期,历经1600余年、十余个王朝的开凿..."}
{"museum": "常州博物馆", "source": "https://baijiahao.baidu.com/s?id=1686859438646311770&wfr=spider&for=pc", "title": "厚植历史文化 徐州博物馆晋级国家一级博物馆", "image": "https://dss0.bdstatic.com/6Ox1bjeh1BF3odCf/it/u=2348836921,792220526&fm=173&app=49&size=f242,162&n=0&g=0n&f=JPEG?s=518B9D57C280495FCC98B0270300E040&sec=1620384602&t=c526b048010ea24b52fa0cb2fc8d0d75", "poster": "青瞳视角", "time": "2020年12月23日", "content": "其中，江苏现有博物馆292家，其中一级馆13家、二级馆29家、三级馆39家，整体水平位居全国前列。全省13个地级市综合性博物馆现有一级馆8家，分别是南京市博物馆总馆、无锡博物院、扬州市博物馆、南通博物苑、苏州博物馆、常州博物馆..."}
{"museum": "常州博物馆", "source": "https://baijiahao.baidu.com/s?id=1682509302796150347&wfr=spider&for=pc", "title": "南宋朱漆戗金莲瓣式人物花卉纹奁", "image": "https://dss2.bdstatic.com/6Ot1bjeh1BF3odCf/it/u=3363709226,2679172253&fm=173&app=49&size=f242,162&n=0&g=0n&f=JPEG?s=3519C0330CC533594F0008AD0300C023&sec=1620384602&t=9558a0306ad021efe872dad712c7d41c", "poster": "中国社会科学网", "time": "2020年11月5日", "content": "1976年,在江苏省常州市武进区村前乡蒋塘村南宋墓中出土了十多件珍贵的漆器,其中,最让人惊叹的是朱漆戗金莲瓣式人物花卉纹奁。这件漆奁现藏于常州博物馆,为国家一级文物,是我国目前已知的戗金漆器中时代最早、保存最为完好并带有款..."}
{"museum": "常州博物馆", "source": "https://baijiahao.baidu.com/s?id=1665105251995055285&wfr=spider&for=pc", "title": "260多年来首展!价值7475万元,乾隆曾两次题诗...常州人,一定要去看!", "image": "https://dss2.bdstatic.com/6Ot1bjeh1BF3odCf/it/u=1384595513,604787879&fm=173&app=49&size=f242,162&n=0&g=0n&f=JPEG?s=3720D94FB80CD24F4A201DA70300C012&sec=1620384602&t=6c3a5e6c6de5b946648457d124a91ee2", "poster": "澎湃在线", "time": "2020年4月27日", "content": "昨天(4月26日)上午,常州博物馆的工作人员正在准备一场特别的展览。↓↓↓本次展览的文物仅有一件,是一幅古画,名为钱维城《苏轼舣舟亭图卷》,这是常州博物馆历史上首次为一件文物特别策划展览。它,究竟有何特别? 263年前,清代常州..."}
{"museum": "常州博物馆", "source": "https://baijiahao.baidu.com/s?id=1662929262588683553&wfr=spider&for=pc", "title": "常州博物馆: 部分文物运到城北粮库熏蒸消毒", "image": "", "poster": "光明网", "time": "2020年4月3日", "content": "本报讯 常州博物馆3月31日与常州城北粮库签订一份协议。根据协议,4月1日起,常州城北粮库的专业技术人员对常州博物馆进行藏品消毒工作。前不久,常州博物馆向常州城北粮库求助,馆内部分馆藏古籍、民俗文物和自然标本等存在书虱和霉菌,..."}
{"museum": "常州博物馆", "source": "https://baijiahao.baidu.com/s?id=1691665617396884257&wfr=spider&for=pc", "title": "江苏各地博物馆年味不打烊 就地过个“文化年”", "image": "", "poster": "江苏新闻", "time": "2月14日", "content": "今年为了配合疫情防控需要，各地博物馆借助现代科技，让市民、游客足不出户照样“云游博物馆”。常州博物馆推出线上新春系列教育活动，通过“演绎知识牛”“手作文化牛”“探索学问牛”“激活艺术牛”“趣答脑力牛”“寻味美食牛”六大子..."}
{"museum": "常州博物馆", "source": "https://baijiahao.baidu.com/s?id=1686833460171224929&wfr=spider&for=pc", "title": "恭喜!溧阳市天目湖酒文化博物馆被评为国家三级博物馆!", "image": "https://dss2.bdstatic.com/6Ot1bjeh1BF3odCf/it/u=2540847152,2259239362&fm=173&app=49&size=f242,162&n=0&g=0n&f=JPEG?s=C09B15D58E8D194D381D8C330300E053&sec=1620384602&t=9d05391a26a020de6d0e7b20f41c4ef1", "poster": "地方焦点", "time": "2020年12月23日", "content": "酒博馆致力于名酒的收藏和酒文化的研究，藏品中中国名酒和各著名酒企的纪念酒蔚为大观，溧阳地产酒则颇具特色。目前，溧阳市天目湖酒文化博物馆已是常州市科普教育基地、常州博物馆学会理事单位、江苏省民办博物馆协会副会长单位、中国博物..."}
{"museum": "常州博物馆", "source": "https://baijiahao.baidu.com/s?id=1667192000158056279&wfr=spider&for=pc", "title": "常州有哪些免费景点,这份攻略,请收好!", "image": "https://dss2.bdstatic.com/6Ot1bjeh1BF3odCf/it/u=2372167886,1177514656&fm=173&app=49&size=f242,162&n=0&g=0n&f=JPEG?s=C0080FF1468B02EC0C38313403001050&sec=1620384602&t=d60c51a47acf9ab46a2b16b4453f8d7e", "poster": "农庄旅游网", "time": "2020年5月20日", "content": "2.常州博物馆常州博物馆位于常州市新北区,是最能深入了解常州的地方。博物馆外形大气,馆内设计合理,展示常州的发展历史,出土文图,和名家展览。如馆的需要提前在网上预约。3.青枫公园青枫公园是一个集“生态、科普、活力”三大主题于一..."}
{"museum": "常州博物馆", "source": "https://baijiahao.baidu.com/s?id=1675516129446621724&wfr=spider&for=pc", "title": "江苏作为旅游城市,你知道有什么有趣的地方吗?", "image": "https://dss2.bdstatic.com/6Ot1bjeh1BF3odCf/it/u=289131146,878679198&fm=173&app=49&size=f242,162&n=0&g=0n&f=JPEG?s=FE181CC75852BEC66E3D1D3D03001048&sec=1620384603&t=93f0432d8fc9a9684a1cd918fc6d1776", "poster": "加加里11", "time": "2020年8月20日", "content": "常州children博物馆是常州博物馆的分支。开始筹备,正式成立995。被常州市委命名为“市科普教育基地”,宣传部,市科协,被列为“江苏省科普教育基地”和“江苏省科技示范基地”。他也是江苏省和博物馆中唯一的一个孩子家庭。神墩遗址位于..."}
{"museum": "常州博物馆", "source": "https://baijiahao.baidu.com/s?id=1630689018678913595&wfr=spider&for=pc", "title": "你对江苏常州了解多少?想不想去领略一番它的风采呢?", "image": "https://dss1.bdstatic.com/6OF1bjeh1BF3odCf/it/u=3970441386,2070749705&fm=173&app=49&size=f242,162&n=0&g=0n&f=JPEG?s=7E1267859634179272B4098C0300E08A&sec=1620384603&t=f3199e18c0f6b80c0300e101e51e7c35", "poster": "换个角度看球事儿", "time": "2019年4月13日", "content": "常州博物馆创建于1958年,是集收藏、研究、陈列展览于一体的地方综合性博物馆(含全省唯一的一家少儿自然博物馆)。下设办公室、考古部、保管部、陈列部、开放部、自然部、信息部、保卫部八个部门。馆藏文物2万余件,其中国家一级文物27..."}
{"museum": "常州博物馆", "source": "https://baijiahao.baidu.com/s?id=1629546933559577702&wfr=spider&for=pc", "title": "除了杭州吴山广场、常州市博物馆以外,这些历史很悠久的景点你听过吗", "image": "https://dss1.bdstatic.com/6OF1bjeh1BF3odCf/it/u=983709390,4273333462&fm=173&app=25&size=f242,162&n=0&g=0n&f=JPEG?s=C223AFE140421BE7169C803903000073&sec=1620384603&t=cf58ef3f252f58cc1be4d76cbac4b6b9", "poster": "百闻旅行", "time": "2019年4月1日", "content": "#5 常州市博物馆票价:免费(馆内提供免费WiFi,但要去二楼刷身份证,输入后8位数字作为密码)开放时间:周二-周日9:00-17:00(16:00停止入馆),周一闭馆简介:常州博物馆,创建于1958年10月,是集收藏、研究、陈列展览于一体的地方综合性..."}
{"museum": "常州博物馆", "source": "https://baijiahao.baidu.com/s?id=1626213095512672474&wfr=spider&for=pc", "title": "常州博物馆有件文物,制作过程中出现常识错误,却成为二级国宝", "image": "https://dss1.bdstatic.com/6OF1bjeh1BF3odCf/it/u=2455572903,1379462167&fm=173&app=49&size=f242,162&n=0&g=0n&f=JPEG?s=2544D94E65352582D5CC38390300C051&sec=1620384603&t=420842684832b7bc8270b379668e710f", "poster": "历史大解秘", "time": "2019年2月23日", "content": "在游览常州博物馆时,相信很多游客都想亲眼目睹“朱漆戗金莲瓣式人物花卉纹奁”等等的珍品。但这件国宝级文物,并不是本篇文章的主人公。在博物馆的展厅中,我们会发现一个造型“奇怪”的器物,通过阅读资料介绍,我们得知这件文物名为“..."}
{"museum": "常州博物馆", "source": "https://baijiahao.baidu.com/s?id=1617902053138628672&wfr=spider&for=pc", "title": "常州博物馆,位于常州市新北区,是最能深入了解常州的地方", "image": "https://dss1.bdstatic.com/6OF1bjeh1BF3odCf/it/u=3095717739,1067570490&fm=175&app=25&size=f242,162&n=0&g=0n&f=JPEG?s=8902825D4C82C0551215A0780300407B&sec=1620384603&t=623feb4c29be729c37c08343c6644f21", "poster": "佳美游记", "time": "2018年11月23日", "content": "常州博物馆,博物馆外形大气,馆内设计合理。常州博物馆,展示常州的发展历史,出土文图,和名家展览。常州博物馆,此外一楼是谢稚柳书画展,不定期还有不同主题的特色临时展览,值得一看。常州博物馆,这里环境很好,人也不是很多。常州博物馆,..."}
{"museum": "常州博物馆", "source": "https://baijiahao.baidu.com/s?id=1610374067100928732&wfr=spider&for=pc", "title": "江苏常州:“文化100”丰富市民精神粮仓", "image": "", "poster": "新华社", "time": "2018年9月1日", "content": "新华社南京9月1日电(记者眭黎曦、陈席元)9月1日,“金·玉·玲珑——大明王室的宝藏”明朝金银玉器展在江苏常州博物馆开幕,这也标志着常州市第五届“文化100”大型惠民行动正式启动。据了解,作为常州原创的文化惠民品牌,“文化100”..."}
{"museum": "常州博物馆", "source": "https://baijiahao.baidu.com/s?id=1661138504913988784&wfr=spider&for=pc", "title": "一周观展指南|上海重开放,伦敦在坚持,罗马巴黎纽约闭馆多", "image": "https://dss2.bdstatic.com/6Ot1bjeh1BF3odCf/it/u=3735434204,1419974870&fm=173&app=49&size=f242,162&n=0&g=0n&f=JPEG?s=8B084F804CD22EC040C839860300A0C1&sec=1620384603&t=df919f52ea2833a1e500756b06444a49", "poster": "澎湃新闻", "time": "2020年3月14日", "content": "从3月13日起,在上海,久违的美术馆、博物馆终于重新打开了大门。上海博物馆、中华艺术宫、上海当代艺术博物馆等均已恢复开放(同时要求网络预约并限额,进馆测体温、戴口罩及出示随申码)。此前,陕西汉中博物馆、江苏常州博物馆等也已..."}
{"museum": "常州博物馆", "source": "https://baijiahao.baidu.com/s?id=1615707721375759152&wfr=spider&for=pc", "title": "常博一甲子 阅尽六千年", "image": "", "poster": "中国经济网", "time": "2018年10月30日", "content": "在建馆60年的常州博物馆,参观者可以阅尽常州6000多年的历史。常州博物馆馆长林健告诉记者,作为一个地方性博物馆,常州博物馆集历史、艺术、自然为一体,拥有文物及自然标本共计3万余件,其中国家一级文物51件。文物藏品以良渚文化玉器、..."}
{"museum": "常州博物馆", "source": "https://baijiahao.baidu.com/s?id=1615692171167553336&wfr=spider&for=pc", "title": "常博一甲子 阅尽六千年(你所不知道的一级馆)", "image": "https://dss0.bdstatic.com/6Ox1bjeh1BF3odCf/it/u=1289637358,3307966115&fm=173&app=49&size=f242,162&n=0&g=0n&f=JPEG?s=77C798565EE3D97414BB9BBE0300F009&sec=1620384603&t=8010691a602b5d879689e7285da9830b", "poster": "海外网", "time": "2018年10月29日", "content": "在建馆60年的常州博物馆,参观者可以阅尽常州6000多年的历史。常州博物馆馆长林健告诉记者,作为一个地方性博物馆,常州博物馆集历史、艺术、自然为一体,拥有文物及自然标本共计3万余件,其中国家一级文物51件。文物藏品以良渚文化玉器、..."}
{"museum": "常州博物馆", "source": "https://baijiahao.baidu.com/s?id=1607265180379108028&wfr=spider&for=pc", "title": "点ZAN!9个一等奖6个二等奖7个三等奖……这个大赛常州娃载誉而归", "image": "https://dss0.bdstatic.com/6Ox1bjeh1BF3odCf/it/u=2447587939,1443673794&fm=173&app=25&size=f242,162&n=0&g=0n&f=JPEG?s=39B62A9F6871188CE218FFEE03006015&sec=1620384603&t=5d00f26a5cbec05ead6467e40e91a3f8", "poster": "众教育", "time": "2018年7月29日", "content": "经过紧张激烈的角逐,江苏常州赛区的22支参赛队伍斩获9个一等奖、6个二等奖、7个三等奖、1个最具潜力奖和1个最佳单项奖,同时,常州博物馆荣获年度组织奖。常州作为首次参加该项国际性赛事的分赛区,在市文明办、市教育局、市文广新局..."}
{"museum": "常州博物馆", "source": "https://baijiahao.baidu.com/s?id=1599800919985535292&wfr=spider&for=pc", "title": "初夏,带你走遍江苏296家博物馆", "image": "https://dss1.bdstatic.com/6OF1bjeh1BF3odCf/it/u=1796065635,3071473704&fm=173&app=25&size=f242,162&n=0&g=0n&f=JPEG?s=9E904B8468102BCE861C7884030030C8&sec=1620384604&t=e8c0fd448bf7f788ebc0736cecad3b25", "poster": "光明网", "time": "2018年5月7日", "content": "常州市金坛区博物馆常州市金坛区博物馆现有馆藏文物10000余件,其中达国家一级文物标准20余件,藏品包括陶瓷器、铜器、玉石器、书画等,共分六个展厅陈列。苏州苏州共有国家一级博物馆1家,二级馆1家,三级馆4家。苏州博物馆苏州博物馆..."}
{"museum": "常州博物馆", "source": "https://baijiahao.baidu.com/s?id=1594333877071047326&wfr=spider&for=pc", "title": "常州这个区狗年必须得火,经济发展太有特色了", "image": "", "poster": "宝宝的旅行", "time": "2018年3月8日", "content": "另外常州市非常有分量的常州博物馆也位于新北区,还有很多旅游景点都位于新北区,可以说新北区的旅游资源是得天独厚的,国内国家级开发区多如牛毛,但像常州新北区这样产业发展极具特色的开发区不太多见,小编觉得2018年是进一步深化城镇..."}
{"museum": "常州博物馆", "source": "https://baijiahao.baidu.com/s?id=1684353364046122429&wfr=spider&for=pc", "title": "「漆艺高品」博物馆里的大美漆画", "image": "https://dss2.bdstatic.com/6Ot1bjeh1BF3odCf/it/u=3279548549,1366686321&fm=173&app=49&size=f242,162&n=0&g=0n&f=JPEG?s=E6822CE55EB6C0D40A553D890300F092&sec=1620384604&t=cbe66a83aed1d5df5783079ec46e26e5", "poster": "非遗联盟李明泽", "time": "2020年11月26日", "content": "现藏于常州博物馆 这是一件梳妆盒，木胎，十二棱莲瓣筒状造型，由盖、盘、中、底四部分扣合而成，合口处口沿均镶包银扣。通体外髹朱漆，内髹黑漆。盖面为戗金仕女消夏图，奁身四周十二棱间戗刻有荷花、牡丹、梅花、山茶、莲花..."}
{"museum": "常州博物馆", "source": "https://baijiahao.baidu.com/s?id=1661568323571648378&wfr=spider&for=pc", "title": "西汉南越王博物馆、金沙遗址博物馆等已恢复开放", "image": "https://dss1.bdstatic.com/6OF1bjeh1BF3odCf/it/u=3880647582,2337406962&fm=173&app=49&size=f242,162&n=0&g=0n&f=JPEG?s=5C2C96550676EE6F429A61E90300E03A&sec=1620384604&t=3ac36d4013de49e05419ca0bf0c75d57", "poster": "新京报", "time": "2020年3月19日", "content": "记者查阅相关资料发现,截至目前,上海博物馆、绍兴博物馆、成都杜甫草堂博物馆、武侯祠博物馆、常州博物馆、长春博物馆、长春伪满皇宫博物院、广东省博物馆、中共三大会址纪念馆、辛亥革命纪念馆、沈阳故宫博物馆、张氏帅府博物馆、新疆博物馆..."}
{"museum": "常州博物馆", "source": "https://baijiahao.baidu.com/s?id=1661133393275935846&wfr=spider&for=pc", "title": "全国博物馆陆续恢复“营业” 广州成都等大馆下周开放", "image": "https://dss2.bdstatic.com/6Ot1bjeh1BF3odCf/it/u=3299190959,1267286603&fm=173&app=49&size=f242,162&n=0&g=0n&f=JPEG?s=255213C70331058C5568A0390300D0D1&sec=1620384604&t=9d18a80bfc434d0373e4852f4b31e3a7", "poster": "新京报", "time": "2020年3月14日", "content": "江苏省各市级博物馆先于省级博物馆恢复“营业”。 此前两天,绍兴博物馆、常州博物馆已经先后开放。下周,无锡博物院及其下属的周怀民藏画馆、程及美术馆、张闻天旧居和无锡碑刻陈列馆等也将全面对外开放。杜甫草堂观众排队保持安全距离,体温..."}
{"museum": "常州博物馆", "source": "https://baijiahao.baidu.com/s?id=1651414003263635205&wfr=spider&for=pc", "title": "青铜时代的辉煌再现——江南土墩墓发掘报告出版", "image": "https://dss0.bdstatic.com/6Ox1bjeh1BF3odCf/it/u=649149481,2127017548&fm=173&app=49&size=f242,162&n=0&g=0n&f=JPEG?s=409255990000CF1B01A42D5A0300E030&sec=1620384604&t=7f23f06301115389a99a520b85e2e950", "poster": "文物出版社", "time": "2019年11月28日", "content": "《金坛薛埠土墩墓群发掘报告》南京博物院 常州博物馆 镇江博物馆 金坛博物馆2005年4～9月,为配合宁常、镇溧高速公路建设,南京博物院等单位在江苏省金坛薛埠片区发掘了5个墓群的22座土墩墓,发现墓葬、器物群等遗迹206处,出土各类遗物..."}
{"museum": "常州博物馆", "source": "https://baijiahao.baidu.com/s?id=1650880309412441696&wfr=spider&for=pc", "title": "吓坏了!龚翔宇随队参观博物馆,被一物吓到了,展现少女一面", "image": "https://dss1.bdstatic.com/6OF1bjeh1BF3odCf/it/u=211190883,1018307970&fm=173&app=49&size=f242,162&n=0&g=0n&f=JPEG?s=0FD24284466425131C34E4920300F093&sec=1620384604&t=b10d1c9c790c07acfce1b9560470027f", "poster": "小来聊体坛", "time": "2019年11月22日", "content": "昨天,没有比赛任务的江苏女排,在蔡斌的带领之下,一同参观了常州博物馆,不过值得一提的是,就在昨天的参观当中,作为江苏女排悍将的龚翔宇则是被一物吓到了,当时龚翔宇的表情也是逗笑了不少球迷。吓坏了!龚翔宇随队参观博物馆,被一物吓..."}
{"museum": "常州博物馆", "source": "https://baijiahao.baidu.com/s?id=1631517653469722128&wfr=spider&for=pc", "title": "解读南宋戗金漆器:最早的折扇图出自温州工匠", "image": "https://dss1.bdstatic.com/6OF1bjeh1BF3odCf/it/u=3286976169,336858240&fm=173&app=49&size=f242,162&n=0&g=0n&f=JPEG?s=504690564DD8064B4A93FFBE0300C008&sec=1620384604&t=2d72dcb992a9ba43cbc1d43a75d5ea03", "poster": "浙江日报", "time": "2019年4月22日", "content": "温籍漆器成为馆藏珍品1978年春,在江苏武进县村前公社(乡)蒋塘的南宋墓葬中,出土了4件南宋戗金漆器(迄今国内只出土过5件),金光闪闪,犹如新器,这可是了不得的、填补了历史空白的发现,被常州博物馆收藏。戗金漆器,只见古籍里记载,未见..."}
{"museum": "常州博物馆", "source": "https://baijiahao.baidu.com/s?id=1680687394984409978&wfr=spider&for=pc", "title": "湖南省博物馆复原宋朝9个生活片断 感受从前“慢生活”", "image": "https://dss0.bdstatic.com/6Ox1bjeh1BF3odCf/it/u=802111057,2138832050&fm=173&app=49&size=f242,162&n=0&g=0n&f=JPEG?s=6ED003D1046B450948E4EC51030000F3&sec=1620384604&t=a291294916de2edcfc231e2aecef3aa2", "poster": "华声在线", "time": "2020年10月16日", "content": "本次原创大展由湖南省博物馆联合四川博物院、河南省文物考古研究院、陕西省考古研究院、辽宁省博物馆、上海博物馆、安徽博物院、福建博物院、浙江省文物考古研究所、佛山市博物馆、扬州博物馆、常州博物馆等13家文博单位共同主办。小贴士..."}
{"museum": "常州博物馆", "source": "https://www.sohu.com/a/335536226_120057439", "title": "回顾|“七彩的夏日”系列活动—— “梦回春秋”第五届武博夏令营...", "image": "https://dss2.bdstatic.com/6Ot1bjeh1BF3odCf/it/u=3384063374,2446986115&fm=217&app=92&size=f242,162&n=0&g=0n&f=JPEG?s=978600E24C0004CE4B99B1B90300D019&sec=1620384604&t=63864e798531570fc50ad4d9ea405425", "poster": "搜狐网", "time": "2019年8月22日", "content": "骄阳似火,8月13日至15日,武进博物馆精心打造的“梦回春秋”第五届武博夏令营研学活动吸引了全市22名学生参与。让我们一起来看一看,孩子们“梦回春秋”的这几天,与“文物们”都碰撞出了什么样的火花? "}
{"museum": "常州博物馆", "source": "https://baijiahao.baidu.com/s?id=1631660854987993634&wfr=spider&for=pc", "title": "博物馆要适应时代发展需求", "image": "https://dss2.bdstatic.com/6Ot1bjeh1BF3odCf/it/u=3921323720,1019066911&fm=173&app=49&size=f242,162&n=0&g=0n&f=JPEG?s=229014CD4E533C5B4C04DDB10300C001&sec=1620384605&t=2b134a5bd16db01e14ad6d412be3eaaf", "poster": "中国社会科学网", "time": "2019年4月24日", "content": "三是博物馆的功能,即征集、保存、研究、传播与展示代表自然和人类文化遗产的实物。四是博物馆的教育、研究、收藏载体及其研究传播的对象。会议由中国博物馆协会、中国文物报社主办,常州博物馆、《中国博物馆》编辑部承办。来源:中国社会..."}
{"museum": "常州博物馆", "source": "https://baijiahao.baidu.com/s?id=1691771224701823518&wfr=spider&for=pc", "title": "牛文化里的事业、亲情与爱情", "image": "", "poster": "美术研究", "time": "2月15日", "content": "【清】杨晋 芦滩双牛图轴 94cm×51cm 常州博物馆藏 《芦滩双牛图》是一幅寓意深邃、乡土气息浓郁的作品，把母牛与小牛的舔犊之情表现得淋漓尽致。母子牛 纸 76cm×104cm 中国美术馆藏 【清】 杨子鹤 乳牛图 西安博物院藏 《..."}
{"museum": "常州博物馆", "source": "https://baijiahao.baidu.com/s?id=1691770943874362919&wfr=spider&for=pc", "title": "晚清时期的四件王原祁小像", "image": "", "poster": "美术研究", "time": "2月15日", "content": "目前所见存世作品至少有作于清康熙四十六年(1707)的《王原祁艺菊图》卷(图 1,北京故宫博物院藏,以下简称“故宫本”)、无年款的《白描王原祁像》(图 2,南京博物院藏,以下简称“南博本”)和《王原祁像》轴(图 3,常州博物馆藏,..."}
{"museum": "常州博物馆", "source": "https://baijiahao.baidu.com/s?id=1679682971690218995&wfr=spider&for=pc", "title": "第七届“文化100”大型惠民行动正式开启", "image": "", "poster": "金投网", "time": "2020年10月6日", "content": "9月15日,第七届“文化100”大型惠民行动启动仪式暨“东方微笑——麦积山石窟艺术展”开幕式、“博物馆特展策划与推广”研讨会在江苏常州博物馆启动。此次活动由常州市委宣传部、常州市文化广电和旅游局、常州市文学艺术界联合会主办,..."}
{"museum": "常州博物馆", "source": "https://www.sohu.com/a/421518141_120057439", "title": "资讯|武进博物馆2020年中秋节国庆节开放公告", "image": "https://dss0.bdstatic.com/6Ox1bjeh1BF3odCf/it/u=3169782971,2088311431&fm=217&app=92&size=f242,162&n=0&g=0n&f=JPEG?s=39A9EF165D826B7688AF6FEF0200E03A&sec=1620384605&t=be14bc845fa6519d60087c31db514943", "poster": "搜狐网", "time": "2020年9月28日", "content": "秋凉来袭,天高云淡,农历八月十五是中秋节、团圆节,是丰收的节日,也是秋游的好时候。这个假期,武进博物馆将带领孩子们赴一场自然之约,从不一样的角度解读中秋佳节的来历和习俗,感受别样的中秋节氛围。 "}
{"museum": "常州博物馆", "source": "https://baijiahao.baidu.com/s?id=1677686780276739713&wfr=spider&for=pc", "title": "一周观展指南|伦敦再读提香“爱欲”,上博新展宋拓钟繇", "image": "https://dss0.bdstatic.com/6Ox1bjeh1BF3odCf/it/u=946381,576226207&fm=173&app=49&size=f242,162&n=0&g=0n&f=JPEG?s=C3A680E666BADBD40EAF93B00300500D&sec=1620384605&t=4cf09b98e1c010bc1cad1a0616b29b5c", "poster": "澎湃新闻", "time": "2020年9月13日", "content": "东方微笑——麦积山石窟艺术展地点:常州博物馆展期:2020年9月15日—11月1日展览汇集60件(组)来自麦积山石窟各个时期的造像、壁画、文书等文物以及59件(组)临摹作品,堪称麦积山石窟艺术在麦积山石窟以外首次全面展示。重庆新风高致 —..."}
{"museum": "常州博物馆", "source": "https://baijiahao.baidu.com/s?id=1638530050703289335&wfr=spider&for=pc", "title": "放暑假带娃去哪儿?来嘉兴博物馆看“虫虫世界”吧", "image": "https://dss0.bdstatic.com/6Ox1bjeh1BF3odCf/it/u=1141795132,3499844591&fm=173&app=49&size=f242,162&n=0&g=0n&f=JPEG?s=BA1105CF5A303082D19C487C03004019&sec=1620384605&t=30e7aeea1cb9bfb1454a95b65a9252b0", "poster": "浙江日报", "time": "2019年7月9日", "content": "上世纪20年代,法布尔用毕生精力观察昆虫的世界,写下《昆虫记》,当时人们对昆虫,所知甚少。而今,除了专业的科学家,越来越多的自然爱好者们,加入到有趣的昆虫世界。7月6日起,由嘉兴博物馆、常州博物馆联合主办的“虫虫世界——世界昆虫..."}
{"museum": "常州博物馆", "source": "https://baijiahao.baidu.com/s?id=1632302468792422282&wfr=spider&for=pc", "title": "大运河文物精品展明日开展 运河边古人生活提前看", "image": "", "poster": "中国经济网", "time": "2019年5月1日", "content": "宋代常州人注重衣冠打扮、讲究生活品位。一块由常州博物馆馆藏的“中兴复古”香饼便是当时常州人的生活写照。这块香饼于1978年在武进村前蒋塘的宋墓中出土,香饼边长5厘米、厚1厘米,呈方形,分量极轻,正面刻有“中兴复古”四字楷书。"}
{"museum": "常州博物馆", "source": "https://baijiahao.baidu.com/s?id=1617196404619965356&wfr=spider&for=pc", "title": "280余件中国历代漆器珍品“走出深闺” 在上海博物馆集中展出", "image": "https://dss1.bdstatic.com/6OF1bjeh1BF3odCf/it/u=4258325547,857259908&fm=173&app=49&size=f242,162&n=0&g=0n&f=JPEG?s=2706994F19EAA70105A508BE0300C012&sec=1620384605&t=c852204873e64551f5191c80939a3ed6", "poster": "中国新闻网", "time": "2018年11月15日", "content": "据上海博物馆馆方透露,此次漆器艺术展特别借展了浙江省博物馆、常州博物馆、福州市博物馆、大同市博物馆所藏7件重要出土漆器珍品,有些堪称顶级国宝,自出土以来从未离开过当地;另有270余件属上海博物馆馆藏文物。这也是上海博物馆时隔..."}
{"museum": "常州博物馆", "source": "https://baijiahao.baidu.com/s?id=1674354398885818766&wfr=spider&for=pc", "title": "文艺课间操:夏日接近尾声 拿着这份攻略跟桑拿天和解吧", "image": "https://dss1.bdstatic.com/6OF1bjeh1BF3odCf/it/u=1544957022,4221361459&fm=173&app=49&size=f242,162&n=0&g=0n&f=JPEG?s=A870418054139FD47CC3501E0300C0C0&sec=1620384605&t=30a48ff1427d0d80fdcd33decf73eb6b", "poster": "荔枝新闻", "time": "2020年8月7日", "content": "常州博物馆、徐州博物馆、南京民俗博物馆等也都纷纷发力,江苏各地博物馆深入挖掘地区特色文化资源,精心策划系列优质公众教育活动,努力为观众们送去了一个充实凉爽的夏天。穿行“天空之镜”好玩指数:★★☆☆☆晒伤指数:★★☆☆☆横亘在..."}
{"museum": "常州博物馆", "source": "https://baijiahao.baidu.com/s?id=1661100292278428088&wfr=spider&for=pc", "title": "下周一起,常州公共文化场馆和文博单位有序开放", "image": "https://dss0.bdstatic.com/6Ox1bjeh1BF3odCf/it/u=3079841440,1161859698&fm=173&app=49&size=f242,162&n=0&g=0n&f=JPEG?s=8CC7915EC4210CBA181FBAF80300801D&sec=1620384606&t=bd49e104852cae75a234e2e803e87c18", "poster": "地方焦点", "time": "2020年3月14日", "content": "请在常州博物馆官方网站、微信公众号进行预约。观众入馆参观必须凭预约号换取参观券,未预约者谢绝参观。入馆观众必须佩戴口罩,并在参观全程正确佩戴。进馆实行“一进一测一码”制度,在安检入口处进行体温检测并主动出示本人健康码,对体温..."}
{"museum": "常州博物馆", "source": "https://baijiahao.baidu.com/s?id=1657214845502332000&wfr=spider&for=pc", "title": "场馆关了 江苏文旅体验“不打烊”", "image": "https://dss1.bdstatic.com/6OF1bjeh1BF3odCf/it/u=1925450808,1840120197&fm=173&app=49&size=f242,162&n=0&g=0n&f=JPEG?s=E2AAB147EEBE5F8C28651C7B03008072&sec=1620384606&t=e3c68530a3b21d8b68d9e521a4ba3b21", "poster": "凤凰网房产", "time": "2020年1月31日", "content": "常州博物馆、徐州博物馆甄选出数件以鼠为题材的文物、艺术品和珍贵标本,以及其他生肖文物,以图片文字的形式,在网上展出。用户只需动动指尖,即可在线上欣赏生肖文物之美,感受新春的美好祝福。在国家文物局官网的“博物馆网上展览平台”上,..."}
{"museum": "常州博物馆", "source": "https://baijiahao.baidu.com/s?id=1642528220659888187&wfr=spider&for=pc", "title": "“行走”的文物出行指南", "image": "", "poster": "中国经济网", "time": "2019年8月22日", "content": "2016年9月至10月,湖南省博物馆馆藏94件(套)珍贵的马王堆汉墓出土文物在江苏省常州博物馆展出,吸引超过12万人次观展。文物“出门做客”远没有人们走亲访友那么简单,双方文博工作者做了大量准备工作,用“如履薄冰”来形容毫不为过。第..."}
{"museum": "常州博物馆", "source": "https://baijiahao.baidu.com/s?id=1638354675989056455&wfr=spider&for=pc", "title": "良渚王首次“进宫”!16日良渚玉器故宫开展", "image": "https://dss0.bdstatic.com/6Ox1bjeh1BF3odCf/it/u=268554940,3821493998&fm=173&app=49&size=f242,162&n=0&g=0n&f=JPEG?s=D11A30D56A2A2A0F283C0859030010C0&sec=1620384606&t=a921aa323f1c83417d1e8634e92b0195", "poster": "浙江日报", "time": "2019年7月7日", "content": "刻画此次,可以说是全国出动,集全国各地良渚玉器之大成——包括良渚博物院、故宫博物院、浙江省文物考古研究所、浙江省博物馆、山西省考古研究所、上海博物馆、南京博物院、常州博物馆、杭州市余杭博物馆、桐乡市博物馆、广东省博物馆、海丰..."}
{"museum": "常州博物馆", "source": "https://baijiahao.baidu.com/s?id=1610369200114543560&wfr=spider&for=pc", "title": "跟随国宝文物,穿越回古代“运动会”", "image": "https://dss1.bdstatic.com/6OF1bjeh1BF3odCf/it/u=3034642365,4274039346&fm=173&app=25&size=f242,162&n=0&g=0n&f=JPEG?s=EDC1A846EE3BBA5D1E5549190300E0D2&sec=1620384606&t=0a4a01926bd4c12cfb1a06d8c71181c6", "poster": "新华社新媒体", "time": "2018年9月1日", "content": "长沙窑胡童步打球俑;通高6.5厘米 底盘厚0.6-1厘米 直径4.6厘米;唐 常州博物馆藏捶丸,源于唐代的“步打球”。“步打球”由唐代马球演变而来,是将马球的打法规则与技术变为地面比赛的游戏,类似于现代曲棍球。根据《丸经》记载,捶丸..."}
{"museum": "常州博物馆", "source": "https://baijiahao.baidu.com/s?id=1600704127193443713&wfr=spider&for=pc", "title": "福利| 10套南京市博物总馆门票免费送!", "image": "https://dss0.bdstatic.com/6Ox1bjeh1BF3odCf/it/u=234870247,4049251818&fm=173&app=25&size=f242,162&n=0&g=0n&f=JPEG?s=C68B944544944FDA5C087DD10300C09E&sec=1620384606&t=b8de091e7f2b68fa3e9677057a60afde", "poster": "南京发布", "time": "2018年5月17日", "content": "02常心匠韵——常州非遗精品展时间:2018年5月18日—6月30日地点:太平天国历史博物馆常州非遗以其独具魅力的技艺特色、艺术成就和人文情怀,架起了一道与各地文明对话的桥梁,成为“文化常州”的又一张闪亮名片。本次展览遴选常州本地最..."}
