{"museum": "陈云纪念馆", "source": "https://news.tongji.edu.cn/info/1003/77422.htm", "title": "校工会组织工会干部赴陈云故居历史纪念馆参观学习", "image": "https://dss2.bdstatic.com/6Ot1bjeh1BF3odCf/it/u=905413555,2158269324&fm=217&app=2&size=f242,162&n=0&g=0n&f=JPEG?s=5F1209C7C6021AFED318B12B0300F0D1&sec=1620384594&t=344da2ec9c74cb86391f8653bd7c39c3", "poster": "同济大学新闻网", "time": "7天前", "content": "4月28日,为迎接建党100周年,校工会组织工会干部开展“探寻红色印记,不忘初心使命”陈云故居历史纪念馆参观学习活动。在讲解员的引领下,工会干部们怀着对老一辈革命家陈云同志的崇敬之情认真学习了陈云同志的先进事迹,不时驻足细细观看史料..."}
{"museum": "陈云纪念馆", "source": "https://baijiahao.baidu.com/s?id=1698196168153775168&wfr=spider&for=pc", "title": "参观陈云纪念馆 重温革命精神", "image": "https://dss2.baidu.com/6ONYsjip0QIZ8tyhnq/it/u=2974767464,141146568&fm=30&app=106&size=f242,162&n=0&g=0n&f=JPEG?s=96A063A00CA08EC8063CB09603005091&sec=1620384594&t=477d430d3ae140e09e693c67cea8ab45", "poster": "人民资讯", "time": "9天前", "content": "人民网上海4月27日电（陈晨) 26日，人民网上海频道党支部与中移（上海）信息通信科技有限公司综合党支部、交通银行上海市分行办公室党支部一起到陈云纪念馆开展主题党日活动，学习老一辈无产阶级革命家的理想和信念，汲取榜样的力量。“我..."}
{"museum": "陈云纪念馆", "source": "https://baijiahao.baidu.com/s?id=1697598634677230997&wfr=spider&for=pc", "title": "...不忘初心——我院行政四支部党员参观陈云纪念馆 开展主题党日...", "image": "https://dss1.baidu.com/6ONXsjip0QIZ8tyhnq/it/u=1984062148,140590025&fm=30&app=106&size=f242,162&n=0&g=0n&f=JPEG?s=D83863DB067019840A093D72030050D2&sec=1620384594&t=ba85c97133d97ca1288529f48ac19287", "poster": "澎湃在线", "time": "4月21日", "content": ""}
{"museum": "陈云纪念馆", "source": "http://sh.people.com.cn/n2/2021/0412/c134768-34671387.html", "title": "“改革开放从这里走来——庆祝建党100周年专题展”在陈云纪念馆举行", "image": "https://dss1.bdstatic.com/6OF1bjeh1BF3odCf/it/u=2107853200,2039877168&fm=217&app=2&size=f242,162&n=0&g=0n&f=JPEG?s=468200E6C001BB4D26E18CA20300A00D&sec=1620384594&t=49a834ba4bbcfd36a88bdf01bcd51707", "poster": "人民网", "time": "4月12日", "content": "人民网上海4月12日电 日前,为迎接建党百年,“改革开放从这里走来——庆祝建党100周年专题展”开展仪式在陈云纪念馆举行。本次展览由南昌市文化广电新闻出版旅游局和陈云纪念馆共同主办,南昌市小平小道陈云旧居陈列馆承办。 "}
{"museum": "陈云纪念馆", "source": "https://baijiahao.baidu.com/s?id=1697226561594889896&wfr=spider&for=pc", "title": "党史学习教育 | 第四司法所党支部参观陈云纪念馆", "image": "https://dss0.baidu.com/6ONWsjip0QIZ8tyhnq/it/u=2206676507,140243551&fm=30&app=106&size=f242,162&n=0&g=0n&f=JPEG?s=57BB3FC54C0B0ACC0805F0F80300E070&sec=1620384594&t=f13eb1d5a6b7f44349945f8b76381ddd", "poster": "澎湃在线", "time": "4月17日", "content": "目前60000+人已关注加入我们 4月9日,第四司法所党支部组织支部全体党员参观陈云纪念馆,以现场教育形式开展党史教育学习活动。支部党员认真参观了陈云生平业绩展、陈云文物展、陈云故居。大家认真瞻仰了伟人的风范,仔细聆听了讲解员的深情..."}
{"museum": "陈云纪念馆", "source": "https://www.sohu.com/a/460177427_120380361", "title": "2021复兴之路•薪火驿传百公里接力赛青浦赛段在陈云纪念馆起跑", "image": "https://dss0.bdstatic.com/6Ox1bjeh1BF3odCf/it/u=1896839091,1022976121&fm=217&app=2&size=f242,162&n=0&g=0n&f=JPG?s=5DD708D61EB086CA06620FBE0300500A&sec=1620384594&t=bff73358b4bf7c22401863cacd71422e", "poster": "搜狐网", "time": "4月11日", "content": "4月11日上午,由沪浙两地联合举办的2021复兴之路·薪火驿传百公里接力赛从上海中共一大会址出发,跑向浙江嘉兴南湖。这是2021年首个以迎接建党百年为主题的跨省体育赛事,也是推进落实长三角体育一体化高质量发展的有益实践。陈云纪念馆作为..."}
{"museum": "陈云纪念馆", "source": "https://news.tongji.edu.cn/info/1003/77039.htm", "title": "离退办组织离退休教师参观陈云纪念馆,开展“学党史”摄影采风", "image": "https://dss1.bdstatic.com/6OF1bjeh1BF3odCf/it/u=3153510316,2740629085&fm=217&app=2&size=f242,162&n=0&g=0n&f=PNG?s=8A804F8506CB0CEC24A5F5B40300C010&sec=1620384594&t=c849e95934598a21176e6b60812c7e0f", "poster": "同济大学新闻网", "time": "4月1日", "content": "​作为迎接中国共产党成立100周年的主题活动之一,3月31日,我校离退休工作办公室首次举行离退休教师“学党史”摄影采风活动,组织15名摄影爱好者参观市民终身学习红色文化体验基地——陈云纪念馆,并观赏了周边乡村发展的新面貌。陈云纪念馆..."}
{"museum": "陈云纪念馆", "source": "https://baijiahao.baidu.com/s?id=1695735818835140611&wfr=spider&for=pc", "title": "陈云出川纪念馆全新“升级”,里面都有啥?记者探馆", "image": "https://dss2.baidu.com/6ONYsjip0QIZ8tyhnq/it/u=1944035682,138873013&fm=30&app=106&size=f242,162&n=0&g=0n&f=JPEG?s=D32226E1080286DAC599201D03001042&sec=1620384594&t=202676ba2395dee4aae3f6bec90b0736", "poster": "川观新闻SCOL", "time": "3月31日", "content": "“在梳理史料时，我们发现老照片特别难找，那么陈云出川如何展示，成了一道难题。商讨中，我们得知上海陈云纪念馆出过陈云的漫画，宝兴县政府就马上与他们取得联系。经过沟通，他们也同意把漫画在宝兴的陈列馆里展出，还说会来观展。”王..."}
{"museum": "陈云纪念馆", "source": "http://www.thepaper.cn/newsDetail_forward_9726405", "title": "【学“四史”】上师大支部赴陈云纪念馆开展学习教育活动", "image": "https://dss1.bdstatic.com/6OF1bjeh1BF3odCf/it/u=2128170917,4185179486&fm=217&app=92&size=f242,162&n=0&g=0n&f=JPEG?s=FB145989C0050AEC0204B09103003090&sec=1620384594&t=2edcf4a223d6f02e65a03e1a72d3ed21", "poster": "澎湃新闻", "time": "2020年10月26日", "content": "10月25日,正是重阳节,秋高气爽,上师大支部开展“四史”学习教育活动,组织11名党员赴青浦练塘参观陈云纪念馆。 进入纪念馆的序厅,映入眼帘的是高3.6米的陈云汉白玉雕像,雕像两旁种了两种竹子——方竹和圆竹,象征着伟人的高风亮节。展览..."}
{"museum": "陈云纪念馆", "source": "http://www.thepaper.cn/newsDetail_forward_9219605", "title": "细数沪上红色之路的绿化建设——陈云纪念馆", "image": "https://dss2.bdstatic.com/6Ot1bjeh1BF3odCf/it/u=2118563179,2375092866&fm=217&app=92&size=f242,162&n=0&g=0n&f=JPEG?s=D43A92F06E305B8E2424E8D4030050B2&sec=1620384594&t=435c464c95dd22fc9052e14819587665", "poster": "澎湃新闻", "time": "2020年9月17日", "content": "陈云纪念馆是经中央批准建立的全国唯一系统展示陈云生平业绩的纪念馆,地处陈云同志的故乡——上海市青浦区练塘镇。提到陈云纪念馆,不知道参观过的朋友们,有没有注意到一棵白玉兰树呢?今天就让绿容君给大家介绍一下吧~ ..."}
{"museum": "陈云纪念馆", "source": "https://www.sohu.com/a/434635699_120380361", "title": "《运筹千秋——中国珠算文化展》在陈云纪念馆开展", "image": "https://dss0.bdstatic.com/6Ox1bjeh1BF3odCf/it/u=1108112825,889770767&fm=217&app=92&size=f242,162&n=0&g=0n&f=JPEG?s=99A9E115C2756B8E0C90DDE10300A031&sec=1620384594&t=ed4dda50a97d8509b793f12b6252614c", "poster": "搜狐网", "time": "2020年11月27日", "content": "近日,由江苏省文物局主办、南通中国珠算博物馆和陈云纪念馆承办的《运筹千秋——中国珠算文化展》在陈云纪念馆正式展出。 陈云一生与算盘结缘。他少年时期曾进入青浦县乙种商业学校学习了近两个月的珠算和记账,在这里,他学会了使用珠算。"}
{"museum": "陈云纪念馆", "source": "https://www.sohu.com/a/431633292_120209938", "title": "“不忘初心,牢记使命”区肢协组织残疾人参观陈云纪念馆", "image": "https://dss1.bdstatic.com/6OF1bjeh1BF3odCf/it/u=3134787891,829610268&fm=217&app=92&size=f242,162&n=0&g=0n&f=JPEG?s=87A261A7C0003CE8169925AE0300F012&sec=1620384594&t=554faec80135da293ac51640dd4ab9d7", "poster": "搜狐网", "time": "2020年11月13日", "content": "松江区肢协组织残疾人参观陈云纪念馆 11月11日是第31次上海市肢残人节。在这个特殊的日子里,松江区肢协组织50余名肢体残疾人前往青浦练塘,参观陈云纪念馆。 走进陈云纪念馆,金色的“陈云铜像”坐落在纪念馆前宽广的铜像广场。进入纪念..."}
{"museum": "陈云纪念馆", "source": "https://baijiahao.baidu.com/s?id=1679242744193747372&wfr=spider&for=pc", "title": "讲国史故事、传红色基因,陈云纪念馆红色故事大讲堂为建国71周年庆生", "image": "https://dss2.bdstatic.com/6Ot1bjeh1BF3odCf/it/u=4087765304,3688500849&fm=173&app=49&size=f242,162&n=0&g=0n&f=JPEG?s=19E1419746D84DCC2425F5F10300E035&sec=1620384594&t=3d9617c1588a8bc6c1fee669bc1452a3", "poster": "新民晚报", "time": "2020年9月30日", "content": "新民晚报讯 （记者 郭剑烽）为庆祝新中国成立71周年，回顾70多年来中国人民群众生活的巨大变化，追溯人民群众“衣、食、住、行”四个方面的发展历程，9月29日下午，陈云纪念馆举办“讲国史故事，传红色基因”红色故事大讲堂活动。图说..."}
{"museum": "陈云纪念馆", "source": "http://sh.people.com.cn/n2/2020/0930/c137167-34330037.html", "title": "陈云纪念馆:讲国史故事,传红色基因", "image": "https://dss2.bdstatic.com/6Ot1bjeh1BF3odCf/it/u=1940068134,4240328889&fm=217&app=92&size=f242,162&n=0&g=0n&f=JPEG?s=99C2439742DC4DC82625F1F10300A035&sec=1620384594&t=f614effccd44e7ccef745901cfa24737", "poster": "人民网", "time": "2020年9月30日", "content": "人民网上海9月30日电 为庆祝新中国成立71周年,回顾70多年来中国人民群众生活的巨大变化,追溯人民群众“衣、食、住、行”四个方面的发展历程,9月29日下午,陈云纪念馆举办“讲国史故事,传红色基因”红色故事大讲堂活动。 "}
{"museum": "陈云纪念馆", "source": "http://www.thepaper.cn/newsDetail_forward_8547728", "title": "【学“四史”】崇明区支部赴钱学森图书馆、陈云纪念馆开展“四史...", "image": "https://dss0.bdstatic.com/6Ox1bjeh1BF3odCf/it/u=4221757313,2437337605&fm=217&app=92&size=f242,162&n=0&g=0n&f=JPEG?s=ABBA4F80C25D4FCC7C193DE003007090&sec=1620384594&t=e21e1c934c972c35d30c2ee4026c8da7", "poster": "澎湃新闻", "time": "2020年7月31日", "content": "在全国爱国主义教育示范基地---陈云故居暨青浦革命历史纪念馆,党员们怀着对老一辈革命家陈云同志的崇敬之情认真参观,一幅幅生动感人的图片照片,一篇篇弥足珍贵的文献,一件件凝聚着对党和人民款款深情的实物,让大家不仅直观而真切地感受..."}
{"museum": "陈云纪念馆", "source": "https://baijiahao.baidu.com/s?id=1673086303240815827&wfr=spider&for=pc", "title": "上海电力大学“四史”学习教育走进陈云纪念馆", "image": "https://dss2.bdstatic.com/6Ot1bjeh1BF3odCf/it/u=3528866765,2881592510&fm=173&app=49&size=f242,162&n=0&g=0n&f=JPEG?s=502AAFF3C8E21E845514011603004093&sec=1620384594&t=a6d4df807f4caeb66cc982ae7a3d7101", "poster": "未来网高校", "time": "2020年7月24日", "content": "未来网高校频道7月24日讯(记者 杨子健 通讯员 侯智）7月21日，上海电力大学“四史”学习教育红色文化纪念场馆寻访活动暨党委中心组理论学习（扩大）会走进陈云纪念馆，聆听主题党课，开展学习研讨。该校党政领导、校党委常委、党委委员、..."}
{"museum": "陈云纪念馆", "source": "http://www.thepaper.cn/newsDetail_forward_7832910", "title": "相约今日14:00:陈云纪念馆直播《赤子情怀:陈云与上海》专题展", "image": "https://dss1.bdstatic.com/6OF1bjeh1BF3odCf/it/u=1263209036,3125229185&fm=217&app=92&size=f242,162&n=0&g=0n&f=JPEG?s=14A6AEBB462552BF099D787A03009038&sec=1620384594&t=d9e3ea35e688a4e99fdcadcf46857c4d", "poster": "澎湃新闻", "time": "2020年6月13日", "content": "陈云纪念馆讲解员带你网上参观《赤子情怀:陈云与上海》专题展。 陈云一生与上海结缘…… 出生在这里。1905年6月13日,他出生在青浦区练塘镇的一个贫农家庭,数次辍学,仅有小学学历,但少年立志。 "}
{"museum": "陈云纪念馆", "source": "http://www.thepaper.cn/newsDetail_forward_7799470", "title": "陈云纪念馆20岁了,经历的不只是时间", "image": "https://dss0.bdstatic.com/6Ox1bjeh1BF3odCf/it/u=1594078797,1813132828&fm=217&app=92&size=f242,162&n=0&g=0n&f=JPEG?s=88D3CF129F117CC008784CCB0300A0B1&sec=1620384595&t=8054e3f3ef4336972f4877c661bb47f9", "poster": "澎湃新闻", "time": "2020年6月11日", "content": "陈云纪念馆的发展目标从“四个一流”(一流设施、一流管理、一流服务、一流水平)到“四个中心”(即陈云的文物收藏中心、学术研究中心、宣传教育中心、交流协作中心)再到“三大堂、四高地”建设(初心教育大课堂、革命精神大学堂、红色故..."}
{"museum": "陈云纪念馆", "source": "http://shzw.eastday.com/eastday/city/gk/20200605/u1ai20566797.html", "title": "回顾奋斗历程、凝聚奋进力量 陈云纪念馆举行开馆20周年座谈会", "image": "https://dss1.bdstatic.com/6OF1bjeh1BF3odCf/it/u=1457413124,1145545205&fm=217&app=92&size=f242,162&n=0&g=0n&f=JPEG?s=1E346781C4114BCC6A9CFD800300E098&sec=1620384595&t=87408bdda4344544691dc55d969df194", "poster": "上海政务", "time": "2020年6月5日", "content": "东方网记者王泳婷6月5日报道:2020年6月6日,将迎来陈云纪念馆开馆20周年。6月5日下午,陈云纪念馆举行“纪念开馆20周年”座谈会,上海市委宣传部副部长、市文明办主任、陈云纪念馆管理委员会主任潘敏,上海市委党史研究室主任、陈云纪念馆..."}
{"museum": "陈云纪念馆", "source": "https://fj.qq.com/a/20200518/006552.htm", "title": "宝藏四方 直播回放| 陈云纪念馆带你云赏馆", "image": "https://dss0.bdstatic.com/6Ox1bjeh1BF3odCf/it/u=538152259,2244827389&fm=217&app=92&size=f242,162&n=0&g=0n&f=JPEG?s=842ACEB06E125ACE2624ECD4030050B2&sec=1620384595&t=8f3760e0c62aaa16f97efca6108f7026", "poster": "腾讯网", "time": "2020年5月18日", "content": "八闽新闻陈云纪念馆2020-05-18 22:11 我要分享 0 自动播放 宝藏四方:陈云博物馆带你云赏馆  腾讯视频 v.qq.com  &lt; &gt;  宝藏四方:陈云博物馆带你云赏馆 标签: 博物馆陈云四方 分享到: 腾讯微博 QQ空间 QQ好友 新浪微博 ..."}
{"museum": "陈云纪念馆", "source": "https://baijiahao.baidu.com/s?id=1675437033185221987&wfr=spider&for=pc", "title": "陈云旧居纪念馆简介", "image": "https://dss1.bdstatic.com/6OF1bjeh1BF3odCf/it/u=1261518378,4218099092&fm=173&app=49&size=f242,162&n=0&g=0n&f=JPEG?s=8E2243870407890F34A8F54303009093&sec=1620384595&t=266725dae2820666e7895eff1f57b795", "poster": "东北网", "time": "2020年8月19日", "content": "资料图片 陈云旧居纪念馆位于吉林省临江市紧靠鸭绿江边的临江林业局机关院内，总建筑面积177平方米，展厅面积133平方米。陈云旧居纪念馆1982年开馆，1984年被列为浑江市重点文物保护单位，1999年被列为吉林省级重点文物保护单位，2005年被..."}
{"museum": "陈云纪念馆", "source": "https://baijiahao.baidu.com/s?id=1670924596254613985&wfr=spider&for=pc", "title": "讲党史故事,传红色基因!陈云纪念馆红色故事大讲堂为中国共产党庆生", "image": "https://dss2.bdstatic.com/6Ot1bjeh1BF3odCf/it/u=2061051344,2558474920&fm=173&app=49&size=f242,162&n=0&g=0n&f=JPEG?s=4EB001C70EDB00C4780440A403008012&sec=1620384595&t=419d52a4a1b7d23438ff46e4808a0f47", "poster": "新民晚报", "time": "2020年6月30日", "content": "为庆祝中国共产党成立99周年，回顾党的光辉历程，歌颂党的丰功伟绩，今天下午，陈云纪念馆举办“讲党史故事，传红色基因——红色故事大讲堂”活动。图说：红色故事大讲堂现场 陈云纪念馆供图 上海是中国共产党的诞生地。1921年7月，中国..."}
{"museum": "陈云纪念馆", "source": "http://www.thepaper.cn/newsDetail_forward_6031580", "title": "宅家掌上魔都游:陈云纪念馆", "image": "https://dss1.bdstatic.com/6OF1bjeh1BF3odCf/it/u=2938890465,2666603475&fm=217&app=92&size=f242,162&n=0&g=0n&f=JPEG?s=E6701CC7DE556FEF8723C77003001059&sec=1620384595&t=2efa10675e42b73f3ff91f6b65bc9617", "poster": "澎湃新闻", "time": "2020年2月17日", "content": "陈云纪念馆地处陈云同志故乡——青浦区练塘镇,是国家一级博物馆。陈云在中华人民共和国建立后,曾任中央人民政府委员、政务院副总理兼财政经济委员会主任,主持全国的财政经济工作,被称为“共和国掌柜”。 "}
{"museum": "陈云纪念馆", "source": "https://baijiahao.baidu.com/s?id=1648715289098830902&wfr=spider&for=pc", "title": "“不忘初心、牢记使命”——我处党支部前往陈云纪念馆参观学习", "image": "https://dss2.bdstatic.com/6Ot1bjeh1BF3odCf/it/u=2885776076,461847931&fm=173&app=49&size=f242,162&n=0&g=0n&f=JPEG?s=0948995520322D96CA199C0A0300E0D1&sec=1620384595&t=363294a874a1ef1c4e504afb023d848e", "poster": "澎湃在线", "time": "2019年10月29日", "content": "10月26日上午,我处党支部来到陈云纪念馆开展“不忘初心、牢记使命”主题教育,学习老一辈无产阶级革命家的理想和信念,汲取榜样的力量。 陈云纪念馆分为四个展厅,按时间顺序展示反映陈云同志光辉一生的图片、文献、实物等史料。本次活动中..."}
{"museum": "陈云纪念馆", "source": "http://www.thepaper.cn/newsDetail_forward_4194996", "title": "【活动】陈云纪念馆“红色故事大讲堂”开讲了", "image": "https://dss0.bdstatic.com/6Ox1bjeh1BF3odCf/it/u=3062161020,1890425053&fm=217&app=92&size=f242,162&n=0&g=0n&f=JPEG?s=DF002AC6233F1B9A57F0F02303007046&sec=1620384595&t=6b72fd1dbcab9aa14708464c9b3d178e", "poster": "澎湃新闻", "time": "2019年8月18日", "content": "为充分发挥全国爱国主义教育基地的宣教功能,传承红色基因,弘扬优良传统,陈云纪念馆“红色故事大讲堂”结合红色文化和中华优秀传统文化,特举办“讲红色故事育时代新人”青少年暑期教育活动。 活动精彩 ..."}
{"museum": "陈云纪念馆", "source": "https://baijiahao.baidu.com/s?id=1653426787502134128&wfr=spider&for=pc", "title": "唱响我和我的祖国,讲好我爱我的祖国!陈云纪念馆举办第二场红色...", "image": "https://dss0.bdstatic.com/6Ox1bjeh1BF3odCf/it/u=3665298400,74935657&fm=173&app=49&size=f242,162&n=0&g=0n&f=JPEG?s=B5D2CF3258616284759018E70300E022&sec=1620384595&t=b38f083a0790a2fc9ed32b4554097fd9", "poster": "新民晚报", "time": "2019年12月20日", "content": "新民晚报讯 (记者 郭剑烽)今天下午,“唱响我和我的祖国,讲好我爱我的祖国——第二场“红色故事大讲堂”在陈云纪念馆举行。 图说:活动现场。陈云纪念馆 供图(下同) 讲好红色故事,传承红色基因,培育时代新人,凝聚奋进力量,是新时代..."}
{"museum": "陈云纪念馆", "source": "http://sh.eastday.com/m/20190820/u1ai12769599.html", "title": "陈云纪念馆“红色故事大讲堂”开讲 上海这些优秀讲解员与你一同...", "image": "https://dss1.bdstatic.com/6OF1bjeh1BF3odCf/it/u=2779441064,1118172818&fm=217&app=92&size=f242,162&n=0&g=0n&f=JPEG?s=9C8247904E60031994AC8D8B0300E080&sec=1620384595&t=127d2e0fef776932943572e9c5ed23e2", "poster": "东方网", "time": "2019年8月20日", "content": "东方网通讯员刘晶晶8月20日报道:为充分发挥全国爱国主义教育基地的宣教功能,传承红色基因,弘扬优良传统,陈云纪念馆“红色故事大讲堂”本周五即将开讲。 据了解,结合红色文化和中华优秀传统文化,陈云纪念馆“红色故事大讲堂”此次青少年暑期..."}
{"museum": "陈云纪念馆", "source": "http://sh.eastday.com/m/20190602/u1ai12557898.html", "title": "陈云纪念馆举办上海解放70周年主题活动", "image": "https://dss2.bdstatic.com/6Ot1bjeh1BF3odCf/it/u=2378646777,3261248895&fm=217&app=92&size=f242,162&n=0&g=0n&f=JPEG?s=C1AA0BF25E9A5ACC3625BDF4030090B1&sec=1620384595&t=8c307a77adb8daa7aa97436238a1e311", "poster": "东方网", "time": "2019年6月2日", "content": "东方网通讯员刘晶晶6月2日报道:今年是五四运动爆发100周年,新中国成立70周年,上海解放70周年。6月1日,陈云纪念馆志愿服务总队与黄浦区青年志愿者协会、缘梦之家志愿者服务社联合主办的“传承红色基因,续写时代华章”上海高校志愿服务团队..."}
{"museum": "陈云纪念馆", "source": "http://sh.eastday.com/m/20190531/u1ai12554572.html", "title": "东方网与陈云纪念馆签署战略合作协议", "image": "https://dss2.bdstatic.com/6Ot1bjeh1BF3odCf/it/u=1377034283,588751410&fm=217&app=92&size=f242,162&n=0&g=0n&f=JPEG?s=01804DB7568274EB5A9444F003007032&sec=1620384595&t=f4f3e25ea3ab5daf5e20fcb1dc3291b1", "poster": "东方网", "time": "2019年5月31日", "content": "东方网记者王佳燕5月31日报道:今天下午,陈云纪念馆与上海东方网股份有限公司签署战略合作协议。未来,双方将充分发挥在各自行业领域的优势和资源,在党建联建、红色文化传播、信息化平台建设、文创产品设计开发等方面开展全方位的深度合作。东方..."}
{"museum": "陈云纪念馆", "source": "https://xw.qq.com/cmsid/20190501A09TS800", "title": "【微资讯】陈云同志亲属到陈云纪念馆参观指导", "image": "https://dss1.bdstatic.com/6OF1bjeh1BF3odCf/it/u=2859232166,3265476670&fm=217&app=92&size=f242,162&n=0&g=0n&f=JPEG?s=3F204A810C1245DC4F1D29AA0300E090&sec=1620384595&t=22f65d5f6c88a07080980c8f844eb7b2", "poster": "腾讯网", "time": "2019年4月30日", "content": "4月30日下午,陈云同志外孙陈汉洲携夫人到陈云纪念馆参观指导。陈云纪念馆党委书记、馆长陈麟辉,党委副书记、纪委书记、副馆长王震凤,党委委员、副馆长方芳,以及党政办公室、陈列编研部负责人与工作人员热情接待。 "}
{"museum": "陈云纪念馆", "source": "https://xw.qq.com/cmsid/20190410A0QMPM/20190410A0QMPM00", "title": "【微资讯】蓝天不舍云归去——陈云纪念馆纪念陈云同志逝世24周年...", "image": "https://dss2.bdstatic.com/6Ot1bjeh1BF3odCf/it/u=3826201191,1633643084&fm=217&app=92&size=f242,162&n=0&g=0n&f=JPEG?s=BF224981DCE21C9C3010CD3203001093&sec=1620384595&t=d224568591f2c5c827c06b3d492cf109", "poster": "腾讯网", "time": "2019年4月10日", "content": "昨日的春雨下地并不含蓄,纪念馆竹林里,几支竹笋仿佛受到了感召,迫不及待地冒出了细嫩的脑袋。参观过陈云纪念馆的朋友们想必都知道,陈云同志最喜爱的植物便是竹子。自古以来,无数清雅之士无不为竹子秀逸的风韵所吸引;为他弯而不折..."}
{"museum": "陈云纪念馆", "source": "http://sh.eastday.com/m/20180905/u1ai11790967.html", "title": "重温历史不忘初心 “中共中央在武汉”专题展在陈云纪念馆开展", "image": "https://dss2.bdstatic.com/6Ot1bjeh1BF3odCf/it/u=3861801014,54376960&fm=217&app=92&size=f242,162&n=0&g=0n&f=JPEG?s=8B31598788A10A8CF09029B00300C031&sec=1620384595&t=b2b4bdf3771e14a618e48ebc8c20d261", "poster": "东方网", "time": "2018年9月5日", "content": "中共上海市委党史研究室副主任、陈云纪念馆管委会副主任严爱云在讲话中指出,武汉中共中央机关旧址纪念馆和陈云纪念馆联合主办的《红色记忆——中共中央在武汉》专题展,不仅是武汉中共中央机关旧址纪念馆和陈云纪念馆两馆之间交流合作的契机,同..."}
{"museum": "陈云纪念馆", "source": "https://www.sohu.com/a/353044055_815573", "title": "崧淀中学党支部赴陈云纪念馆开展 “不忘初心、牢记使命”主题教育...", "image": "https://dss0.bdstatic.com/6Ox1bjeh1BF3odCf/it/u=2440623225,1234195655&fm=217&app=92&size=f242,162&n=0&g=0n&f=JPEG?s=04A04AB01C02BEC808B4D9A103001081&sec=1620384595&t=982147375cb775332d494f4335a6a640", "poster": "搜狐网", "time": "2019年11月11日", "content": "为深入贯彻落实“不忘初心、牢记使命”主题教育活动精神,继承和发扬党的光荣传统和优良作风,11月9号中午,崧淀中学党支部组织党团员前往红色基地——陈云纪念馆进行参观学习。 在参观学习前,崧淀中学党支部全体党员观看了青浦区全媒体党课..."}
{"museum": "陈云纪念馆", "source": "https://www.sohu.com/a/326192778_120209938", "title": "市药品监管局党组组织参观陈云纪念馆暨“不忘初心、牢记使命...", "image": "", "poster": "搜狐网", "time": "2019年7月11日", "content": "2019年7月4日下午,市药品监管局党组组织局机关副处级以上干部、直属单位党政负责同志和局主题教育领导小组办公室工作人员共45人参观陈云纪念馆暨“不忘初心、牢记使命”主题教育学习研讨交流会。市药品监管局局党组书记、局长闻大翔同志主持..."}
{"museum": "陈云纪念馆", "source": "https://www.sohu.com/a/316023620_120060068", "title": "【社区党建】祥和名邸居民区党总支组织党员前往陈云纪念馆参观学习", "image": "https://dss1.bdstatic.com/6OF1bjeh1BF3odCf/it/u=2237410856,720687450&fm=217&app=92&size=f242,162&n=0&g=0n&f=JPEG?s=109AFBB21423FAE616128CD10300E09C&sec=1620384595&t=241dc71e744ae44ea9fc86cfe29f1642", "poster": "搜狐网", "time": "2019年5月23日", "content": "为筑牢党员思想根基,传承红色基因,弘扬革命精神,5月21日,祥和名邸居民区党总支组织社区党员前往陈云纪念馆参观学习。 纪念馆按时间顺序展示反映了陈云同志光辉的一生,党员们通过图片、文献、实物等史料,深刻了解了陈云同志为中国人民的解放..."}
{"museum": "陈云纪念馆", "source": "https://www.sohu.com/a/305547997_205643", "title": "【展讯】最美人间四月天,陈云纪念馆邀您参观《高昌古风——吐鲁番...", "image": "https://dss0.bdstatic.com/6Ox1bjeh1BF3odCf/it/u=1765365160,4207903454&fm=217&app=92&size=f242,162&n=0&g=0n&f=JPEG?s=11499357C2444F4D9A1930E103007030&sec=1620384595&t=1e04f76b6a3fd48c35d750fa3e034185", "poster": "搜狐网", "time": "2019年4月2日", "content": "4月1日,由陈云纪念馆和吐鲁番博物馆共同主办的《高昌古风——吐鲁番文书临摹展》在陈云纪念馆正式开展。 吐鲁番文书是我国现存最早的纸质档案,是吐鲁番地区的一张文化名片。吐鲁番古代居民习惯将废弃的公私文书裁剪成死者穿戴的鞋靴、冠帽、..."}
{"museum": "陈云纪念馆", "source": "https://xw.qq.com/cmsid/20181201A1BN9000", "title": "【微资讯】陈云纪念馆与上海对外经贸大学合作共建签约暨上海对外...", "image": "https://dss1.bdstatic.com/6OF1bjeh1BF3odCf/it/u=35877012,3427067971&fm=217&app=92&size=f242,162&n=0&g=0n&f=JPEG?s=4A10538D5C402CCC04BCA09603008082&sec=1620384595&t=8c2f81d6d5e3dfe4cde2b5466382202a", "poster": "腾讯网", "time": "2019年4月10日", "content": "陈云纪念馆党委书记、馆长陈麟辉与上海对外经贸大学工商管理学院党委书记刘根春代表双方签约,上海对外经贸大学党委宣传部部长严大龙与陈麟辉、刘根春一同为“理论教育基地”揭牌。陈云纪念馆宣教部主管钱聪主持仪式。"}
{"museum": "陈云纪念馆", "source": "https://www.sohu.com/a/246480508_645281", "title": "借鉴同行经验 传承红色文化——丁玲纪念馆一行赴陈云纪念馆参观...", "image": "https://dss1.bdstatic.com/6OF1bjeh1BF3odCf/it/u=72032358,3212582420&fm=217&app=92&size=f242,162&n=0&g=0n&f=JPEG?s=B6131DCFC6337F867BB5902003008051&sec=1620384596&t=3f7b947356b563c37d3e120b6769b0c1", "poster": "搜狐网", "time": "2018年8月11日", "content": "工作,充分发挥名人纪念馆在开展爱国主义教育、培育社会主义核心价值观的重要作用, 8月10日下午,常德市文体广新局总工程师江勇、市文物局党组书记宋仁恒、市文物局副书记副局长裴劲锋、丁玲纪念馆副馆长毛雅琴等一行6人赴陈云纪念馆参观..."}
{"museum": "陈云纪念馆", "source": "https://www.sohu.com/a/245499376_623045", "title": "陈云纪念馆赴陈云纪念馆赴朱德故居纪念园区参观调研朱德故居纪念...", "image": "https://dss1.bdstatic.com/6OF1bjeh1BF3odCf/it/u=1515343416,1823265064&fm=217&app=92&size=f242,162&n=0&g=0n&f=JPEG?s=BD3677900E106ECC68B978C1030050B8&sec=1620384596&t=3691342b97eb05097661340489c2c9d3", "poster": "搜狐网", "time": "2018年8月6日", "content": "四川民生报道网讯:朱德和陈云同为中国共产党第一代中央领导集体的重要成员,两人之间有着深厚的革命友谊。朱德同志故居纪念馆和陈云纪念馆也同属中央批准建立的全国系统展示伟人生平业绩的纪念馆。为加强馆际之间情谊,推进博物馆事业繁荣发展..."}
{"museum": "陈云纪念馆", "source": "http://js.ifeng.com/a/20180622/6673679_0.shtml", "title": "解放思想,学习前辈精神——参观陈云纪念馆", "image": "", "poster": "凤凰江苏", "time": "2018年6月22日", "content": "本次活动主要瞻仰陈云铜像、学习参观陈云纪念馆展厅、陈云故居和陈云文物展。陈云生平业绩展分为三个展厅,该展览以时间为线索,以中国社会的变迁为时代背景,从革命、建设和改革三个历史时期全面展示了陈云同志伟大光辉的一生,并从中折射出中..."}
{"museum": "陈云纪念馆", "source": "http://sh.eastday.com/m/20180503/u1ai11407651.html", "title": "周恩来专题展今在陈云纪念馆开幕", "image": "https://dss2.bdstatic.com/6Ot1bjeh1BF3odCf/it/u=3590384348,78136587&fm=217&app=92&size=f242,162&n=0&g=0n&f=JPEG?s=9682964F6E131EDE8C27F8B60300D009&sec=1620384596&t=4a4218b5125f89d92dcfd1052b83177b", "poster": "东方网", "time": "2018年5月3日", "content": "由陈云纪念馆与周恩来邓颖超纪念馆联合主办的“中国共产党人的杰出楷模周恩来”展,今天(5月3日)在陈云纪念馆隆重开展。 本次展览共分为“不忘初心、坚守信仰”,“对党忠诚、维护大局”,“热爱人民、勤政为民”,“自我革命、永远奋斗”..."}
{"museum": "陈云纪念馆", "source": "http://sh.eastday.com/m/20171107/u1ai10979849.html", "title": "陈云纪念馆举办终身学习红色文化体验基地嘉年华活动", "image": "https://dss1.bdstatic.com/6OF1bjeh1BF3odCf/it/u=3577296354,608662111&fm=217&app=92&size=f242,162&n=0&g=0n&f=JPEG?s=6C8A4C92562A70A6642D00F10300C036&sec=1620384596&t=31d62d25a14367fa270fd30f1999017c", "poster": "东方网", "time": "2017年11月7日", "content": "图片说明:上海市民终身学习红色文化体验基地嘉年华活动现场,陈云纪念馆讲解员表演评弹《云老三唱》。(陈云纪念馆供图) 东方网通讯员刘晶晶、记者付杨11月7日报道:今天下午,“红色修身,风范永传——上海市民终身学习红色文化体验基地嘉年华..."}
{"museum": "陈云纪念馆", "source": "https://www.chinanews.com/gn/2019/07-19/8901201.shtml", "title": "“陈云读书生活”展亮相上海鲁迅纪念馆", "image": "https://dss2.bdstatic.com/6Ot1bjeh1BF3odCf/it/u=4193820962,893620100&fm=217&app=92&size=f242,162&n=0&g=0n&f=JPEG?s=8B1311CFD6100BCE62AD3C210300A051&sec=1620384596&t=67b014b69c585f9b8fbf0a955017f416", "poster": "中国新闻网", "time": "2019年7月19日", "content": "7月19日,“陈云读书生活”展在上海鲁迅纪念馆拉开帷幕。上海鲁迅纪念馆 供图 中新网上海7月19日电 (王笈)由上海鲁迅纪念馆与陈云纪念馆共同举办的“陈云读书生活”展19日在上海鲁迅纪念馆拉开帷幕,以64块图文展板及65件(套)文献..."}
{"museum": "陈云纪念馆", "source": "https://www.sohu.com/a/278384913_773569", "title": "中远海运重工组织党员参观陈云纪念馆开展廉洁教育活动", "image": "https://dss1.bdstatic.com/6OF1bjeh1BF3odCf/it/u=3612289991,328039751&fm=217&app=92&size=f242,162&n=0&g=0n&f=JPEG?s=B61C1DCF86230B153008A536030090D3&sec=1620384596&t=9d51408d7b0d94d6d0ac1d67177c6373", "poster": "搜狐网", "time": "2018年11月28日", "content": "为深入贯彻落实中远海运集团党组关于开展“2018年廉洁从业主题教育月活动”相关要求,进一步增强广大干部职工廉洁从业意识,11月27日,中远海运重工党委组织党员同志赴青浦参观陈云纪念馆,开展廉洁教育活动。公司领导、总部机关各党支部和经营中心党..."}
{"museum": "陈云纪念馆", "source": "https://www.sohu.com/a/258249547_100008103", "title": "【动态】陈云纪念馆馆长陈麟辉为交通银行党校研修班和党员干部...", "image": "https://dss1.bdstatic.com/6OF1bjeh1BF3odCf/it/u=2065827426,674591427&fm=217&app=92&size=f242,162&n=0&g=0n&f=JPEG?s=A2224DA30ECA3CC620B84C2203008050&sec=1620384596&t=cb53ca50c909c023136b1ae4f931cb51", "poster": "搜狐网", "time": "2018年10月8日", "content": "为深入学习贯彻习近平新时代中国特色社会主义思想和党的十九大精神,帮助党员干部自觉用习近平新时代中国特色社会主义思想武装头脑、指导实践、推动工作,9月30日上午,交通银行党校邀请陈云纪念馆党委书记、馆长陈麟辉同志为交通银行处级干部研修班..."}
{"museum": "陈云纪念馆", "source": "https://www.sohu.com/a/219394981_761856", "title": "不忘初心 牢记使命——记真如第三小学党员参观陈云纪念馆", "image": "https://dss1.bdstatic.com/6OF1bjeh1BF3odCf/it/u=1429455170,632994991&fm=217&app=92&size=f242,162&n=0&g=0n&f=JPEG?s=BD84C0114402574D020DB08C0300E0B0&sec=1620384596&t=a35d9d0a617bffb199fcc1fc928930e1", "poster": "搜狐网", "time": "2018年1月28日", "content": "1月25日下午,虽然风雪较大,但是也挡不住党员参观红色基地——青浦陈云纪念馆的脚步。本次参观学习活动是学校党支部组织的“不忘初心 牢记使命”党日主题日活动之一,通过参观学习,感受老一辈革命家陈云同志的求真务实的革命思想,不忘初心..."}
{"museum": "陈云纪念馆", "source": "https://www.sohu.com/a/210901740_99899603", "title": "上海大学法学院师生赴陈云纪念馆参观学习教育活动", "image": "https://dss1.bdstatic.com/6OF1bjeh1BF3odCf/it/u=818094406,3929547710&fm=217&app=92&size=f242,162&n=0&g=0n&f=JPEG?s=86C09347C45525DCC49B0AB30300500E&sec=1620384596&t=d867eea0ea9e8413a27b53873f5eff92", "poster": "搜狐网", "time": "2017年12月16日", "content": "为更好学习宣传贯彻党的“十九大精神”,上海大学法学院党委于2017年12月13日,组织部分教师、学生党员、入党积极分子等近70人前往陈云纪念馆进行了深入学习教育活动。 陈云纪念馆与中共上海大学法学院委员会合作共建签约 ..."}
{"museum": "陈云纪念馆", "source": "https://www.sohu.com/a/197531079_99957043", "title": "【工作动态】上海市老领导陈铁迪一行视察陈云纪念馆绿化环境", "image": "https://dss1.bdstatic.com/6OF1bjeh1BF3odCf/it/u=4273680338,1332349406&fm=217&app=92&size=f242,162&n=0&g=0n&f=JPEG?s=00086BB10A836AC86494D1E50300B0B3&sec=1620384596&t=70c8061f1d24a43bb90b18b5647c02ed", "poster": "搜狐网", "time": "2017年10月11日", "content": "秋风送爽,国庆中秋长假之际的练塘水乡阳光明媚,风和日丽,一派祥和景象。陈云纪念馆作为全国爱国主义教育示范基地、全国廉政教育基地、全国四A旅游景区,吸引了海内外众多游客。 陈铁迪一行来馆 "}
{"museum": "陈云纪念馆", "source": "http://sh.eastday.com/m/20150828/u1ai8858020.html", "title": "数字陈云纪念馆昨正式上线开通", "image": "", "poster": "东方网", "time": "2015年8月28日", "content": "据《青年报》报道,为纪念陈云同志诞辰110周年,“数字陈云纪念馆”于昨天上午在陈云纪念馆开通。 在当前网络与生活高度融合的环境下,“数字陈云纪念馆”以实体展馆为原型,通过多媒体技术手段、Web3D的创新表现方法和互联网媒介,成功对接网络..."}
{"museum": "陈云纪念馆", "source": "http://www.chinanews.com/cul/2015/06-03/7318312.shtml", "title": "陈云纪念馆完成改造推出两大展", "image": "", "poster": "中国新闻网", "time": "2015年6月3日", "content": "本报讯 (记者 薄小波)今年是陈云同志诞辰110周年,位于陈云家乡青浦练塘的陈云纪念馆改造后重设的“陈云生平业绩展”及新推出的“永远的风采——陈云文物展”昨天开展。中央文献研究室主任冷溶,中央组织部原部长张全景,陈云同志原秘书朱佳木..."}
{"museum": "陈云纪念馆", "source": "http://sh.eastday.com/m/20150602/u1ai8737638.html", "title": "陈云纪念馆改造后首次对外开放 他的红旗轿车有坐车规矩", "image": "", "poster": "东方网", "time": "2015年6月2日", "content": "东方网6月2日消息:今天上午,陈云生平业绩展、陈云文物展在位于青浦区练塘镇的陈云纪念馆正式开展,市委副书记应勇出席开展仪式。此次展览是陈云纪念馆完成修缮改造后首次正式对外开放。展览诠释和反映陈云同志真实的生活以及优秀的品格,并展出..."}
{"museum": "陈云纪念馆", "source": "http://dangshi.people.com.cn/n/2015/0529/c85037-27076915.html", "title": "陈云纪念馆6月3日重新开馆", "image": "", "poster": "党史频道", "time": "2015年5月29日", "content": "为迎接陈云同志诞辰110周年,经中央和市委批准,陈云纪念馆对陈云同志生平业绩基本陈列展览进行改造,并新推出陈云文物展,目前进入试运行阶段。为保证正式开放的整体效果,纪念馆将于2015年5月31日至6月,陈云纪念馆6月3日重新开馆--党史频道"}
{"museum": "陈云纪念馆", "source": "http://sh.eastday.com/m/20140813/u1a8278272.html", "title": "陈云纪念馆将于本月15日至2015年6月封闭主馆", "image": "", "poster": "东方网", "time": "2014年8月13日", "content": "东方网8月13日消息:据《劳动报》报道,为了迎接陈云同志诞辰110周年,陈云纪念馆将于本月15日至2015年6月封闭主馆,对馆内陈云同志生平业绩基本陈列展览进行改造,对相关设备设施进行维修。 据悉,在主馆封闭期间,向观众开放铜像广场西侧陈..."}
{"museum": "陈云纪念馆", "source": "http://sh.eastday.com/m/20140310/u1a7972131.html", "title": "沪上红色之旅:陈云纪念馆里听红歌 练塘古镇品评弹", "image": "", "poster": "东方网", "time": "2014年3月10日", "content": "3月9日,在阳光明媚、花红柳绿的春天里,陈云纪念馆里人头攒动,歌声嘹亮。以“红色记忆”为主题的市民红色文化体验活动正在纪念馆展开。 北广场推出红歌汇演,《太阳最红、毛主席最亲》、《南泥湾》等一首首脍炙人口、耳熟能详的红色歌曲..."}
{"museum": "陈云纪念馆", "source": "https://www.sohu.com/a/349070195_99947256", "title": "...教育——参观陈云故居暨青浦历史纪念馆,争做一名优秀的共产党员", "image": "https://dss0.bdstatic.com/6Ox1bjeh1BF3odCf/it/u=585744395,1076791015&fm=217&app=92&size=f242,162&n=0&g=0n&f=JPEG?s=599829D79C1BBFC04884AD250300A063&sec=1620384596&t=ee71c3f393240ed5837390dbfadd0dca", "poster": "搜狐网", "time": "2019年10月23日", "content": "2019年10月23日上午,在党支部书记吴宝贵的带领下,党员及教师们来到了陈云故居暨青浦历史纪念馆进行参观学习。 陈云同志是伟大的无产阶级革命家、政治家,杰出的马克思主义者,中国社会主义经济建设的开创者和奠基人之一,党和国家久经考验的..."}
{"museum": "陈云纪念馆", "source": "http://www.huaxia.com/qqla/mj/2015/01/4246996.html", "title": "陈云故居暨革命历史纪念馆", "image": "", "poster": "华夏经纬网", "time": "2015年1月23日", "content": "陈云故居暨青浦革命历史纪念馆是经中央批准建立的系统展示陈云生平业绩的纪念馆。于陈云同志诞辰95周年之际,即2000年6月6日建成开馆,江泽民同志题写馆名。2001年6月,被中宣部命名为“全国爱国主义教育示范基地”。 "}
{"museum": "陈云纪念馆", "source": "http://news.sohu.com/20060628/n243984914.shtml", "title": "61件珍贵革命文物今起亮相陈云纪念馆", "image": "", "poster": "搜狐网", "time": "2006年6月28日", "content": "本报讯 (记者 胥柳曼实习生刘中龙)昨天,记者获悉,陈云同志生前所用过的礼帽、剃须刀、公文包等61件珍贵革命文物,将从今天开始,首次在陈云故居暨青浦革命历史纪念馆向广大公众展出。 据工作人员介绍,陈云出生在上海青浦地区,今年是其诞..."}
{"museum": "陈云纪念馆", "source": "https://www.chinanews.com/news/2005/2005-06-13/26/586049.shtml", "title": "图:陈云故居纪念馆展出已故中国领导人塑像", "image": "https://dss1.bdstatic.com/6OF1bjeh1BF3odCf/it/u=2330413259,2041583801&fm=217&app=92&size=f242,162&n=0&g=0n&f=JPEG?s=15E064A4D4011B5D6A0EB0330300104A&sec=1620384597&t=08f271dcd7080a465e12e95b755434fa", "poster": "中国新闻网", "time": "2005年6月13日", "content": "6月13日是已故中国领导人陈云百年诞辰。陈云故居暨青浦革命历史纪念馆是经中央批准建立的系统展示陈云生平业绩的传记性专馆,陈列布展充分运用各种展示手段,展示反映陈云光辉一生的图片、文献、实物等史料。图为陈云与毛泽东等其他中国领导人在..."}
{"museum": "陈云纪念馆", "source": "http://news.eastday.com/eastday/shnews/node42337/node42416/node65370/userobject1ai1161367.html", "title": "伟人已逝风范永存 陈云故居纪念馆添新展品", "image": "https://dss2.bdstatic.com/6Ot1bjeh1BF3odCf/it/u=3335989767,1358136508&fm=217&app=92&size=f242,162&n=0&g=0n&f=JPEG?s=61024CB856C664FA492341400300B0FA&sec=1620384597&t=527d2d020d4733d6bf52bde87736ce02", "poster": "东方网", "time": "2005年6月7日", "content": "上海市民来到陈云同志故居参观学习。 6月13日,是陈云同志诞辰100周年纪念日。为了缅怀这位在国内外享有崇高威望,深受全党、全军和全国人民尊敬、爱戴的革命家、政治家,陈云故居暨青浦革命历史纪念馆重新整理陈云同志的革命业绩,征集他使用过..."}
{"museum": "陈云纪念馆", "source": "http://news.sohu.com/20050510/n225500981.shtml", "title": "农讲所纪念馆办陈云生平业绩展", "image": "", "poster": "搜狐网", "time": "2005年5月10日", "content": "(记者成小珍通讯员王宇轩)为纪念陈云同志诞辰100周年,《陈云生平业绩展———纪念陈云同志诞辰100周年》5月12日起将在广州农讲所纪念馆展出,据悉,本展为广东首个表现陈云伟大一生的展览。 陈云同志(1905.6.13~1995.4.10)是中国共产党..."}
{"museum": "陈云纪念馆", "source": "http://www.thepaper.cn/newsDetail_forward_6646549", "title": "开馆以来,陈云纪念馆多举措保障游客健康", "image": "https://dss0.bdstatic.com/6Ox1bjeh1BF3odCf/it/u=1967903710,568572869&fm=217&app=92&size=f242,162&n=0&g=0n&f=JPEG?s=DB0A0FC0648244FF080D39050300A0C0&sec=1620384597&t=44da77bc8a8efb896409c2ed96e92ba9", "poster": "澎湃新闻", "time": "2020年3月23日", "content": "随着疫情好转,陈云纪念馆已于3月13日起恢复对外开放。开馆一周多以来,纪念馆扎实做好各项疫情防控措施,确保市民游客在健康安全的环境中,接受革命精神的洗礼。 记者在陈云纪念馆了解到,目前只开放主馆和文物馆两个场馆。游客进馆前需出示..."}
{"museum": "陈云纪念馆", "source": "http://www.thepaper.cn/newsDetail_forward_3392055", "title": "这个青年节走进陈云纪念馆", "image": "https://dss2.bdstatic.com/6Ot1bjeh1BF3odCf/it/u=3679983120,1706352770&fm=217&app=92&size=f242,162&n=0&g=0n&f=JPEG?s=BF082FC3CC9C19CE351009300300C0D2&sec=1620384597&t=0e20d2dd84554a46651b13476d0921f6", "poster": "澎湃新闻", "time": "2019年5月4日", "content": "陈云同志是伟大的无产阶级革命家、政治家、杰出的马克思主义者,是中国社会主义经济建设的开创者和奠基人之一,是党和国家久经考验的卓越领导人。 他为中国人民解放和社会主义建设事业奋斗七十多年,功勋卓著,永载史册。陈云纪念馆于2000年..."}
{"museum": "陈云纪念馆", "source": "https://www.sohu.com/a/241706233_244689", "title": "【头条】走近陈云故居 学习红色文化", "image": "https://dss0.bdstatic.com/6Ox1bjeh1BF3odCf/it/u=1177018207,1227478231&fm=217&app=92&size=f242,162&n=0&g=0n&f=JPEG?s=791B11D70A424EDE9DA1A93403004041&sec=1620384597&t=ff488940560e8e055cd6aafd2df82935", "poster": "搜狐网", "time": "2018年7月17日", "content": "7月11日下午,区科委科协党总支与上海移动金山分公司党总支共同开展学习活动,参观了位于青浦区的陈云纪念馆,学习陈云同志“坚守信仰”“党性坚强”“一心为民”“实事求是”“刻苦学习”五种精神,领略了革命英雄的风采。 "}
{"museum": "陈云纪念馆", "source": "http://sh.eastday.com/m/20190922/u1ai20014298.html", "title": "传承红色基因 陈云纪念馆举办“革命精神大学堂”专场活动", "image": "https://dss0.bdstatic.com/6Ox1bjeh1BF3odCf/it/u=3555132117,750279236&fm=217&app=92&size=f242,162&n=0&g=0n&f=JPEG?s=70239455D004C54F9A9236A30300A00E&sec=1620384597&t=1b228bf90158c603a9969bdf72cbad13", "poster": "东方网", "time": "2019年9月22日", "content": "东方网通讯员刘晶晶9月22日报道:在新中国成立70周年之际和第二批“不忘初心、牢记使命”主题教育活动深入开展之时,9月22日,“重温革命精神传承红色基因——‘革命精神大学堂’专场活动”在陈云纪念馆举行。专场活动由主题联展和论坛两部..."}
{"museum": "陈云纪念馆", "source": "http://xmwb.xinmin.cn/xmwbzone/hxht/html/2016-04/01/content_4_8.htm", "title": "陈云纪念馆观后感", "image": "", "poster": "新民晚报数字报", "time": "2016年4月1日", "content": "今天,我们去了陈云纪念馆,抱着激动的心情,去参观陈云爷爷的丰功伟绩。 一进大门,我们就看见一个很大的人物雕像,上面所刻的正是陈云爷爷。之后讲解员叔叔带我们去了体现陈云爷爷一生丰功伟绩的展示厅。 陈云爷爷出生在青浦区一个贫穷的..."}
{"museum": "陈云纪念馆", "source": "http://www.huaxia.com/qqla/mj/2015/01/4246998.html", "title": "陈云故居", "image": "", "poster": "华夏经纬网", "time": "2015年1月23日", "content": "是经中央批准建立的系统展示陈云生平业绩的传记性专馆。2000年6月6日建成开馆,江泽民总书记题写了馆名。 纪念馆地处陈云出生地--上海市青浦区练塘镇。 馆区北依市河,南临西塘港,占地面积52亩,建筑设计体现江南特色,并与陈云故居及..."}
{"museum": "陈云纪念馆", "source": "https://www.163.com/dy/article/G8T71TLP053494QU.html", "title": "香花桥街道五月新时代文明实践新一波活动预告来袭~", "image": "", "poster": "网易", "time": "5天前", "content": "五四青年节陈云纪念馆参观活动 活动时间:5月4日中午 活动地点:陈云纪念馆 组织方:袁家村新时代文明实践站 感恩母亲 “妈妈也是个大美人”母亲节照片征集活动 活动时间:4月28日-5月7日 活动地点:线上 ..."}
{"museum": "陈云纪念馆", "source": "https://xw.qq.com/cmsid/20210419A0BE6D00", "title": "携手探寻“标准尺度” 长三角一体化示范区生态环境综合执法队交流...", "image": "https://dss0.bdstatic.com/6Ox1bjeh1BF3odCf/it/u=1814953944,4233294581&fm=217&app=92&size=f242,162&n=0&g=0n&f=JPEG?s=EB9A32895EDA1ECC372065B1030080A2&sec=1620384597&t=dc7903c940bc102306d983f78f4176e6", "poster": "腾讯网", "time": "4月19日", "content": "图说:四地队员参观了陈云纪念馆 典型案例的交流环节,更是干货满满。建设高质量的长三角生态绿色一体化示范区,离不开环境执法的有力支持。今年1月,生态环境部印发了《关于优化生态环境保护执法方式提高执法效能的指导意见》,将其作为引导生..."}
{"museum": "陈云纪念馆", "source": "http://www.rmzxb.com.cn/c/2021-02-09/2783400.shtml", "title": "红色文创,联合起来", "image": "https://dss2.bdstatic.com/6Ot1bjeh1BF3odCf/it/u=1939929710,4184253046&fm=217&app=92&size=f242,162&n=0&g=0n&f=JPEG?s=7BEABB562962781B56D193FA03003035&sec=1620384597&t=43291c8da263bc7e066321a07043f2dd", "poster": "人民政协网", "time": "2月9日", "content": "中国国家博物馆的文创商店,众多文物文创身边,“社会主义核心价值观魔方”“新青年T恤”“不胜不休麂皮棒球帽”有着不太一样的气质,让观众有想“买买买”的冲动。 上海的陈云纪念馆,“唯实搪瓷杯”以陈云“不唯上、不唯书、只唯实”的..."}
{"museum": "陈云纪念馆", "source": "https://zjnews.zjol.com.cn/system/2015/05/30/020676214.shtml", "title": "《陈云家风》《陈云书风》出版座谈会在杭召开", "image": "https://dss0.bdstatic.com/6Ox1bjeh1BF3odCf/it/u=2611736244,3646834943&fm=217&app=92&size=f242,162&n=0&g=0n&f=JPEG?s=AE104781509B0FC63C0070B40300F043&sec=1620384597&t=685641d0108e657d1848b2b48415cd55", "poster": "浙江在线", "time": "2015年5月30日", "content": "【摘要】为纪念陈云同志诞辰110周年,中央文献研究室第三编研部、陈云纪念馆、浙江出版联合集团及浙江人民美术出版社共同编写、出版《陈云家风》、《陈云书风》二书。 座谈会现场 浙江在线杭州5月30日讯 ( 浙江在线记者/李鹏 编辑/陆海..."}
{"museum": "陈云纪念馆", "source": "https://www.163.com/dy/article/G8QMM3VK0514VRU2.html", "title": "【党史故事汇】真理的味道:陈望道与《共产党宣言》", "image": "https://dss0.bdstatic.com/6Ox1bjeh1BF3odCf/it/u=524226198,305418023&fm=217&app=2&size=f242,162&n=0&g=0n&f=JPEG?s=DEF70AD6CEB12C92083A0AEC0300A01C&sec=1620384597&t=e8e82a6a7ff710b9f23a7ac3ce4fa5d9", "poster": "网易", "time": "6天前", "content": "浙江省义乌市陈望道故居讲解员 陈云 他一天可以翻译8000字,《共产党宣言》就只是20000来个字,按照他的正常水平,3天就可以把这个工作做完了。但是,他足足用了两个半月的时间,从1920年2月中旬到4月底,就单单前面开头的第一句话,他就..."}
{"museum": "陈云纪念馆", "source": "https://www.sohu.com/a/458302373_120214231", "title": "学党史,重走长征路 | 全省百余名团干部来雅同上党史课", "image": "https://dss0.bdstatic.com/6Ox1bjeh1BF3odCf/it/u=853337161,1966248720&fm=217&app=2&size=f242,162&n=0&g=0n&f=JPEG?s=6FF229C74E141ACC2C1524BA03005012&sec=1620384597&t=9ca170caf613cd7f30c0c921ccfd9d5a", "poster": "搜狐网", "time": "3月31日", "content": "在陈云出川纪念馆,学员们一起聆听了“陈云出川”的微党课,看到了陈云的亲笔:“我认为,应当肯定席懋昭同志为革命烈士,并记下他在完成护送我出川这一党的重要任务重的功绩。”这是陈云为当时护送他出川的席懋昭写的证明材料。 "}
