{"museum": "大庆博物馆", "source": "https://new.qq.com/omn/20210429/20210429A010VD00.html", "title": "“五一”假期去大庆,请带好这份畅玩攻略", "image": "https://dss1.bdstatic.com/6OF1bjeh1BF3odCf/it/u=2779534785,1824574299&fm=217&app=2&size=f242,162&n=0&g=0n&f=JPEG?s=FB2220C500C031574430890D030020D9&sec=1620384594&t=28927e520b8c43b450fd36360a40b072", "poster": "腾讯网", "time": "7天前", "content": "打卡理由:有人说,要想了解一座城市,就从她的博物馆开始。走进大庆博物馆,您就能了解到这座城市的“前世今生”。猛犸象、披毛犀、野牛阵,博物馆以数百万年的演化历史及化石物陈列,使人们认识大庆地区自然与人文历史的沧桑变迁。在鉴赏古..."}
{"museum": "大庆博物馆", "source": "https://www.163.com/dy/article/G8R9ORD00530J7VL.html", "title": "全!大庆十大场馆五一开馆信息汇总", "image": "https://dss1.bdstatic.com/6OF1bjeh1BF3odCf/it/u=3540344716,4251380103&fm=217&app=2&size=f242,162&n=0&g=0n&f=JPEG?s=BDB45B9540CC1F4957104CC40300D0B3&sec=1620384594&t=d5411d63c718fd4815c47a9728fcc637", "poster": "网易", "time": "6天前", "content": "大庆博物馆 5月1日-5日正常开馆 开馆时间:9:00-16:00 注意事项:观众需提前在大庆博物馆公众号预约,来馆需携带身份证,佩戴口罩,扫龙江健康码、测温后进馆。 咨询电话:4617332 大庆市科技馆 ..."}
{"museum": "大庆博物馆", "source": "https://baijiahao.baidu.com/s?id=1696628080871519396&wfr=spider&for=pc", "title": "大庆博物馆穿越历史的时光隧道(华夏博物之旅)", "image": "https://dss1.baidu.com/6ONXsjip0QIZ8tyhnq/it/u=56861035,139686180&fm=30&app=106&size=f242,162&n=0&g=0n&f=JPEG?s=D92235775303674D7CFC18E40300A022&sec=1620384594&t=ea9a4fc3f7c02632eb2f46c5298c094c", "poster": "北青网", "time": "4月10日", "content": "原标题：大庆博物馆穿越历史的时光隧道（华夏博物之旅）④ ⑤ ⑥ ⑦ ⑧ 大庆博物馆（图⑧）是国内首家以东北第四纪古环境、古动物与古人类为主题的综合性博物馆。馆藏化石标本和文物填补了国内东北第四纪哺乳动物化石系统收藏与展示的..."}
{"museum": "大庆博物馆", "source": "https://baijiahao.baidu.com/s?id=1697723921549527514&wfr=spider&for=pc", "title": "...如今却只能在博物馆里相见——走进大庆博物馆 探访第四纪生物...", "image": "https://dss2.baidu.com/6ONYsjip0QIZ8tyhnq/it/u=1387550000,140707670&fm=30&app=106&size=f242,162&n=0&g=0n&f=JPEG?s=121119C7033B8FD008C1F5270300F041&sec=1620384594&t=e20780b13a2dbdb8ce6d0cd8d7a0d50c", "poster": "新华社", "time": "4月22日", "content": "共建地球生命共同体｜它们曾与我们同行 如今却只能在博物馆里相见——走进大庆博物馆 探访第四纪生物“化石群”距今约258万年前开始的第四纪 是地球历史最新的一个篇章 在这个时期的我国东北大地上 壮阔的古大湖 广袤的草原和湿地 哺育了..."}
{"museum": "大庆博物馆", "source": "https://3g.163.com/dy/article/G7D52BH90534TIMD.html", "title": "人民日报、学习强国两大平台刊发文章,带您走进大庆博物馆", "image": "https://dss1.bdstatic.com/6OF1bjeh1BF3odCf/it/u=2285687297,207506041&fm=217&app=2&size=f242,162&n=0&g=0n&f=JPEG?s=AD40F1170DDF44C8084DA8D10300C031&sec=1620384594&t=99dd648741e18d2e99d29aa786df4dfe", "poster": "网易新闻", "time": "4月12日", "content": "4月10日,人民日报刊发了《大庆博物馆:穿越历史的时光隧道》一文,通过介绍珍贵的馆藏化石,为读者展示了国内首家以东北第四纪古环境、古动物与古人类为主题的综合性博物馆——大庆博物馆。4月11日,学习强国“黑龙江学习平台”刊发了《..."}
{"museum": "大庆博物馆", "source": "http://www.thepaper.cn/newsDetail_forward_12150173", "title": "连续两天!大庆为啥被《人民日报》“盯”上了?", "image": "https://dss0.bdstatic.com/6Ox1bjeh1BF3odCf/it/u=4207833304,1915343177&fm=217&app=2&size=f242,162&n=0&g=0n&f=JPEG?s=9D83E5170FDF44C80A45A8D103004031&sec=1620384594&t=0e32ebf2c9e63f025fe176142c283c4b", "poster": "澎湃新闻", "time": "4月11日", "content": "大庆被《人民日报》关注! 分别都报道了什么内容? 一起来看看吧! 大庆博物馆 促进技术创新 推动产业发展 《人民日报》(2021年04月10日 第 05 版) 大庆博物馆(图⑧)是国内首家以东北第四纪古环境、古动物与古人类为主题的综合性博物..."}
{"museum": "大庆博物馆", "source": "https://baijiahao.baidu.com/s?id=1677814924038414517&wfr=spider&for=pc", "title": "原来大庆以前位于古大湖的湖底,探索大庆博物馆,涨知识", "image": "https://dss2.bdstatic.com/6Ot1bjeh1BF3odCf/it/u=1852819235,2396114838&fm=173&app=49&size=f242,162&n=0&g=0n&f=JPEG?s=B2B27584C84193476FE1341D0300C0C2&sec=1620384594&t=1b770ebccc0cd82b20e083763a8366aa", "poster": "汶河之滨", "time": "2020年9月14日", "content": "上一篇文章，介绍了大庆博物馆的基本情况。对第四纪大庆周边的自然环境进行了探索。揭开了大庆石油之城的自然原因，找到了大庆百湖之城、北国温泉之乡的奥秘。不得不感慨这是大自然的馈赠。接下来，我们继续探索一下东北第四纪哺乳动物的..."}
{"museum": "大庆博物馆", "source": "https://baijiahao.baidu.com/s?id=1677639344549330839&wfr=spider&for=pc", "title": "大庆为什么那么多石油?大庆为什么叫百湖之城?-探索大庆博物馆", "image": "https://dss0.bdstatic.com/6Ox1bjeh1BF3odCf/it/u=2508584803,2980299342&fm=173&app=49&size=f242,162&n=0&g=0n&f=JPEG?s=EE104D8055EF3F0D4469D1150300B0C0&sec=1620384594&t=817f07f4a059dab591eaba7f7463197a", "poster": "汶河之滨", "time": "2020年9月12日", "content": "那么为什么大庆有这么多石油呢？为什么大庆被称为百湖之城呢？带着这些疑问，小编今天探访了大庆博物馆。大庆博物馆简介 大庆博物馆位于龙凤区文苑街，毗邻大庆规划展览馆和大庆歌剧院。它是集古环境、古动物与古人类为一体的综合性博物馆..."}
{"museum": "大庆博物馆", "source": "http://www.thepaper.cn/newsDetail_forward_8174636", "title": "如何将养老保险从个体转为在职?大庆博物馆开馆了吗?回复来了~", "image": "https://dss2.bdstatic.com/6Ot1bjeh1BF3odCf/it/u=915504159,3661651335&fm=217&app=92&size=f242,162&n=0&g=0n&f=JPEG?s=E91360949C70E58AC7C105D1030010B6&sec=1620384594&t=63466291ee92d56fe16b23aa67633371", "poster": "澎湃新闻", "time": "2020年7月8日", "content": "您好,个体转在职,不需要补缴。如果企业劳资员用企业秘钥办理转移,转移人员可下载“龙江人社”APP,自行办理停保。 博物馆开馆问题 近日,网友“1213096413”通过“百湖民声”大庆市网络问政平台进行问政: ..."}
{"museum": "大庆博物馆", "source": "https://baijiahao.baidu.com/s?id=1646901150220333558&wfr=spider&for=pc", "title": "大庆职业学院组织师生参观铁人纪念馆及大庆博物馆", "image": "https://dss1.bdstatic.com/6OF1bjeh1BF3odCf/it/u=1666986417,1225843385&fm=173&app=49&size=f242,162&n=0&g=0n&f=JPEG?s=95A068B4545405DA1D95B88D03005080&sec=1620384594&t=2ce4f69266529e6fa0c53db1d714f602", "poster": "未来网高校", "time": "2019年10月9日", "content": "未来网高校频道10月9日讯(记者 杨子健 通讯员 杨超)10月2日和10月4日,大庆职业学院学生工作部组织40余名在校师生分别参观铁人纪念馆和大庆博物馆。 10月2日上午,该院师生们抵达庄严而肃穆的纪念馆,怀着崇敬之情,依次步入馆内。在..."}
{"museum": "大庆博物馆", "source": "http://www.daqing.gov.cn/zwdt/qszwxx/555851.shtml", "title": "从一座展馆看大庆的前生今世", "image": "https://dss1.bdstatic.com/6OF1bjeh1BF3odCf/it/u=2670808473,4141918503&fm=217&app=92&size=f242,162&n=0&g=0n&f=JPEG?s=69A1A557B0EA6D0914B938E40300E030&sec=1620384594&t=918f42915edfe800ee62fb7654d9eaf3", "poster": "大庆市政府网", "time": "2017年4月26日", "content": "已发现的东北第四纪时期猛犸象—披毛犀动物群有45种动物,大庆博物馆收藏到43种,填补了国内东北第四纪哺乳动物化石收藏的空白,是全国乃至世界上专业性收藏猛犸象—披毛犀动物群化石种属最全、数量最多、品质最好的博物馆。 "}
{"museum": "大庆博物馆", "source": "https://baijiahao.baidu.com/s?id=1645975822163418522&wfr=spider&for=pc", "title": "大庆市大庆油田景点 免费攻略", "image": "https://dss0.bdstatic.com/6Ox1bjeh1BF3odCf/it/u=3771866737,436683807&fm=173&app=49&size=f242,162&n=0&g=0n&f=JPEG?s=EAA20FC0536C290F09AD51090300A090&sec=1620384594&t=a64edc4d68731e1a89b91f977a10355c", "poster": "秘联盟gw", "time": "2019年9月29日", "content": "大庆油田文化,石油员工风采的重要基地。  油田历史陈列馆 大庆博物馆。大庆博物馆于1964年组建。宣传大庆,精神和铁人精神发挥了重要作用。博物馆位于大庆市开发区火炬新街教育文化中心,建筑面积18,700平方米。大庆博物馆为国家二级博物馆,..."}
{"museum": "大庆博物馆", "source": "https://xw.qq.com/cmsid/20200318A07L7X00", "title": "来大庆旅游,一定不能错过的三个景点,全去过的肯定是东北人", "image": "https://dss1.bdstatic.com/6OF1bjeh1BF3odCf/it/u=3432495709,2092190397&fm=217&app=92&size=f242,162&n=0&g=0n&f=JPEG?s=2E6265839E2C068E918DA91303001091&sec=1620384594&t=0916076c15e9bdd3bcebfed0de47b8c8", "poster": "腾讯网", "time": "2020年3月18日", "content": "大庆博物馆中藏着大量的化石骨架和细石器,不仅数量大,而且品质优,全方面的向你展示着丰富的古动物,以及过去的古环境,绝对可以颠覆你的想象,丰富你的知识,你一定不能错过这座博物馆。 第2个:龙凤湿地 ..."}
{"museum": "大庆博物馆", "source": "https://baijiahao.baidu.com/s?id=1698971400340851355&wfr=spider&for=pc", "title": "亲子游青睐短途“文化游”", "image": "https://dss1.baidu.com/6ONXsjip0QIZ8tyhnq/it/u=1007835008,141868579&fm=30&app=106&size=f242,162&n=0&g=0n&f=JPEG?s=98BAF7B2CEB26BAF98A5E185030090E3&sec=1620384594&t=6859dceaae93a4575f8ee582a2a7adaf", "poster": "二三里哈尔滨", "time": "9小时前", "content": "2日在扎龙看丹顶鹤，一家人找了家特色店吃烤肉，吃完饭买了当晚去大庆的火车票，在火车上预订大庆的民宿，预约3日下午参观大庆博物馆。“完全是说走就走的旅行，3日早上睡到自然醒，感觉不太累，我们临时决定上午去龙凤湿地公园玩。..."}
{"museum": "大庆博物馆", "source": "https://baijiahao.baidu.com/s?id=1698874171105835266&wfr=spider&for=pc", "title": "“2小时”坐火车逛省内,“五一”长假家长热衷带娃短途“文化游”", "image": "https://dss0.baidu.com/6ONWsjip0QIZ8tyhnq/it/u=1152550781,141778019&fm=30&app=106&size=f242,162&n=0&g=0n&f=JPEG?s=0F867C2389DEFDEB4E7441DA0000C0B2&sec=1620384594&t=cb051239d25e3d14835754c3b6183125", "poster": "哈尔滨新闻网", "time": "昨天07:57", "content": "为了让旅行舒服些,王先生一家总是在一个地方玩够了,再决定什么时候去下一个目的地——2日在扎龙看丹顶鹤,一家人找了家特色店吃烤肉,吃完饭再买当晚去大庆的火车,在火车上预定大庆的民宿,预约了3日下午参观大庆博物馆。 “完全是说..."}
{"museum": "大庆博物馆", "source": "https://www.sohu.com/a/455372997_618379", "title": "春游大庆 | 所有的好久没见 都酝酿成了想念 来大庆赴一个春天的...", "image": "https://dss2.bdstatic.com/6Ot1bjeh1BF3odCf/it/u=3774785786,2045868570&fm=217&app=92&size=f242,162&n=0&g=0n&f=JPEG?s=B7325E84825842656809F0D1030030B9&sec=1620384594&t=84e810e2845e0e682e51cef4916ff9d2", "poster": "搜狐网", "time": "3月12日", "content": "上仓农业采摘园——坑烤——大庆博物馆——大庆石油馆——大庆赛车小镇观影 线路二:撒欢去纵情奔驰逐梦 青青草原骑马——蒙餐——连环湖温泉——唐宫别墅 线路三:回望工业史诗积淀力量再出发 ..."}
{"museum": "大庆博物馆", "source": "https://new.qq.com/rain/a/20210421V01CUF00", "title": "游览大庆市博物馆,走进猛犸象的世界,各种远古动物层出不绝!", "image": "", "poster": "腾讯网", "time": "4月21日", "content": "游览大庆市博物馆,走进猛犸象的世界,各种远古动物层出不绝!2021 04/21 08:05 小苏大白的奇妙旅行企鹅号 分享 评论 0 腾讯视频 v.qq.com  免责声明:本文来自腾讯新闻客户端自媒体,不代表腾讯网的观点和立场。"}
{"museum": "大庆博物馆", "source": "http://ent.cnr.cn/ylzt/bwgs/zjgb/20210415/t20210415_525462815.shtml", "title": "大庆市博物馆:东北第四纪哺乳动物化石", "image": "", "poster": "央广网", "time": "4月15日", "content": "大庆市博物馆:东北第四纪哺乳动物化石编辑: 王霞 相关阅读 中央广播电视总台 央广网 版权所有X  频道导航 新闻 财经 军事 文化 教育 科技 旅游 健康 广告 地方频道 北京 天津 河北 山西 内蒙古 辽宁 吉林 黑龙江 上海 江苏 淅江 安徽..."}
{"museum": "大庆博物馆", "source": "http://www.hdzc.net/qysx/ywy93k/18790449.html", "title": "大庆私人博物馆展柜制造厂家", "image": "https://dss2.bdstatic.com/6Ot1bjeh1BF3odCf/it/u=333656452,2069770259&fm=217&app=2&size=f242,162&n=0&g=0n&f=JPEG?s=40A39053566C210F2B15E4790300A062&sec=1620384594&t=6129821c3a600fbed1e9c08109b5980f", "poster": "邯郸之窗", "time": "4月25日", "content": "大庆私人博物馆展柜制造厂家 北京华艺恒辉展览展示有限公司拥有独立的制作工厂和现代化的加工设备和技术,严格的管理操作模式,拥有一支技术精湛,配合默契,经验丰富的高素质员工,汇集了一批富有创意的设计师和高度敬业的展览展示,展柜制作专家及..."}
{"museum": "大庆博物馆", "source": "https://baijiahao.baidu.com/s?id=1661029670217091484&wfr=spider&for=pc", "title": "云游龙江,遇见720°美丽山水——百湖之城温泉之乡大庆", "image": "https://dss1.bdstatic.com/6OF1bjeh1BF3odCf/it/u=2441950536,1553420791&fm=173&app=49&size=f242,162&n=0&g=0n&f=JPEG?s=A72266A564515DCE18118CD10300009B&sec=1620384594&t=ce5db91c321da0bca63717c6891f2763", "poster": "东北网", "time": "2020年3月13日", "content": "春夏秋三季，这里绿草茵茵，花团锦簇，青松低翠，白杨挺拔；到了冬季，庄严的纪念馆、巍峨的井架，银装素裹的庭院，展现了北国油城特有的风光。历史文化——大庆博物馆 大庆博物馆是这座城市的“文化地标”和“珍贵名片”。大庆博物馆..."}
{"museum": "大庆博物馆", "source": "https://heilongjiang.dbw.cn/system/2018/10/03/058081596.shtml", "title": "十一不远游!去油城大庆吃喝玩乐一条线攻略送给你", "image": "https://dss0.bdstatic.com/6Ox1bjeh1BF3odCf/it/u=3273752775,2775570540&fm=217&app=92&size=f242,162&n=0&g=0n&f=JPEG?s=AE7265859E2C0E8ED18DA91303000091&sec=1620384595&t=09db9de0746a79b1f11d4145130e634e", "poster": "东北网", "time": "2018年10月3日", "content": "第一站大庆博物馆 大庆博物馆,AAAA级景区,是国家一级博物馆、全国科普教育基地。展馆建筑面积18700平方米,展厅面积为12000平方米,馆藏化石10余万件,物种达43种,是全国乃至世界上专业性收藏猛犸象、披毛犀动物群化石种属最全、数量最多..."}
{"museum": "大庆博物馆", "source": "https://baijiahao.baidu.com/s?id=1651092620951297573&wfr=spider&for=pc", "title": "到了大庆,除了油田出名,还有什么地方是要知道的", "image": "https://dss1.bdstatic.com/6OF1bjeh1BF3odCf/it/u=1634402658,2276394582&fm=173&app=49&size=f242,162&n=0&g=0n&f=JPEG?s=78DC778E41713988FAB0A5250300B043&sec=1620384595&t=62e897501f6cdc0acc3be2cb39351abc", "poster": "幸运转世界702", "time": "2019年11月24日", "content": "首当其冲的就是大庆博物馆。了解一个地方,就先去了解它的历史。大庆市博物馆位于大庆市高新开发区文苑街,与大庆歌剧院,大庆书苑比邻。是集古环境、古动物与古人类为一体的综合性博物馆,是国家二级博物馆,全国科普教育基地。作为免费开..."}
{"museum": "大庆博物馆", "source": "https://heilongjiang.dbw.cn/system/2018/09/29/058079716.shtml", "title": "十一假期不泡“汤”!大庆这些场馆正常开放", "image": "", "poster": "东北网", "time": "2018年9月29日", "content": "大庆博物馆新馆前身为大庆展览馆,与大庆歌剧院、大庆规划展示馆比肩相接。大庆博物馆基本陈列主要有《东北第四纪哺乳动物》、《大庆古代历史》和《东北第四纪自然环境》。这里全方位展示了大庆古代、近代历史,油田开发建设史、现代化城市建设..."}
{"museum": "大庆博物馆", "source": "https://www.sohu.com/a/159309531_800948", "title": "大庆地区晚更新世真猛犸象摄食行为的研究取得新进展", "image": "https://dss2.bdstatic.com/6Ot1bjeh1BF3odCf/it/u=872144546,686533790&fm=217&app=92&size=f242,162&n=0&g=0n&f=JPEG?s=5AAC3C620182C94F5A7D21DA000080B1&sec=1620384595&t=b5f89e1af7815ee1498ae7a2bf52ba52", "poster": "搜狐网", "time": "2017年7月23日", "content": "为此,中国科学院大学考古学与人类学系、中国科学院古脊椎动物与古人类研究所和大庆市博物馆共同合作,利用化石动物骨骼的碳、氮同位素分析技术,对大庆博物馆馆藏真猛犸象及伴生动物群的摄食模式进行了量化分析和初步探讨,以博士研究生马姣..."}
{"museum": "大庆博物馆", "source": "https://baijiahao.baidu.com/s?id=1685504734819755525&wfr=spider&for=pc", "title": "每一处都有闪光的足迹 大庆四地入选全省第七批爱国主义教育基地", "image": "https://dss2.bdstatic.com/6Ot1bjeh1BF3odCf/it/u=2075215844,2435349127&fm=173&app=49&size=f242,162&n=0&g=0n&f=JPEG?s=EB7407D04E016ACC26108C440300C0F2&sec=1620384595&t=23097b65969a7121c31305401774debc", "poster": "绝对现场", "time": "2020年12月8日", "content": "铁人王进喜纪念馆、第一采油厂第三油矿中四采油队“三老四严”传统教育室、大庆博物馆、大庆石油馆……在大庆这片充满红色记忆的土地上，近30个市县级、省级乃至国家级爱国主义教育基地深入开展群众性爱国主义教育活动，发挥着激发爱国热情..."}
{"museum": "大庆博物馆", "source": "https://baijiahao.baidu.com/s?id=1675326972916484932&wfr=spider&for=pc", "title": "周末游丨黑龙江省文旅厅推荐大庆“十大线路”", "image": "https://dss1.bdstatic.com/6OF1bjeh1BF3odCf/it/u=859438431,3000350218&fm=173&app=49&size=f242,162&n=0&g=0n&f=JPEG?s=3E1A60844C111DCC0614DDA00300E09F&sec=1620384595&t=16155fecf666412aa6c92c69b3c82c1f", "poster": "绝对现场", "time": "2020年8月18日", "content": "线路名称：大庆寻找铁人记忆之旅1日游 线路行程：铁人王进喜纪念馆—大庆石油科技馆—铁人第一口井（萨-55井）—陈家大院泡丛式井—大庆石油馆 主题八：都市风情（1条）线路名称：大庆油城观光休闲2日游 线路行程：龙凤湿地—大庆博物..."}
{"museum": "大庆博物馆", "source": "https://baijiahao.baidu.com/s?id=1698432230428200354&wfr=spider&for=pc", "title": "全了!大庆十大场馆五一假期开馆信息早知道", "image": "https://dss1.baidu.com/6ONXsjip0QIZ8tyhnq/it/u=405558222,141366560&fm=30&app=106&size=f242,162&n=0&g=0n&f=JPEG?s=B9946B900E9B0AC81E8455160300E0EB&sec=1620384595&t=4625633b8b0205664156795ea0ea560a", "poster": "东北网", "time": "6天前", "content": "小编帮你汇总了大庆市十大场馆开闭馆时间，快提前了解一下吧。　大庆市图书馆 5月1日-5日正常开馆 开闭馆时间：8:00-17:00 注意事项：读者入馆仍须提前实名预约，并佩戴口罩 咨询电话：0459-5071762 　大庆博物馆 5月1日-5日..."}
{"museum": "大庆博物馆", "source": "https://baijiahao.baidu.com/s?id=1698444897504099455&wfr=spider&for=pc", "title": "全!大庆市十大场馆五一开馆信息汇总", "image": "https://dss0.baidu.com/6ONWsjip0QIZ8tyhnq/it/u=4064391951,141378218&fm=30&app=106&size=f242,162&n=0&g=0n&f=JPEG?s=10AF4AB6B57CB3CEA6BB58810300F088&sec=1620384595&t=10253476f5c91a2ddc068e18e84a4dd0", "poster": "绝对现场", "time": "6天前", "content": "注意事项:观众需提前在大庆博物馆公众号预约,来馆需携带身份证,佩戴口罩,扫龙江健康码、测温后进馆。 咨询电话:4617332 大庆市科技馆 5月1日-5日正常开馆 开馆时间:9:00-16:00 注意事项:提前预约。进馆需带身份证、预约码,并佩戴..."}
{"museum": "大庆博物馆", "source": "https://baijiahao.baidu.com/s?id=1698175197442958532&wfr=spider&for=pc", "title": "38条五一游龙江精品线路,102个小长假出行目的地出炉!黑龙江为你备...", "image": "https://dss2.baidu.com/6ONYsjip0QIZ8tyhnq/it/u=1156854034,141127341&fm=30&app=106&size=f242,162&n=0&g=0n&f=JPEG?s=D342A6E20C4328D4092D0910030010DA&sec=1620384595&t=0ff78b4a3fa45331de6960c58d35adb4", "poster": "澎湃在线", "time": "9天前", "content": ""}
{"museum": "大庆博物馆", "source": "https://baijiahao.baidu.com/s?id=1698208877476475658&wfr=spider&for=pc", "title": "38条精品线路102个目的地!黑龙江为你备好“五一”小长假旅游...", "image": "https://dss2.baidu.com/6ONYsjip0QIZ8tyhnq/it/u=3740171355,141158836&fm=30&app=106&size=f242,162&n=0&g=0n&f=JPEG?s=999EB7F2E40321EFD8B52E000300B0D7&sec=1620384595&t=be0b0c038eaf0595eaa98eece572a89d", "poster": "西部文明播报", "time": "9天前", "content": "龙凤湿地(观鸟)—上仓农业采摘园(采摘)—午餐(三聚德坑烤)—大庆博物馆(猛犸象化石)—大庆赛车小镇(涂鸦城、观赛事)—黎明湖(栈桥夜景)—晚餐(九龙潭温泉汇馆)—入住九龙潭温泉汇馆(九龙夜宴)—返程 5.春风生粉颊，再美也比不上..."}
{"museum": "大庆博物馆", "source": "https://baijiahao.baidu.com/s?id=1695092953231187655&wfr=spider&for=pc", "title": "阳春三月兴味长,休负春色好时光", "image": "https://dss2.baidu.com/6ONYsjip0QIZ8tyhnq/it/u=1650454175,3246515309&fm=173&app=49&size=f242,162&n=0&g=0n&f=JPEG?s=30206AFACA31EEC64AA58F2303007057&sec=1620384595&t=720b9cf7e686813cf4e43ba5878f8b70", "poster": "趣龙江", "time": "3月24日", "content": "展厅内，以史为证，共建殷殷报国心。所到处，音容犹存，同感拳拳创业情。铁骨柔肠，剑胆琴心，舍身一跳惊天地。有馆如斯，万世为荣，浩气长存念英雄。地址：让胡路区中原路2号 史前“猛”物萌翻你 大庆博物馆 有人说，要想了解..."}
{"museum": "大庆博物馆", "source": "https://baijiahao.baidu.com/s?id=1696975755404004845&wfr=spider&for=pc", "title": "大庆安达:共同做好两地文旅区域合作发展“文章”", "image": "", "poster": "东北网", "time": "4月14日", "content": "市文化广电和旅游局党组成员、副局长南春丽也表示,安达在石油遗址和文化遗存保护等方面做了很多努力,契合安达市城市文旅发展定位,值得大庆学习借鉴。建议在两地下一步的区域合作中,可以尝试将安达“牛文化”与大庆博物馆古生物“野牛群”..."}
{"museum": "大庆博物馆", "source": "https://xw.qq.com/cmsid/20210428A087VH00", "title": "“五一”小长假 黑龙江推出38条游龙江精品旅游线路|牡丹江|哈尔滨...", "image": "https://dss1.bdstatic.com/6OF1bjeh1BF3odCf/it/u=2038123001,1826968770&fm=217&app=2&size=f242,162&n=0&g=0n&f=JPEG?s=B2A9FA035951F8DE5AA582D9030010B7&sec=1620384595&t=d338bebb43d5f7338f5f15c6398cc0b7", "poster": "腾讯网", "time": "8天前", "content": "龙凤湿地(观鸟)—上仓农业采摘园(采摘)—午餐(三聚德坑烤)—大庆博物馆(猛犸象化石)—大庆赛车小镇(涂鸦城、观赛事)—黎明湖(栈桥夜景)—晚餐(九龙潭温泉汇馆)—入住九龙潭温泉汇馆(九龙夜宴)—返程 5.赏花观鸟之旅: 林源72公里环..."}
{"museum": "大庆博物馆", "source": "https://baijiahao.baidu.com/s?id=1698271393099360231&wfr=spider&for=pc", "title": "“五一”小长假 黑龙江推出38条游龙江精品旅游线路", "image": "https://dss0.baidu.com/6ONWsjip0QIZ8tyhnq/it/u=2366323359,141216649&fm=30&app=106&size=f242,162&n=0&g=0n&f=JPEG?s=912ADFB092C97B457694E97403001073&sec=1620384595&t=3f74b52b5b846d60e53671ad20b4093b", "poster": "金台资讯", "time": "8天前", "content": "龙凤湿地(观鸟)—上仓农业采摘园(采摘)—午餐(三聚德坑烤)—大庆博物馆(猛犸象化石)—大庆赛车小镇(涂鸦城、观赛事)—黎明湖(栈桥夜景)—晚餐(九龙潭温泉汇馆)—入住九龙潭温泉汇馆(九龙夜宴)—返程 5.赏花观鸟之旅：林源72公里..."}
{"museum": "大庆博物馆", "source": "https://baijiahao.baidu.com/s?id=1694306169631331266&wfr=spider&for=pc", "title": "公示!大庆23个国防教育基地,附地址、电话↘", "image": "", "poster": "选调生", "time": "3月15日", "content": "铁人王进喜纪念馆 大庆油田历史陈列馆 大庆博物馆 大庆市青少年宫 肇州二中 全市23个爱国主义教育基地 和国防教育基地 名称、地点和开放时间 公布↓↓↓ 作者/来源：大庆电视台绝对现场 声明：版权归原创所有，转载此文是出于传递更多信息..."}
{"museum": "大庆博物馆", "source": "https://baijiahao.baidu.com/s?id=1671624176023106976&wfr=spider&for=pc", "title": "如何将养老保险从个体转为在职?大庆博物馆开馆了吗?回复来了~", "image": "https://dss2.bdstatic.com/6Ot1bjeh1BF3odCf/it/u=2397415298,1163836283&fm=173&app=49&size=f242,162&n=0&g=0n&f=JPEG?s=B803F1142BFA068C2A84BB860300308E&sec=1620384595&t=c20dbc761910f553a4fe881e9836b31a", "poster": "澎湃在线", "time": "2020年7月8日", "content": "博物馆开馆问题近日,网友“1213096413”通过“百湖民声”大庆市网络问政平台进行问政: 大庆博物馆开馆了吗?开馆时间是怎么安排的?有什么注意事项吗?谢谢! 7月7日市文化广电和旅游局回复:大庆博物馆已开放参观,实行网络实名制分时预约参观..."}
{"museum": "大庆博物馆", "source": "https://baijiahao.baidu.com/s?id=1656067245852887520&wfr=spider&for=pc", "title": "快收藏!春节期间大庆各大场馆开放时间出炉", "image": "https://dss1.bdstatic.com/6OF1bjeh1BF3odCf/it/u=1305289815,2640367484&fm=173&app=49&size=f242,162&n=0&g=0n&f=JPEG?s=5AB531C4E453BBC61ABB9D890300E099&sec=1620384595&t=5bb23b9ffd7844b253b9115c88cea0f1", "poster": "澎湃在线", "time": "2020年1月18日", "content": "大庆市图书馆 1月24日至27日(除夕至初三)闭馆,1月28日至31日(初四至初七)开馆时间为9时至15时。大庆博物馆 1月24日至27日(除夕至初三)闭馆,1月28日至30日(初四至初六)开馆时间为9时至15时30分(15时后停止入馆)。铁人..."}
{"museum": "大庆博物馆", "source": "https://baijiahao.baidu.com/s?id=1650639960663652270&wfr=spider&for=pc", "title": "天然百湖之城:大庆,你去过吗?", "image": "https://dss2.bdstatic.com/6Ot1bjeh1BF3odCf/it/u=1617607139,1541217651&fm=173&app=49&size=f242,162&n=0&g=0n&f=JPEG?s=FD032FD15EC037434A25001F0300F0D3&sec=1620384595&t=f1dd57cac3161e1e3a466d348fb82047", "poster": "李博谈旅游", "time": "2019年11月19日", "content": "大庆博物馆周一闭馆其余每天上午九点到下午四点免费开放。在大庆博物馆了解了历史之后,一定要了解一下大庆的规划历程,与大庆博物馆相邻的就是大庆城市规划馆,整个规划馆以时间为顺序,介绍了大庆的过去,当今发展以及将来的规划,立足大庆自身..."}
{"museum": "大庆博物馆", "source": "https://baijiahao.baidu.com/s?id=1621755551932147197&wfr=spider&for=pc", "title": "除了首尔中央大学、大庆博物馆,很值得去的知名旅游景点原来还有这些", "image": "https://dss1.bdstatic.com/6OF1bjeh1BF3odCf/it/u=2511681054,3426456914&fm=173&app=49&size=f242,162&n=0&g=0n&f=JPEG?s=CF06A6454EE35F3402A36DD90300C08A&sec=1620384595&t=f47610a513a47eef7e2580e86393aaeb", "poster": "百闻旅行", "time": "2019年1月5日", "content": "#1 大庆博物馆简介:大庆市博物馆前身为大庆展览馆,于1964年组建,曾经在油田开发建设的各个历史阶段为宣传大庆精神,铁人精神发挥了重要作用。大庆市博物馆新馆位于大庆市开发区文苑街2号,建筑面积18700平方米,与大庆歌剧院、大庆书苑比肩相..."}
{"museum": "大庆博物馆", "source": "https://new.qq.com/omn/20210421/20210421V0F02Q00.html", "title": "大庆市博物馆,震撼体验,还能签名。", "image": "", "poster": "腾讯网", "time": "4月21日", "content": "大庆市博物馆,震撼体验,还能签名。2021 04/21 22:48 小苏大白的奇妙旅行企鹅号 分享 评论 0 腾讯视频 v.qq.com  免责声明:本文来自腾讯新闻客户端自媒体,不代表腾讯网的观点和立场。"}
{"museum": "大庆博物馆", "source": "https://baijiahao.baidu.com/s?id=1690111381254732852&wfr=spider&for=pc", "title": "大庆:不好意思!以后请叫我三线城市", "image": "", "poster": "每日种草旅行地", "time": "1月31日", "content": "大庆市的旅游景点和油田是分不开的，比如大庆博物馆、王进喜纪念馆还有铁人纪念馆都是非常值得去感受一番的。这些地方都很有时代的记忆，也会让人觉得很有力量。感兴趣的话，未来不妨来大庆看一看，虽然只是三线城市，但是随着发展，一定..."}
{"museum": "大庆博物馆", "source": "https://baijiahao.baidu.com/s?id=1685376932118822567&wfr=spider&for=pc", "title": "大庆市开启“燃情大庆”冰雪旅游季", "image": "", "poster": "金台资讯", "time": "2020年12月7日", "content": "与连环湖温泉景区同时入围的旅游打卡地还有北国温泉养生休闲广场、大庆博物馆、鹤鸣湖湿地温泉风景区、大庆赛车小镇、中三路石油文化景观、嘎日迪景区、艺术邨温泉度假村、黎明湖冰雪乐园和杜尔伯特寿山雾凇景观。要想“玩得好”，就要看..."}
{"museum": "大庆博物馆", "source": "https://baijiahao.baidu.com/s?id=1668390822280305105&wfr=spider&for=pc", "title": "大庆,这九大景点你都去过哪?", "image": "https://dss1.bdstatic.com/6OF1bjeh1BF3odCf/it/u=2581831128,718377692&fm=173&app=49&size=f242,162&n=0&g=0n&f=JPEG?s=8AC0DB07CCB89684778939DA0300C036&sec=1620384596&t=47ac7d48f2042e0f2b57c4b1fe732e9d", "poster": "最潮之旅", "time": "2020年6月2日", "content": "大庆博物馆大庆博物馆,前身为大庆展览馆,于1964年组建,位于黑龙江省大庆市萨尔图区,是集古环境、古动物和古人类于一体的综合性博物馆,展馆建筑面积为18700平方米,展厅面积为12000平方米,馆藏化石10余万件,物种达43种。龙凤湿地龙凤湿地..."}
{"museum": "大庆博物馆", "source": "https://baijiahao.baidu.com/s?id=1631840452210560416&wfr=spider&for=pc", "title": "大庆多条赏春线路抢先看 囊括特色景点和美食", "image": "", "poster": "中国日报网", "time": "2019年4月26日", "content": "为了让大家度过一个充实而有意义的“五一”假期,市文旅局为广大游客和市民准备了八条精品赏春路线,囊括了大庆的特色景点和特色美食,方便游客更好地感受大庆的春天。城市风光之旅的具体线路是大庆博物馆-龙凤湿地自然保护区-铁东村特色..."}
{"museum": "大庆博物馆", "source": "https://baijiahao.baidu.com/s?id=1688827095299695850&wfr=spider&for=pc", "title": "活动赛事与温泉冰雪深度融合 大庆旅游业“热力升腾”", "image": "", "poster": "金台资讯", "time": "1月14日", "content": "百湖玩冰嬉雪线路和“能量加油站——大庆为你加油”石油文化线路六条冰雪旅游线路，涵盖了大庆博物馆、铁人王进喜纪念馆、大庆石油馆等展馆，北国温泉养生休闲广场、连环湖温泉景区、鹤鸣湖湿地温泉风景区、黎明湖龙舟冰雪乐园、大庆赛车小镇..."}
{"museum": "大庆博物馆", "source": "https://baijiahao.baidu.com/s?id=1686293999362391832&wfr=spider&for=pc", "title": "市书画院:百湖艺术名大庆市人力资源家壶上书画展将于19日开幕", "image": "", "poster": "潇湘晨报", "time": "2020年12月17日", "content": "据悉，开幕式当天，还将邀请宜兴紫砂艺人现场打制紫砂壶技艺，进行紫砂艺术讲座。展览将持续至12月26日。大庆网讯(大庆日报记者 王翠)记者从市书画院获悉，第二届百湖艺术名家壶上书画展将于19日在大庆博物馆一楼临展厅开幕，大庆市人力..."}
{"museum": "大庆博物馆", "source": "https://baijiahao.baidu.com/s?id=1685475134598525421&wfr=spider&for=pc", "title": "阿水带你旅游:冬季里的黑龙江大庆有种不一样的美丽", "image": "https://dss0.bdstatic.com/6Ox1bjeh1BF3odCf/it/u=2595289531,3903827628&fm=173&app=49&size=f242,162&n=0&g=0n&f=JPEG?s=03B21F8D3A324E8ECF9935E10300A0B5&sec=1620384596&t=e74291d14ca73f176a61100ea30e1107", "poster": "阿水带你旅游", "time": "2020年12月8日", "content": "大庆博物馆 猛犸象、披毛犀、野牛阵，博物馆以数百万年的演化历史及化石文物陈列，使人们认识大庆地区自然与人文历史的沧桑变迁。在鉴赏古大湖、古动物和古人类之美、之趣，追本溯源、鉴古知今的同时，使人们更加爱上大庆这座美丽的家园..."}
{"museum": "大庆博物馆", "source": "https://baijiahao.baidu.com/s?id=1683305853265806915&wfr=spider&for=pc", "title": "大庆“合并”名单新鲜出炉!这两区有望“合并”", "image": "https://dss2.bdstatic.com/6Ot1bjeh1BF3odCf/it/u=178467869,623576860&fm=173&app=49&size=f242,162&n=0&g=0n&f=JPEG?s=7E006E815E9E29CE219459C10300F098&sec=1620384596&t=333d55a8e2d4d2df674e87bc9a237f90", "poster": "翻山越岭去旅行", "time": "2020年11月14日", "content": "萨尔图区作为大庆的旅游窗口，每个游人踏上这片土地，都会去大庆博物馆，了解历史长河中的发展奋斗史。当地最出圈的还是时代广场了，不仅占地面积广，而且环境优美，是茶余饭后的好去处。而红岗区距离市中心十分近，并且就在萨尔图区的邻..."}
{"museum": "大庆博物馆", "source": "https://baijiahao.baidu.com/s?id=1681597959287944065&wfr=spider&for=pc", "title": "黑龙江大庆市这四所重点中学,教学设备先进,学校环境宜人!", "image": "https://dss1.bdstatic.com/6OF1bjeh1BF3odCf/it/u=1508354247,3465428891&fm=173&app=49&size=f242,162&n=0&g=0n&f=JPEG?s=A9BA539526653F0BC685A56503002073&sec=1620384596&t=8e7c41ddfc5bd340a6442178eab4578e", "poster": "大雄情感驿站", "time": "2020年10月26日", "content": "大庆,别称:油城,黑龙江省地级市,被誉为“绿色油化之都、天然百湖之城、北国温泉之乡”。全市拥有铁人王进喜纪念馆、大庆博物馆、北国温泉养生休闲广场、吉禾民族赛马场、鹤鸣湖湿地温泉风景区等,荣获中国服务外包示范城市、全国文明..."}
{"museum": "大庆博物馆", "source": "https://baijiahao.baidu.com/s?id=1679582288851112417&wfr=spider&for=pc", "title": "国庆中秋去哪儿玩?大庆十大打卡地任你游!", "image": "https://dss1.bdstatic.com/6OF1bjeh1BF3odCf/it/u=3302066277,3994346230&fm=173&app=49&size=f242,162&n=0&g=0n&f=JPEG?s=AB824D81044956EEA8A90894030090B2&sec=1620384596&t=1483a7fd74f57d8a4856809c06d35af1", "poster": "光明网", "time": "2020年10月4日", "content": "打卡地2:大庆博物馆打卡理由:猛犸象、披毛犀、野牛阵,博物馆以数百万年的演化历史及化石文物陈列,使人们认识大庆地区自然与人文历史的沧桑变迁。在鉴赏古大湖、古动物和古人类之美、之趣,追本溯源、鉴古知今的同时,使人们更加爱上大庆..."}
{"museum": "大庆博物馆", "source": "http://www.thepaper.cn/newsDetail_forward_8915654", "title": "多家场馆闭馆!机场大巴停运!", "image": "https://dss2.bdstatic.com/6Ot1bjeh1BF3odCf/it/u=2419184174,741292402&fm=217&app=92&size=f242,162&n=0&g=0n&f=JPEG?s=CC91579C1EC1584F1A0305C1030030BB&sec=1620384597&t=be70b800e189732cb92f94511958b36e", "poster": "澎湃新闻", "time": "2020年8月27日", "content": "请广大市民关注大庆市滑冰馆微信公众号了解最新消息。 咨询电话:0459-6799020 大庆市博物馆临时闭馆通知 广大观众朋友: 为做好第8号台风“巴威”应对工作,确保极端天气情况下,国家财产和人民群众人身安全,按照上级总体布署,大庆博物馆从8..."}
{"museum": "大庆博物馆", "source": "https://baijiahao.baidu.com/s?id=1675960119667511338&wfr=spider&for=pc", "title": "我国“大”字开头的三大城市,除了大连、大庆,另一座是你家乡吗", "image": "https://dss1.bdstatic.com/6OF1bjeh1BF3odCf/it/u=3172849197,3514533056&fm=173&app=49&size=f242,162&n=0&g=0n&f=JPEG?s=42004DA4CEBB0E8C2890F934030060C3&sec=1620384597&t=784722534027466b6d6e4f44355a71c6", "poster": "cool爱旅游", "time": "2020年8月25日", "content": "这里也是有很多可以来旅游的地方的,比如大庆博物馆、黑鱼湖生态景区以及大庆石油馆等等,而且它们都是国家4A级景区。第三座城市大家应该都想不到,它就是大同,它是山西省的一座城市,它的面积也是挺大的,有14176平方公里,管辖的有4个区..."}
{"museum": "大庆博物馆", "source": "https://baijiahao.baidu.com/s?id=1672156971465650835&wfr=spider&for=pc", "title": "赵许江:安利大庆,有“油”更有“游”的红色油化城市!", "image": "https://dss2.bdstatic.com/6Ot1bjeh1BF3odCf/it/u=1964564603,2050209295&fm=173&app=49&size=f242,162&n=0&g=0n&f=JPEG?s=948248B66C5323C614B20A890300708F&sec=1620384597&t=227dc516036f77e8f158371c7a1ec20e", "poster": "逆光的奔跑", "time": "2020年7月14日", "content": "游大庆,不能错过的红色石油精神景点。铁人王进喜纪念馆-与红色时代对话大庆石油馆-延伸你的石油梦想大庆石油科技馆-石油与科技的完美结合大庆油田历史陈列馆-传播大庆精神的殿堂大庆博物馆-与猛犸象的亲密接触1205钻井队-铁人精神的发源地..."}
{"museum": "大庆博物馆", "source": "https://baijiahao.baidu.com/s?id=1664109397050790573&wfr=spider&for=pc", "title": "东北经济“复兴”最快的城市,去年GDP收入2500亿元,就在黑龙江", "image": "https://dss1.bdstatic.com/6OF1bjeh1BF3odCf/it/u=832282701,1510154904&fm=173&app=49&size=f242,162&n=0&g=0n&f=JPEG?s=96F570853049B14F4CBC19B103008004&sec=1620384597&t=e084eecb6979deab9393f69feda6a6e2", "poster": "旅图天涯", "time": "2020年4月17日", "content": "大庆油田科技博物馆是我国独一无二的大型石油类综合性博物馆。陈家大院的2号采油平台上的大型集群式丛式井和闻名于世的大型雕塑“石油之星”“奉献”“腾飞”等景点也是游客喜爱的好去处。 大庆博物馆则是宣传大庆精神和铁人精神的科普..."}
{"museum": "大庆博物馆", "source": "https://baijiahao.baidu.com/s?id=1638593582946582875&wfr=spider&for=pc", "title": "奔跑吧走进大庆油田这一期,是不是让你有想去大庆旅游的冲动", "image": "https://dss2.bdstatic.com/6Ot1bjeh1BF3odCf/it/u=2652965822,3094749662&fm=173&app=49&size=f242,162&n=0&g=0n&f=JPEG?s=9F7240814CC31B4B3EA9540E0300E0D2&sec=1620384597&t=2cf3f8a307f83c1f19658de463169760", "poster": "张乡本", "time": "2019年7月9日", "content": "朱亚文在节目的最后一段,也特意表达了跑男节目组对于铁人精神的致敬,结合大庆油田60周年这个主题,相信无数观众看了这一期节目,都对大庆开始有了一定的神往,而采油一厂七矿503队陈家大院泡丛式井平台,大庆博物馆,油立方这些大庆熟悉的..."}
{"museum": "大庆博物馆", "source": "https://baijiahao.baidu.com/s?id=1629977238008505880&wfr=spider&for=pc", "title": "大庆开发红色旅游资源 推出4条精品主题线路", "image": "https://dss1.bdstatic.com/6OF1bjeh1BF3odCf/it/u=1744805979,2759624128&fm=173&app=49&size=f242,162&n=0&g=0n&f=JPEG?s=8901D911A8EB0F010599ACD60100E0A3&sec=1620384597&t=39cc4fce21969ed8f83b133846702382", "poster": "逆光的奔跑", "time": "2019年4月5日", "content": "大庆石油科技馆——油田历史陈列馆——石油之光(大庆市标)——大庆石油馆——城市森林(大庆英烈纪念碑)——大庆博物馆;探寻大庆精神、铁人精神之旅:松基三井(听油田发现井故事)——萨55井(铁人第一口井)——铁人王进喜纪念馆(聆听..."}
{"museum": "大庆博物馆", "source": "https://baijiahao.baidu.com/s?id=1623361887636256093&wfr=spider&for=pc", "title": "四川绵阳与黑龙江大庆,两座城市一较高下,谁会胜出?", "image": "https://dss0.bdstatic.com/6Ox1bjeh1BF3odCf/it/u=557040784,99435221&fm=173&app=25&size=f242,162&n=0&g=0n&f=JPEG?s=1EB5658488BBB2C614D05D040300E0CA&sec=1620384597&t=f3d642038aa1346f239c53ddad65222e", "poster": "中国城市大比拼", "time": "2019年1月22日", "content": "座城市的规模也是黑龙江所有城市中位于前列的,在交通方面,他也是比较发达的城市之一,同时在旅游业方面他也是拥有着一定的实力,因为拥有铁人王进喜纪念馆、大庆博物馆、北国温泉养生休闲广场、鹤鸣湖湿地温泉风景区等,所以,在综合实力方面..."}
{"museum": "大庆博物馆", "source": "https://baijiahao.baidu.com/s?id=1599873368387565405&wfr=spider&for=pc", "title": "忽培元:大庆孪生宝鼎诞生记", "image": "https://dss1.bdstatic.com/6OF1bjeh1BF3odCf/it/u=2147967399,2513923498&fm=173&app=25&size=f242,162&n=0&g=0n&f=JPEG?s=AD3A4B92122524AEC0B51C000300E091&sec=1620384597&t=7ef960bff63086508f3e2ff946c6c9d5", "poster": "光明网", "time": "2018年5月8日", "content": "这是大庆博物馆开业不久观众中流传的说辞,如今已经成为流传人们口头的民谣。每年5月9日,是大鼎的诞辰日,人们认为是吉祥之日,前来瞻仰的人就更多。许多网友在博客里记录了自己与大鼎的合影。孪生宝鼎已经成为人民心中的明星。两尊铜铸..."}
{"museum": "大庆博物馆", "source": "https://baijiahao.baidu.com/s?id=1591188880636572579&wfr=spider&for=pc", "title": "大庆,一座有态度的城市", "image": "", "poster": "摄影师于兵", "time": "2018年2月1日", "content": "来大庆不仅能让您欣赏到千里大油田的壮阔景致,更能感受一种创业激情,铭记一段难忘的历史。油田历史陈列馆、松基三井、大庆博物馆大庆石油馆铁人王进喜纪念馆、大庆石油科技馆以及陈家大院泡丛式井、中三路石油生态大道等石油文化景观。"}
{"museum": "大庆博物馆", "source": "https://baijiahao.baidu.com/s?id=1695735022385949917&wfr=spider&for=pc", "title": "公示中|第20届全国青年文明号推荐名单 贵州两家入选", "image": "https://dss2.baidu.com/6ONYsjip0QIZ8tyhnq/it/u=324385515,138854466&fm=30&app=106&size=f242,162&n=0&g=0n&f=JPEG?s=8D32CE10226C4D0D046AACD80300D0BF&sec=1620384597&t=f4044a82c3b9dba2db13e5d961ded55e", "poster": "多彩贵州网", "time": "3月31日", "content": "抚顺市雷锋纪念馆展览接待部 延边白山大厦实业有限公司 长春海外旅游有限责任公司 东北烈士纪念馆流动展览小分队 大庆市博物馆 南京图书馆读者服务部中外文借阅组 南通市图书馆借阅服务部 浙江省博物馆宣教部 杭州新侨饭店天风阁餐厅 安徽..."}
{"museum": "大庆博物馆", "source": "https://baijiahao.baidu.com/s?id=1681647989358898918&wfr=spider&for=pc", "title": "中国“石油王国”城市,是东北第二大工业城市,为何一直少有人知", "image": "https://dss2.bdstatic.com/6Ot1bjeh1BF3odCf/it/u=2752702019,2770240312&fm=173&app=49&size=f242,162&n=0&g=0n&f=JPEG?s=CA7707D042FB3F8C282859040300A0EC&sec=1620384597&t=87ed675459ad1c3def26ba10757954f9", "poster": "marchend", "time": "2020年10月27日", "content": "石油资源外,大庆也是东北地区非常重要的工业城市,全部工业产值在东北地区居第二位,是一个工业气质极强的城市,此时,在大庆境内建起了许多石油工业纪念馆,如展示大庆石油会战事迹的《铁人王进喜纪念馆》、了解东北地质发展史的《大庆博物馆..."}
{"museum": "大庆博物馆", "source": "https://heilongjiang.dbw.cn/system/2020/10/12/058516672.shtml", "title": "12日起又有场馆恢复开放!大庆市最全文体场馆开放方式及电话来啦", "image": "https://dss2.bdstatic.com/6Ot1bjeh1BF3odCf/it/u=3150653124,2879311165&fm=217&app=92&size=f242,162&n=0&g=0n&f=JPEG?s=5E062DC4FAC8394755904473030080D2&sec=1620384597&t=13253c70a31a376237ef07fb1bcd1b19", "poster": "东北网", "time": "2020年10月12日", "content": "6.大庆市博物馆 实行网络实名制预约参观。 预约网址: https://m.qulongjiang.com/attractions/reserve_detail/1119。 咨询电话:4617332 7.大庆规划展示馆 参观时需带好身份证。 咨询电话:8199880 ..."}
{"museum": "大庆博物馆", "source": "https://baijiahao.baidu.com/s?id=1679729105400661625&wfr=spider&for=pc", "title": "十一假期去哪玩?黑龙江十大博物馆等您来", "image": "https://dss2.bdstatic.com/6Ot1bjeh1BF3odCf/it/u=4154857457,21128898&fm=173&app=49&size=f242,162&n=0&g=0n&f=JPEG?s=CC165790EE9508DA0412C0D40300F0BB&sec=1620384597&t=b198dba2e4a29f9826d40be519533496", "poster": "哈尔滨新闻网", "time": "2020年10月6日", "content": "地址:黑龙江省哈尔滨市平房区新疆大街23号电话:0451-51910787陈列馆网址:http://www.731museum.org.cn/新浪微博:侵华日军第七三一部队罪证陈列馆7大庆市博物馆大庆市博物馆建筑面积18700平方米,是国内首家以东北第四纪古环境、古动物与古..."}
{"museum": "大庆博物馆", "source": "https://baijiahao.baidu.com/s?id=1679707665471177913&wfr=spider&for=pc", "title": "十一假期去哪儿玩?龙江这十大博物馆,总有一个适合您", "image": "https://dss2.bdstatic.com/6Ot1bjeh1BF3odCf/it/u=685261379,4093697461&fm=173&app=49&size=f242,162&n=0&g=0n&f=JPEG?s=0C145790EE8508DA141248D40300F0BB&sec=1620384597&t=f3d348c801f77c2cfcdca825fae2e4ba", "poster": "生活报", "time": "2020年10月5日", "content": "地址:黑龙江省哈尔滨市平房区新疆大街23号 7.大庆市博物馆大庆市博物馆建筑面积18700平方米,是国内首家以东北第四纪古环境、古动物与古人类为主题的综合性博物馆。馆藏化石标本和文物填补了国内东北第四纪哺乳动物化石系统收藏与展示的空白,..."}
{"museum": "大庆博物馆", "source": "https://www.sohu.com/a/421937410_618379", "title": "8天假大庆9大场馆开放时间 需提前预约 带好身份证", "image": "", "poster": "搜狐网", "time": "2020年9月30日", "content": "大庆市图书馆 10月1日开馆时间:8:30-15:00;10月2日-8日开馆时间:8:30-16:30 咨询电话:5071762 大庆市博物馆 10月1日-8日开馆时间:9:00-16:30 咨询电话:4617332 大庆规划展示馆 ..."}
{"museum": "大庆博物馆", "source": "https://baijiahao.baidu.com/s?id=1667190030363490759&wfr=spider&for=pc", "title": "湿地百湖秀美灵动养生温泉水滑宜人", "image": "https://dss1.bdstatic.com/6OF1bjeh1BF3odCf/it/u=764839914,3455639012&fm=173&app=49&size=f242,162&n=0&g=0n&f=JPEG?s=B1335690CE2A520D2E32A842030060FB&sec=1620384597&t=f569d483ad050290e886f5223ed9d64f", "poster": "新华网客户端", "time": "2020年5月20日", "content": "反映新石器时代文化的小拉哈遗址,与半山文化遗址齐名的白金宝文化遗址,出河古战场遗址,建于300多年前的衍福寺,以及填补国内东北第四纪哺乳动物化石系统收藏空白的大庆博物馆里,中国最完整的猛犸象化石“中国象王”令人向往。此外,味道独特..."}
{"museum": "大庆博物馆", "source": "http://www.thepaper.cn/newsDetail_forward_7449476", "title": "国际博物馆日!带你VR全景看黑龙江省各地博物馆(含大庆市博物馆...", "image": "https://dss1.bdstatic.com/6OF1bjeh1BF3odCf/it/u=2953229684,38309097&fm=217&app=92&size=f242,162&n=0&g=0n&f=JPEG?s=F20BB04442E3894518CFAC8B03005089&sec=1620384597&t=6c9ed165bab1523ba620102f0151955e", "poster": "澎湃新闻", "time": "2020年5月18日", "content": "6.侵华日军第七三一部队罪证陈列馆 侵华日军第七三一部队罪证陈列馆以《反人类暴行》基本陈列,对人类历史上这一最罪恶、最黑暗的一页进行了彻底揭示。 7.大庆市博物馆 大庆市博物馆是以东北第四纪古环境、古动物与古人类为主题的综合..."}
{"museum": "大庆博物馆", "source": "https://baijiahao.baidu.com/s?id=1666493357686968978&wfr=spider&for=pc", "title": "黑龙江大庆旅游景点集锦", "image": "https://dss1.bdstatic.com/6OF1bjeh1BF3odCf/it/u=2261950962,156429418&fm=173&app=49&size=f242,162&n=0&g=0n&f=JPEG?s=F1B019D582CB754D241899E003005030&sec=1620384597&t=fd93d29a20852028a668e8f343472eca", "poster": "静姐小宁", "time": "2020年5月13日", "content": "阿木塔旅游度假村位于黑龙江省大庆市杜尔伯特蒙古族自治县胡吉吐莫镇北30公里处的阿木塔半岛。阿木塔半岛三面环水,东面为阿木塔泡,西面为木头西纳泡,北面为北泡。建立了传统式蒙古包11座、住宿蒙古包20多座。大庆石油科技博物馆大庆石油..."}
{"museum": "大庆博物馆", "source": "https://baijiahao.baidu.com/s?id=1666465590231205145&wfr=spider&for=pc", "title": "东北旅游计划:这里曾经是“深圳”,60年前的热土创业痕迹难觅", "image": "https://dss0.bdstatic.com/6Ox1bjeh1BF3odCf/it/u=4085457424,3653392759&fm=173&app=49&size=f242,162&n=0&g=0n&f=JPEG?s=2C787E8635BB83C81E61E1960300E083&sec=1620384597&t=4460cf987b84fc713b36b3d0fc5f2997", "poster": "旅游实验室", "time": "2020年5月12日", "content": "有兴趣了解并到了现场的人还是如此的认知,那些没去过的人,对于大庆创业的了解又会存在多大的偏差呢?这不怪拍视频的兄弟,而是大庆文物保护、旅游开发、宣传等等工作不足的锅。上图就是大庆有价值的旅游景点分布情况,大庆博物馆和石油..."}
{"museum": "大庆博物馆", "source": "https://baijiahao.baidu.com/s?id=1650279444749640538&wfr=spider&for=pc", "title": "中国的“石油王国”城市,是东北第二大工业城市,如今少有人知", "image": "https://dss2.bdstatic.com/6Ot1bjeh1BF3odCf/it/u=427741853,3406662917&fm=173&app=49&size=f242,162&n=0&g=0n&f=JPEG?s=7E104E81168A294F219459C10300E098&sec=1620384597&t=e0d9d5e4669fc70bd2e1d1af5bf43ae4", "poster": "川渝周边游", "time": "2019年11月16日", "content": "比如陈列了大庆石油会战事迹的“铁人王进喜纪念馆”和了解东北地质演变历史的“大庆博物馆”等等。如今的大庆市虽然是一座失去辉煌的三线城市,但是大庆的整体综合实力在东北地区还是非常不错的一座城市,更是获得:全国文明城市和国家环境保护..."}
{"museum": "大庆博物馆", "source": "https://baijiahao.baidu.com/s?id=1638662088128007814&wfr=spider&for=pc", "title": "斯诺克国锦赛赛程提前至8月 夏日首次光顾大庆", "image": "https://dss0.bdstatic.com/6Ox1bjeh1BF3odCf/it/u=1822462153,568943593&fm=173&app=49&size=f242,162&n=0&g=0n&f=JPEG?s=4396C62B9A3719905E8035BA0300E020&sec=1620384598&t=016940b141eede9dcb3c42da7541d4b1", "poster": "中国新闻网", "time": "2019年7月10日", "content": "相对于往届比赛寒冷的10月,大庆的8月堪称旅游的黄金时段,无论是是球员还是来自全国各地的球迷,在欣赏精彩斯诺克赛事的同时,还可以游览大庆美景。此前,大庆博物馆、铁人纪念馆等地先后成为国锦赛球员活动的举办地,给世界各地的球员留下了..."}
{"museum": "大庆博物馆", "source": "https://baijiahao.baidu.com/s?id=1638402558982790617&wfr=spider&for=pc", "title": "要入伏了,哪里去避暑?黑龙江给你无数个选择", "image": "https://dss1.bdstatic.com/6OF1bjeh1BF3odCf/it/u=2362175757,759981796&fm=173&app=49&size=f242,162&n=0&g=0n&f=JPEG?s=108EAAFA4450C9C2143FF22303008054&sec=1620384598&t=c3eacfe6f079ee7a0206cefdff74be86", "poster": "冰城馨子驿站", "time": "2019年7月7日", "content": "黑龙江畔位于萝北的黑龙江流域博物馆黑龙江知青博物馆大庆王进喜纪念馆萝北东兴赵尚志渡江纪念碑。萝北太平沟黄金古镇三江口-同三公路起点广场呼玛中国鄂伦春最后的萨满康养休闲健康的生活需要养身修心,到森林大氧吧里呼吸,到火山矿泉中沐浴,到..."}
{"museum": "大庆博物馆", "source": "https://baijiahao.baidu.com/s?id=1636470105889559453&wfr=spider&for=pc", "title": "今年,中俄博览会首设养老产业专业展区|来龙江旅游养老,收好这19条...", "image": "https://dss2.bdstatic.com/6Ot1bjeh1BF3odCf/it/u=1832346983,174481208&fm=173&app=49&size=f242,162&n=0&g=0n&f=JPEG?s=4010E033C58C5CEA5C5D01DA010080B2&sec=1620384598&t=f5cb66aa6011a5e74b4f6d18cc122225", "poster": "哈尔滨新闻网", "time": "2019年6月16日", "content": "——药泉湖——大庆博物馆——铁人王进喜纪念馆——连环湖温泉景区泡温泉——嫩江公园——扎龙自然保护区——哈尔滨06线路6:东极黑瞎子岛、哈巴罗夫斯克9日游线路为:哈尔滨市区景点——抚远——黑龙江流域淡水鱼博物馆——观赏黑龙江、乌苏..."}
{"museum": "大庆博物馆", "source": "https://www.sohu.com/a/312210481_673160", "title": "“跑男”来大庆了!这些地方可偶遇李晨、郑恺、baby、沙溢……", "image": "https://dss0.bdstatic.com/6Ox1bjeh1BF3odCf/it/u=208180242,109572818&fm=217&app=92&size=f242,162&n=0&g=0n&f=JPEG?s=CD008D184B4E54CC4CD831D3030080B2&sec=1620384598&t=d0eb12561f000d7ae2c40a728220e336", "poster": "搜狐网", "time": "2019年4月25日", "content": "大庆市博物馆昨日发布公告,称因承办大型活动,4月26日-28日闭馆三天。 3 大庆市图书馆 大庆市图书馆昨日发布公告,称因承办大型活动,4月27日、28日闭馆,24小时图书馆同时闭馆,4月29日上午10:00正常开馆。 "}
{"museum": "大庆博物馆", "source": "https://baijiahao.baidu.com/s?id=1617612538797958584&wfr=spider&for=pc", "title": "冬季已到,请收下这份冰雪游攻略!", "image": "https://dss2.bdstatic.com/6Ot1bjeh1BF3odCf/it/u=122932610,1670479041&fm=173&app=49&size=f242,162&n=0&g=0n&f=JPEG?s=6F1049835C30449EF58D291A03005032&sec=1620384598&t=1762dd6e5489153c21cc03ee6ae6bd01", "poster": "新华社客户端", "time": "2018年11月20日", "content": "大庆是一座适合亲子游的城市,有很多独具特色的博物馆、科技馆。大庆博物馆有馆藏化石10万余件,物种43种,是全国乃至世界上专业性收藏猛犸象、披毛犀动物群化石种属最全、数量最多且品质最好的博物馆之一,非常值得一去。大庆石油科技馆..."}
{"museum": "大庆博物馆", "source": "https://www.sohu.com/a/273094135_797686", "title": "【城乡动态】走进八一农大 放飞青春梦想", "image": "https://dss0.bdstatic.com/6Ox1bjeh1BF3odCf/it/u=3617906135,4192004995&fm=217&app=92&size=f242,162&n=0&g=0n&f=JPEG?s=083044915E393A8C7CAC01F10300C032&sec=1620384598&t=85491fc425de88bb3307f41dba7015da", "poster": "搜狐网", "time": "2018年11月3日", "content": "在大学生志愿者的引导下,同学们参观了校史馆、图书馆、学生宿舍、飞行模拟教室及教学科研基地,聆听了资深教授的励志讲座,深受启发和激励。下午的活动中,同学们参观了大庆市博物馆,了解大庆发展史,激发了大家爱家乡、爱祖国的热情。 "}
{"museum": "大庆博物馆", "source": "https://baijiahao.baidu.com/s?id=1606701230944520901&wfr=spider&for=pc", "title": "大庆林甸飞泷温泉东北民俗文化博览馆盛大开幕", "image": "https://dss2.bdstatic.com/6Ot1bjeh1BF3odCf/it/u=952903409,3887048835&fm=173&app=25&size=f242,162&n=0&g=0n&f=JPEG?s=EAF01EC70C538ED04805E8B303009003&sec=1620384598&t=07b56204d7007d8ac4ab5bb2f3804c9b", "poster": "摄影师于兵", "time": "2018年7月22日", "content": "承载着省、市、县各级领导的重任,承载着各界的期望,承载着“飞泷人”的梦想,大庆林甸“东北民俗文化博览馆”正式开馆。参加开馆仪式的领导和嘉宾有:黑龙江省工会主席王悦华,大庆市博物馆馆长颜祥林,县人大主任彭少华,县人大副主任衣德..."}
{"museum": "大庆博物馆", "source": "https://heilongjiang.dbw.cn/system/2018/05/18/057995483.shtml", "title": "“5·18”国际博物馆日启幕 黑龙江各地博物馆开展“全景漫游”等...", "image": "https://dss0.bdstatic.com/6Ox1bjeh1BF3odCf/it/u=3842179528,572837552&fm=217&app=92&size=f242,162&n=0&g=0n&f=JPEG?s=08A061971C031ECC240D64B50300C00E&sec=1620384598&t=3c242b3d8958eb88efc8853a060f5ce2", "poster": "东北网", "time": "2018年5月18日", "content": "大庆市博物馆、大庆市文物博物馆学会、大庆油田陈列馆、大同区文管站、大同区历史陈列馆等在大庆市学校举办了“感悟沧海巨变铸就文化创新”大型学生科普博览周活动,让青年学子更多地感受家乡的历史文化。"}
{"museum": "大庆博物馆", "source": "https://baijiahao.baidu.com/s?id=1583145399469213404&wfr=spider&for=pc", "title": "专家预测曾上交600亿税费城市,未来衰败没落,百万人口将成空城", "image": "", "poster": "烟景旅游", "time": "2017年11月4日", "content": "这里的地标性建筑很有特点与其他城市有着很大区别的风情,向这里的大庆博物馆、规划展示馆和科技馆等等的建筑既可以了解大庆的历史,又可以欣赏这些新兴的建筑。如果要是游玩的话,大庆的周边还有二龙山和龙凤湿地,这是你就要转备好你的..."}
{"museum": "大庆博物馆", "source": "https://www.sohu.com/a/197073270_135093", "title": "十月那最美丽动人五彩缤纷的秋天就在黑龙江", "image": "https://dss0.bdstatic.com/6Ox1bjeh1BF3odCf/it/u=2564956278,1015679398&fm=217&app=92&size=f242,162&n=0&g=0n&f=JPEG?s=E1175D98D100CAECB038F5D40300C0B8&sec=1620384598&t=ee845b51d521a2f93cd7e0d2f7b94235", "poster": "搜狐网", "time": "2017年10月10日", "content": "这样一组建筑,赫然矗立在这里,黑龙江大庆。大庆石油博物馆占地面积7000多平方米,是一座三层楼的漂亮建筑物,建筑面积1万多平方米。无论是哪个方向都是别具之美。可以称之为新地标。 齐齐哈尔扎龙自然保护区..."}
{"museum": "大庆博物馆", "source": "https://baijiahao.baidu.com/s?id=1579606437699370836&wfr=spider&for=pc", "title": "五花山色 | 自驾北国风光大道,沉醉在惊艳的秋色里", "image": "", "poster": "畅玩龙江", "time": "2017年9月26日", "content": "自驾路线推荐:哈尔滨-沿着哈大高速进入机场高速,然后沿着北一快速路到达创新街后,抵达大庆石油博物馆,全程193公里。齐齐哈尔扎龙湿地北方鹤城 生命的精灵在黑龙江省松嫩平原西部乌裕尔河下游,有一片世界最大的芦苇湿地,总面积达21万公顷,..."}
{"museum": "大庆博物馆", "source": "http://epaper.hljnews.cn/hljrb/20170525/277733.html", "title": "大庆市博物馆入选国家一级博物馆", "image": "", "poster": "黑龙江新闻网", "time": "2017年5月25日", "content": "本报讯(记者董云平)日前,记者从省文化厅获悉,在近日授牌的第三批国家一级博物馆中,大庆市博物馆顺利入选,成为我省唯一入选第三批国家一级博物馆的单位。 经相关博物馆自评申报、省(自治区、直辖市)博物馆评估委员会评估推荐、全国博物..."}
