{"museum": "大连现代博物馆", "source": "https://baijiahao.baidu.com/s?id=1683041647939203276&wfr=spider&for=pc", "title": "大连现代博物馆,展现大连历史,诉说时代变迁", "image": "https://dss1.bdstatic.com/6OF1bjeh1BF3odCf/it/u=2264257980,367134914&fm=173&app=49&size=f242,162&n=0&g=0n&f=JPEG?s=8D9438D4021625CA439F281D030080C0&sec=1620384593&t=3651edd5d86462582014c882c1acc850", "poster": "小甜甜一家", "time": "2020年11月11日", "content": "很多人来到大连一定会给大连的优美景色以及风味小吃所吸引，其实大连除了是非常知名的沿海城市之外，也有很多知名的博物馆。大连现代博物馆就是非常知名的，并且已经被国家评定为4a级旅游景区，非常有特色，建筑面积有3万多平方米，其中陈列..."}
{"museum": "大连现代博物馆", "source": "https://www.sohu.com/a/397078376_120046550", "title": "2020年大连旅游景色:大连现代博物馆,冰峪沟,滨海路,十五库", "image": "https://dss2.bdstatic.com/6Ot1bjeh1BF3odCf/it/u=1041515802,1869383475&fm=217&app=92&size=f242,162&n=0&g=0n&f=JPEG?s=C8B138D4C0334F8E6C9BB543030060FB&sec=1620384593&t=661cd912522b64757ecc15d5c7c73a6b", "poster": "搜狐网", "time": "2020年5月23日", "content": "大连现代博物馆是中国第一座以\"现代\"冠名的综合性博物馆,以史诗般的恢宏气度、博大精深的陈列内容,将大连一个世纪的风云变幻、特别是进入改革开放20多年来的巨大变化尽收眼底。 冰峪沟 "}
{"museum": "大连现代博物馆", "source": "https://www.sohu.com/a/396834926_120046550", "title": "2020大连旅游景色:大连植物园,付家庄,燕窝岭,大连现代博物馆", "image": "https://dss0.bdstatic.com/6Ox1bjeh1BF3odCf/it/u=872359684,138320054&fm=217&app=92&size=f242,162&n=0&g=0n&f=JPEG?s=F18E9F50E6FB522D30ADADD1030040B3&sec=1620384593&t=ba7a9021142accca588b1037da2c406c", "poster": "搜狐网", "time": "2020年5月22日", "content": "博家庄海滨浴场是大连市四大海水浴场之一,浴场以视野通透、建筑新颖、设施齐全,成为大连市著名的海上游乐中心。 大连现代博物馆 大连现代博物馆位于大连市区南部的星海湾,是世纪之交大连市政府斥资建设的大型文化设施。是大连市21世纪的标志..."}
{"museum": "大连现代博物馆", "source": "https://baijiahao.baidu.com/s?id=1686044544906634352&wfr=spider&for=pc", "title": "大连除了地标打卡,还有现代博物馆,参观了三个小时", "image": "https://dss1.bdstatic.com/6OF1bjeh1BF3odCf/it/u=2031260412,2573567386&fm=173&app=49&size=f242,162&n=0&g=0n&f=JPEG?s=D7A0B4452B020E4913B5209C0100C0C2&sec=1620384593&t=5b29e05ee5b932fe41100f4415de19bb", "poster": "旅社古东Vlog", "time": "2020年12月14日", "content": "大连现代博物馆位于大连南部的星海湾。它是世纪之交大连市政府投资建设的大型文化设施。它于1999年11月开始建设，并于2002年3月对公众开放。主楼地上四层，地下一层，建筑面积30400平方米，展览面积15000平方米。现为“国家一级博物馆”..."}
{"museum": "大连现代博物馆", "source": "https://www.sohu.com/a/396843013_120046550", "title": "2020年大连旅游:现代博物馆,威尼斯水城,金石滩,俄罗斯风情街", "image": "https://dss0.bdstatic.com/6Ox1bjeh1BF3odCf/it/u=1016234493,1598514599&fm=217&app=92&size=f242,162&n=0&g=0n&f=JPEG?s=B9A26F955046DFED289D7C710300D074&sec=1620384593&t=c116d313771e531b76216ba06de2b327", "poster": "搜狐网", "time": "2020年5月22日", "content": "大连现代博物馆 紧邻星海广场,门前有辆火车头,去星海广场可以顺便来转转,展馆不大,但是大堂是以玻璃为主的风格,所以看起来大气宽敞。可以了解大连的过去和现在,是一代大连人关于这座城市的回忆,是很值得细细欣赏的地方。 "}
{"museum": "大连现代博物馆", "source": "https://baijiahao.baidu.com/s?id=1600986895178257650&wfr=spider&for=pc", "title": "大连现代博物馆获中国博物馆界最高奖项", "image": "", "poster": "中国日报网", "time": "2018年5月20日", "content": "由中国博物馆协会、中国文物报社主办的第十五届(2017年度)全国博物馆十大陈列展览精品推介活动,5月18日在上海市历史博物馆落下帷幕。大连现代博物馆原创展览《圆梦——从北洋铁甲到航母舰队》荣获“全国博物馆十大陈列展览精品奖”。该奖项..."}
{"museum": "大连现代博物馆", "source": "https://www.chinanews.com/cul/2018/02-12/8447657.shtml", "title": "大连现代博物馆藏绣品展在法国勒阿弗尔举行", "image": "https://dss1.bdstatic.com/6OF1bjeh1BF3odCf/it/u=2927732205,1312659251&fm=217&app=92&size=f242,162&n=0&g=0n&f=JPEG?s=5FA208C7085BBBDE56D9F0AD03006001&sec=1620384593&t=fbf1ff4df98420c3b7cd15be87668130", "poster": "中国新闻网", "time": "2018年2月12日", "content": "中新网大连2月12日电 (记者 杨毅)大连现代博物馆12日对外披露,《绣色—大连现代博物馆藏绣品展》近日首次亮相欧洲,应邀在法国勒阿弗尔艺术与历史博物馆亮相。大连现代博物馆以馆藏清末、民国时期辽南地区百余件织绣精品为载体,为法国市..."}
{"museum": "大连现代博物馆", "source": "https://baijiahao.baidu.com/s?id=1592173641119983957&wfr=spider&for=pc", "title": "大连现代博物馆藏绣品展首次亮相欧洲", "image": "", "poster": "光明网", "time": "2018年2月12日", "content": "2月9日,《绣色——大连现代博物馆藏绣品展》开幕式在法国勒阿弗尔艺术与历史博物馆举行,展出的118件(组)绣品由馆藏的千余件织绣品中精选而出,代表了清末、民国时期辽南地区民间织绣的工艺水平。法国市民在观展。(图片由大连现代..."}
{"museum": "大连现代博物馆", "source": "https://www.sohu.com/a/284339982_803762", "title": "你所不知道的一级馆 | 大连现代博物馆 展示城市现代文明的窗口(王...", "image": "https://dss0.bdstatic.com/6Ox1bjeh1BF3odCf/it/u=3135091296,2013214492&fm=217&app=92&size=f242,162&n=0&g=0n&f=JPG?s=18843C72390B644D0A7161CA0000E0B2&sec=1620384593&t=25c697fa907c21174a0ba554fff43f81", "poster": "搜狐网", "time": "2018年12月25日", "content": "在辽宁省大连市最繁华的星海广场边,有一座造型巧妙、典雅大气的纯白色建筑,它就是大连现代博物馆。这是中国第一座以“现代”命名的综合性博物馆,以展示大连城市现代文明为主题,1999年动工,2002年建成开放。馆址占地面积2.16万平方米,..."}
{"museum": "大连现代博物馆", "source": "https://www.sohu.com/a/279365492_351367", "title": "大连现代博物馆改名了!", "image": "https://dss0.bdstatic.com/6Ox1bjeh1BF3odCf/it/u=2943741904,4220945625&fm=217&app=92&size=f242,162&n=0&g=0n&f=JPEG?s=67368D63C8B111A57DC16D1C0300A0E2&sec=1620384593&t=31fc221a45775b98aa917e74d39a3b69", "poster": "搜狐网", "time": "2018年12月3日", "content": "更名为大连博物馆后,这里举行了首场主题讲座《中国画之美》,主讲人为著名美术史学家、美术评论家、中央美术学院教授薛永年。当天,薛教授还为大连博物馆欣然题词。 ▲薛永年教授为大连博物馆题词 ..."}
{"museum": "大连现代博物馆", "source": "https://www.sohu.com/a/271501972_559412", "title": "大连第一所公学堂首任堂长铜像基石入藏大连现代博物馆", "image": "https://dss2.bdstatic.com/6Ot1bjeh1BF3odCf/it/u=3086228873,1354069996&fm=217&app=92&size=f242,162&n=0&g=0n&f=JPEG?s=11A26FB11CD340DA481CD4E703007031&sec=1620384594&t=21e20455cd2c590749c7b7cf1ce2fcec", "poster": "搜狐网", "time": "2018年10月26日", "content": "大连现代博物馆相关人员一直跟进此事的后续。 经过3个月的多方沟通与协商,10月16日,在大连理工大学的全力配合下,原存放于大连理工大学校院内的1936年大连第一所公学堂首任堂长铜像基石入藏大连现代博物馆。"}
{"museum": "大连现代博物馆", "source": "https://www.sohu.com/a/260244412_559412", "title": "“丝路花语——贾曼尔艺术巡展”在大连现代博物馆开展", "image": "https://dss1.bdstatic.com/6OF1bjeh1BF3odCf/it/u=718073237,378789038&fm=217&app=92&size=f242,162&n=0&g=0n&f=JPEG?s=3BEAFB175177FBCC067C906E03004073&sec=1620384594&t=bb22a55e412ae8b8dae9472e0e9ab74a", "poster": "搜狐网", "time": "2018年10月18日", "content": "10月18日至11月18日,“丝路花语——贾曼尔艺术巡展”在大连现代博物馆举行。展览将展出希腊艺术家贾曼尔(Jamal Joratli)32幅油画、素描作品。这是贾曼尔“丝绸之路”系列作品首次到中国展出,大连是第一站。 "}
{"museum": "大连现代博物馆", "source": "https://www.sohu.com/a/255056992_208415", "title": "6大展区36场展览千余幅作品,大连现代博物馆这是要干啥?", "image": "https://dss2.bdstatic.com/6Ot1bjeh1BF3odCf/it/u=2338960407,638148167&fm=217&app=92&size=f242,162&n=0&g=0n&f=JPEG?s=571417C00A373D8C389108510100C0E0&sec=1620384594&t=b244c0955d971a99ad5350ee6a58a47a", "poster": "搜狐网", "time": "2018年9月20日", "content": "在大连历史上尚属首次 在庆祝改革开放40周年和“一带一路”倡议提出5周年之际,大连现代博物馆将迎来开馆16年来展览面积最大的临时展览:中国大连首届“一带一路”国际海洋城市文化摄影周展览。 "}
{"museum": "大连现代博物馆", "source": "https://baijiahao.baidu.com/s?id=1609221087214366720&wfr=spider&for=pc", "title": "除了上海汽车馆、大连现代博物馆以外,这些展馆很大的旅游景点你听...", "image": "https://dss2.bdstatic.com/6Ot1bjeh1BF3odCf/it/u=1375593284,2821687011&fm=173&app=25&size=f242,162&n=0&g=0n&f=JPEG?s=1C3A4A96125007C6ECAE3A91030010A8&sec=1620384594&t=97ef13c530ab256b42982918ed4b8e32", "poster": "百闻旅行", "time": "2018年8月19日", "content": "关键词:位置比较偏 设施陈旧 地方很偏远#2 大连现代博物馆票价:30元开放时间:4月1日-10月31日周二-周日9:00-17:30(16:00停止入馆),周一闭馆;11月1日-3月31日周二-周日9:00-16:30,(15:30停止入馆),周一闭馆简介:大连..."}
{"museum": "大连现代博物馆", "source": "https://www.sohu.com/a/234965773_706546", "title": "...师范大学体育学院“牢记历史、不忘初心“ 参观大连现代博物馆", "image": "https://dss2.bdstatic.com/6Ot1bjeh1BF3odCf/it/u=3804902463,1062149584&fm=217&app=92&size=f242,162&n=0&g=0n&f=JPG?s=6CC538725423D0A6034AD7FE0200B02E&sec=1620384594&t=72c7a522d0285919ab299c5e0b1d862d", "poster": "搜狐网", "time": "2018年6月10日", "content": "为更好的了解和感悟历史,2018年6月10日上午九点,辽宁师范大学体育学院学生会干部在党总支副书记李艳老师,团委书记曹飒老师,2016级辅导员王海波老师,2014级辅导员邹俊锋老师的带领下参观了大连现代博物馆。 "}
{"museum": "大连现代博物馆", "source": "https://baijiahao.baidu.com/s?id=1601083484985867328&wfr=spider&for=pc", "title": "中国博物馆界最高奖入手!大连现代博物馆的这个展你看了吗?", "image": "https://dss0.bdstatic.com/6Ox1bjeh1BF3odCf/it/u=295142824,4103605738&fm=173&app=25&size=f242,162&n=0&g=0n&f=JPEG?s=DF130DC742222EB404944D2A0300E011&sec=1620384594&t=8b14c33e9cc03353b27f479478232084", "poster": "大观新闻", "time": "2018年5月21日", "content": "5月18日,由中国博物馆协会、中国文物报社主办的第15届(2017年度)全国博物馆十大陈列展览精品推介活动在上海市历史博物馆落下帷幕。 大连现代博物馆原创展览 “圆梦——从北洋铁甲到航母舰队” 脱颖而出, 荣获中国博物馆界最高奖项——..."}
{"museum": "大连现代博物馆", "source": "https://baijiahao.baidu.com/s?id=1591890610168858330&wfr=spider&for=pc", "title": "春节来大连现代博物馆看兵马俑吧!(附节日开放时间)", "image": "", "poster": "光明网", "time": "2018年2月9日", "content": "大连现代博物馆陕西历史博物馆联名推出限量大展“三秦华章 光耀四方”陕西周秦汉唐文物精华展已经开展啦!俗话说:“一千年中国看北京,五千年中国看陕西。”陕西历史博物馆号称“古都明珠,华夏宝库”,馆内文物达到170多万件,是展示中国古代..."}
{"museum": "大连现代博物馆", "source": "https://www.chinanews.com/cul/2017/05-18/8227741.shtml", "title": "大连现代博物馆被正式授予“国家一级博物馆”", "image": "https://dss0.bdstatic.com/6Ox1bjeh1BF3odCf/it/u=877103148,48909852&fm=217&app=92&size=f242,162&n=0&g=0n&f=JPEG?s=A2A0F8A44F308EC802F83D910300A003&sec=1620384594&t=a931a72567aaabdfde3f126ef4faffd2", "poster": "中国新闻网", "time": "2017年5月18日", "content": "大连现代博物馆被正式授予“国家一级博物馆”。 谷佳霓 摄中新网大连5月18日电 (记者 杨毅)5月18日是国际博物馆日,在第41个专属的节日里,由国家文物局、北京市人民政府主办,中国博物馆协会、北京市文物局承办的2017年“5.18国际..."}
{"museum": "大连现代博物馆", "source": "https://www.chinanews.com/cul/2017/01-18/8127996.shtml", "title": "百余件青花艺术品亮相大连现代博物馆", "image": "https://dss1.bdstatic.com/6OF1bjeh1BF3odCf/it/u=750333956,195300928&fm=217&app=92&size=f242,162&n=0&g=0n&f=JPEG?s=3FB959856C36329E66041DA80300E011&sec=1620384594&t=5c29266c821ff9ab3cd417d94d3d7db1", "poster": "中国新闻网", "time": "2017年1月18日", "content": "图为青年青花家陈丽向观众介绍作品。 杨毅 摄 中新网大连1月18日电 (记者 杨毅)《青越千年花添一秀》青花艺术作品展18日在大连现代博物馆开展,展出青花大师陆履峻的青花写意作品和青年青花家陈丽的工笔青花瓷“新派”艺术作品百余件..."}
{"museum": "大连现代博物馆", "source": "https://baijiahao.baidu.com/s?id=1601982640616745256&wfr=spider&for=pc", "title": "来现代博物馆过“六一”吧!这里开了个“文物动物园”!", "image": "https://dss2.bdstatic.com/6Ot1bjeh1BF3odCf/it/u=3084711461,1960705281&fm=173&app=25&size=f242,162&n=0&g=0n&f=JPEG?s=9E04648642223EA81AAA916C03009049&sec=1620384594&t=ab4b2621d56aa5b0730d64cec891c837", "poster": "光明网", "time": "2018年5月31日", "content": "这个六一,来大连现代博物馆开启欢乐之旅吧!“文物动物园”儿童专题展2018年6月1日——8月31日大连现代博物馆四楼A展厅自古以来,人类与动物的关系都十分密切,古人通过创造各种动物艺术形象来表达对动物的认知和情感。本次展览共展出来自..."}
{"museum": "大连现代博物馆", "source": "http://liaoning.nen.com.cn/system/2018/05/21/020515226.shtml", "title": "大连现代博物馆“圆梦”展获中国博物馆界最高奖项", "image": "", "poster": "东北新闻网", "time": "2018年5月21日", "content": "5月18日,由中国博物馆协会、中国文物报社主办的第15届(2017年度)全国博物馆十大陈列展览精品推介活动在上海市历史博物馆落下帷幕。大连现代博物馆原创展览“圆梦——从北洋铁甲到航母舰队”脱颖而出,荣获中国博物馆界最高奖项——“全国..."}
{"museum": "大连现代博物馆", "source": "https://www.sohu.com/a/124508246_426335", "title": "“大连现代博物馆藏1960-1990年代照片展”开展", "image": "https://dss1.bdstatic.com/6OF1bjeh1BF3odCf/it/u=2680714764,407515367&fm=217&app=92&size=f242,162&n=0&g=0n&f=JPEG?s=039A13C706724F9E0C95B5B20300C010&sec=1620384595&t=c3f9e290dd92f0cd7fc054dd8a94a872", "poster": "搜狐网", "time": "2017年1月17日", "content": "鸡鸣晓旦,燕舞阳春,在2017农历丁酉年新春之际,“那年 记忆——大连现代博物馆藏1960-1990年代照片展”温情亮相。这是大连现代博物馆继前年“灯影的魅力——大连现代博物馆藏皮影展”、去年“那年•绣色——大连现代博物馆藏绣品展”..."}
{"museum": "大连现代博物馆", "source": "http://www.eoffcn.com/kszx/gonggao/344446.html", "title": "2016辽宁大连现代博物馆招聘雇员公告【招18人】", "image": "", "poster": "中公网校", "time": "2016年12月15日", "content": "为适应大连现代博物馆事业发展的需要,结合单位的实际情况,经研究决定面向社会招聘工作人员。 一、招聘岗位 详见:《大连现代博物馆招聘雇员计划表》(附件1) 二、招聘数量:18名 三、招聘条件 "}
{"museum": "大连现代博物馆", "source": "https://xw.qq.com/c/ln/2016022600959400", "title": "大连现代博物馆招募小志愿者 8-12岁小学生均可报名", "image": "", "poster": "腾讯网", "time": "2016年4月30日", "content": "近两年,凡到过外地城市博物馆的市民都会发现,不少小学生在做义务志愿者,为游客讲解展览内容,这也成了博物馆的另一道风景线。今日起,大连现代博物馆也首次开始招募小小志愿者了,只要你是8～12周岁的本市小学生,都可报名参加。 "}
{"museum": "大连现代博物馆", "source": "http://www.huaxia.com/lnsy/jrln/xwsc/2016/02/4743704.html", "title": "大连现代博物馆招募两大类讲解志愿者", "image": "https://dss2.bdstatic.com/6Ot1bjeh1BF3odCf/it/u=1005518255,2840222813&fm=217&app=92&size=f242,162&n=0&g=0n&f=JPEG?s=D5889BF24A1226D4162723A90300100A&sec=1620384595&t=499086bbc54de72f91b49ffa0822f2b7", "poster": "华夏经纬网", "time": "2016年2月29日", "content": "记者昨日从大连现代博物馆获悉,该馆每年一次的讲解志愿者招募工作已经启动,只要您喜爱文博事业,都欢迎来报名哦。 本次招募将分为18~65岁的志愿讲解员与8~12岁的小志愿者两大类,前者除了对基本文化程度等有相关要求,对历史文化知识有一..."}
{"museum": "大连现代博物馆", "source": "https://www.sohu.com/a/220281095_559412", "title": "现代博物馆百人大型亲子绘画活动—— 大手拉小手 共圆航母梦", "image": "https://dss2.bdstatic.com/6Ot1bjeh1BF3odCf/it/u=1225292911,1431859738&fm=217&app=92&size=f242,162&n=0&g=0n&f=JPEG?s=A47A7E9470EADCEA129169E70300A07A&sec=1620384595&t=47fc433492a1f793d07870318ea59537", "poster": "搜狐网", "time": "2018年2月1日", "content": "由市委宣传部、市文广局主办,大连现代博物馆承办的“圆梦——从北洋铁甲到航母舰队”展,自2017年9月28日开幕以来备受社会关注。展出期间,大连现代博物馆组织了多项丰富多彩的互动活动,而刚刚于1月27日下午举行的大型亲子绘画活动则再一..."}
{"museum": "大连现代博物馆", "source": "https://www.sohu.com/a/47797098_114902", "title": "大连现代博物馆有石梦景泰蓝唐卡艺术品展", "image": "", "poster": "搜狐网", "time": "2015年12月10日", "content": "天健网消息(记者 金东淑)12月10日上午,“美丽中国梦·盛世华夏情——大连石梦景泰蓝唐卡艺术品展”在大连现代博物馆开展。石梦作品于2015年获批景泰蓝唐卡非物质文化遗产。 石梦自小和奶奶学习景泰蓝技艺及满族手工艺术,一次文化之旅后..."}
{"museum": "大连现代博物馆", "source": "http://www.taiwan.cn/local/dfkx/201501/t20150104_8573007.html", "title": "辽宁大连现代博物馆组团赴台考察交流", "image": "", "poster": "中国台湾网", "time": "2015年1月4日", "content": "中国台湾网1月4日大连消息 日前,辽宁大连现代博物馆馆长姜晔一行5人赴台考察交流。 在台期间,姜晔一行先后考察了台湾历史博物馆、台湾自然科学博物馆等文博单位,并与台湾鸿禧艺术文教基金会董事长廖桂英签署了共同举办《世变的形象——台..."}
{"museum": "大连现代博物馆", "source": "https://www.chinanews.com/cul/2014/08-20/6511423.shtml", "title": "“焦裕禄干部履历表”入藏大连现代博物馆(图)", "image": "https://dss0.bdstatic.com/6Ox1bjeh1BF3odCf/it/u=2100905593,1808990988&fm=217&app=92&size=f242,162&n=0&g=0n&f=JPEG?s=8FFA73854A72328CD019BDD8030090A3&sec=1620384595&t=e5fe98a8eb147793f4a732736d92554a", "poster": "中国新闻网", "time": "2014年8月20日", "content": "“焦裕禄干部履历表”入藏现代博物馆征集仪式现场。 宋一兵 记者 吕文正摄影报道 昨日10时,由本报和大连现代博物馆共同举办的“焦裕禄干部履历表”入藏大连现代博物馆征集仪式在现代博物馆举行。这份珍贵的文物将在我市博物馆与观众见面..."}
{"museum": "大连现代博物馆", "source": "https://www.sohu.com/a/202895275_351367", "title": "一百岁了!大连这座博物馆用难得一见的\"特展\"庆生", "image": "https://dss2.bdstatic.com/6Ot1bjeh1BF3odCf/it/u=3185120546,4055538695&fm=217&app=92&size=f242,162&n=0&g=0n&f=JPEG?s=539B1DC536531BD81A11C8210300F040&sec=1620384595&t=e44144121a851b35e26f1f48b92a512d", "poster": "搜狐网", "time": "2017年11月7日", "content": "旅顺博物馆藏西域文物精品展 2017年11月5日—2018年12月5日 旅顺博物馆分馆 圆梦 从北洋铁甲到航母舰队 2017年9月28日—2018年3月8日 大连现代博物馆 风流弘长 苏州博物馆藏吴门书画特展 ..."}
{"museum": "大连现代博物馆", "source": "https://news.ifeng.com/c/7faPjH5gp6f", "title": "大连现代博物馆245件珍贵文物展现千年丝路文明", "image": "", "poster": "手机凤凰网", "time": "2011年9月21日", "content": "(记者谢小芳)9月20日下午,“丝绸之路——大西北遗珍”展在大连现代博物馆开幕,245件(组)珍贵展品向人们开启了一扇通向千年丝路的大门。市领导袁克力、田树军出席开幕式。 展览汇集了西北五省区(陕西、甘肃、宁夏、青海、新疆)22家文..."}
{"museum": "大连现代博物馆", "source": "http://www.led-100.com/news/2010/12/2010_2_2494.htm", "title": "大连现代博物馆LED显示屏招标公告", "image": "", "poster": "LED大屏网", "time": "2010年12月29日", "content": "大连长城信息系统工程监理有限公司受大连现代博物馆的委托,对其led显示屏采购项目进行国内公开招标,欢迎符合资格条件的投标人报名参加投标。 一、项目编号:CCJL-2010-1113 二、招标内容:led显示屏采购 (详见第三章项目需求及技术要求) ..."}
{"museum": "大连现代博物馆", "source": "http://news.sohu.com/2004/03/26/33/news219613372.shtml", "title": "大连日报:免费参观大连三大博物馆", "image": "", "poster": "搜狐网", "time": "2004年3月26日", "content": "本报讯(记者张轶)记者昨日从市文化局获悉,从5月1日起,市文化局所属的大连现代博物馆、旅顺博物馆、旅顺日俄监狱旧址博物馆将率先推出免费开放举措,全市所有未成年人将有计划地免费参观这三大博物馆。 "}
{"museum": "大连现代博物馆", "source": "http://news.sohu.com/00/04/news205480400.shtml", "title": "现代博物馆再现“完美风暴” 老家底讲述大连历史", "image": "", "poster": "搜狐网", "time": "2003年1月4日", "content": "2002年岁末,在北方美丽的海滨城市大连,一个持续了近三个月的活动落下了帷幕,而众多关注此次活动的大连市民的心却久久不能平静,一份对大连百年历史的挂牵永远地留在了每个人的心底。去年12月30日,由大连现代博物馆等有关部门联合发起..."}
{"museum": "大连现代博物馆", "source": "http://cnews.chinadaily.com.cn/2017-01/17/content_27980682.htm", "title": "青花艺术展亮相大连现代博物馆", "image": "", "poster": "中国日报网", "time": "2017年1月17日", "content": "《青越千年 花添一秀》青花艺术作品展将于2017年1月18日至2月19日在大连现代博物馆四楼开展,展出青花大师陆履峻的青花写意作品和青年才俊陈丽的工笔青花瓷“新派”艺术作品百余件。 据介绍,青花是中国传统陶瓷最具特色的瓷种。青花..."}
{"museum": "大连现代博物馆", "source": "http://www.scio.gov.cn/dfbd/dfbd/document/1305199/1305199.htm", "title": "中外双展亮相大连现代博物馆", "image": "https://dss0.bdstatic.com/6Ox1bjeh1BF3odCf/it/u=2697415992,4166758315&fm=217&app=92&size=f242,162&n=0&g=0n&f=JPEG?s=2CC27A2388D2ADF5CE14F10E0100A091&sec=1620384595&t=efd872eef853dde21f27976ccfa1b576", "poster": "中华人民共和国国务院新闻办公室", "time": "2013年3月29日", "content": "由大连现代博物馆分别与重庆中国三峡博物馆、美国驻沈阳总领事馆合作举办的“三峡琴韵——重庆中国三峡博物馆馆藏古琴展”和“化零为整——21世纪美国拼布作品艺术展”近日在大连现代博物馆举办。 "}
{"museum": "大连现代博物馆", "source": "http://www.chinadaily.com.cn/dfpd/2010-03/01/content_9520211.htm", "title": "大连现代博物馆", "image": "", "poster": "中国日报网", "time": "2010年3月1日", "content": "大连现代博物馆建筑面积30,400平方米,展陈面积15,000平方米。外型为方正的围廊列柱式现代欧式结构,东西两侧纯白套黑,顶部是弧型玻璃拱顶,整幢建筑五层,地下一层,地上四层。 作为大连开启21世纪的标志性文化设施,大连现代博物馆以史诗..."}
{"museum": "大连现代博物馆", "source": "https://www.chinanews.com/cul/2017/01-14/8124297.shtml", "title": "大连现代博物馆被评为国家一级博物馆", "image": "", "poster": "中国新闻网", "time": "2017年1月14日", "content": "中新网大连1月14日电 (记者 杨毅)大连现代博物馆14日对外披露,大连现代博物馆近日正式被评为国家一级博物馆。至此,全国国家一级博物馆已达130座,其中辽宁省有5座。大连市国家一级博物馆至此达到两座,即旅顺博物馆和现代博物馆。 "}
{"museum": "大连现代博物馆", "source": "https://baijiahao.baidu.com/s?id=1612410480022338709&wfr=spider&for=pc", "title": "首届“一带一路”国际海洋城市文化摄影周在大连开幕", "image": "https://dss0.bdstatic.com/6Ox1bjeh1BF3odCf/it/u=1072535752,3116381840&fm=173&app=25&size=f242,162&n=0&g=0n&f=JPEG?s=47006BA24FF3BBEB4ECCEC1E030050D1&sec=1620384595&t=6c2ee521aea85cb7ee76688190e9d83a", "poster": "国际在线", "time": "2018年9月23日", "content": "9月23日,参观者步入大连现代博物馆参观展览。当日,由中国摄影家协会、中共大连市委宣传部和大连市旅游发展委员会联合主办,大连新闻传媒集团、中国摄影出版社承办的首届“一带一路”国际海洋城市文化摄影周在大连开幕。新华社记者潘昱龙摄9..."}
{"museum": "大连现代博物馆", "source": "https://baijiahao.baidu.com/s?id=1622335614773940359&wfr=spider&for=pc", "title": "美丽的海滨城市大连,徐徐海风拂面,空气十分清新", "image": "https://dss0.bdstatic.com/6Ox1bjeh1BF3odCf/it/u=794060797,288415446&fm=175&app=25&size=f242,162&n=0&g=0n&f=JPEG?s=FA151B88DACD4ACC672DB9D10300C0B9&sec=1620384595&t=5e652eb7c707a2d8794054cd64047c3f", "poster": "同龄人经历的旅游", "time": "2019年1月11日", "content": "大连现代博物馆位于星海广场北侧,是一座造型独特的现代建筑,馆内陈列了大量的历史和军事文物,展示着丰富的图片和文字介绍,从历史、城建、经济都多个角度将大连一个世纪以来的历史变迁呈现在人们眼前。星海湾景区是大连海景的核心区域。这里..."}
{"museum": "大连现代博物馆", "source": "https://baijiahao.baidu.com/s?id=1612773579175484427&wfr=spider&for=pc", "title": "「关注」大咖都说好……大连最热“网红”展览要延期了!", "image": "https://dss0.bdstatic.com/6Ox1bjeh1BF3odCf/it/u=2200066336,2574585925&fm=173&app=25&size=f242,162&n=0&g=0n&f=JPEG?s=141256979EEA4E0D761EA2F10300003F&sec=1620384596&t=225e799cf9e31c965a3624a93126fbe1", "poster": "大观新闻", "time": "2018年9月27日", "content": "最近大连有个展览“惊动”了整个大连也“惊动”了央视更是让展览地——大连现代博物馆一跃成为大连最热“网红”地它就是中国大连首届“一带一路”国际海洋城市文化摄影周展览因为反响热烈应广大市民要求组委会作出决定:摄影周展期延至10..."}
{"museum": "大连现代博物馆", "source": "https://baijiahao.baidu.com/s?id=1650358970223874984&wfr=spider&for=pc", "title": "穷游大连 穷难道就不能去旅行么,穷游的乐趣你想象不到", "image": "https://dss0.bdstatic.com/6Ox1bjeh1BF3odCf/it/u=1842608611,4124891490&fm=173&app=49&size=f242,162&n=0&g=0n&f=JPEG?s=F8182ED75AF74A8248A3A16B03006059&sec=1620384596&t=0db269cbcd6fcc4d1f11980cea5f2ff9", "poster": "小宁旅游说", "time": "2019年11月16日", "content": "重头戏当然还是我们的博物馆,大连现代博物馆和大连自然博物馆。现代博物馆里,主要还是以红色为主题的。抗日战争之类的。我每次去都会看到有幼儿园的小朋友在老师的带领下参观。自然博物馆就是各种各样的鱼的标本,当然也有很多其他动物。除..."}
{"museum": "大连现代博物馆", "source": "https://baijiahao.baidu.com/s?id=1687085489036581679&wfr=spider&for=pc", "title": "本土馆藏助力中国“海丝叙事”", "image": "https://dss2.bdstatic.com/6Ot1bjeh1BF3odCf/it/u=473759444,1059882910&fm=173&app=49&size=f242,162&n=0&g=0n&f=JPEG?s=089C8F5582BAF5CE5E9019610300A01A&sec=1620384596&t=ec9a09c791a80314029cee007d29e457", "poster": "潇湘晨报", "time": "2020年12月26日", "content": "—亚洲文明联展”，与杭州工艺美术馆等10个博物馆联合举办“海市蜃楼——17至20世纪外销装饰艺术展”，与上海历史博物馆、江西省博物馆、大连现代博物馆、郑州博物馆、德国杜塞尔多夫—德国陶瓷博物馆、大阪市立东洋陶瓷美术馆联合举办“..."}
{"museum": "大连现代博物馆", "source": "https://baijiahao.baidu.com/s?id=1687063025423578432&wfr=spider&for=pc", "title": "多件珍贵文物“北上东进” 看本土馆藏怎样助力中国“海丝叙事”", "image": "https://dss0.bdstatic.com/6Ox1bjeh1BF3odCf/it/u=869391580,3784946752&fm=173&app=49&size=f242,162&n=0&g=0n&f=JPEG?s=97ACF5055CBAA6C81635DCCD0100E093&sec=1620384596&t=ab6382fd5c9e2279be2179656805906b", "poster": "广州日报", "time": "2020年12月25日", "content": "与杭州工艺美术馆等10个博物馆联合举办“海市蜃楼——17至20世纪外销装饰艺术展”,与上海历史博物馆、江西省博物馆、大连现代博物馆、郑州博物馆、德国杜塞尔多夫——德国陶瓷博物馆、大阪市立东洋陶瓷美术馆联合举办“白色金子·东西瓷都..."}
{"museum": "大连现代博物馆", "source": "https://baijiahao.baidu.com/s?id=1676803509343329929&wfr=spider&for=pc", "title": "魔都看展丨上海9月看展指南百场展览任你选", "image": "https://dss0.bdstatic.com/6Ox1bjeh1BF3odCf/it/u=1404768688,2108658897&fm=173&app=49&size=f242,162&n=0&g=0n&f=JPEG?s=8572E13719D6CCC84CD0C0DF010080E3&sec=1620384596&t=396bf23f2e24814264805b89debaca66", "poster": "存知己丨行李寄存平台", "time": "2020年9月3日", "content": "上海市历史博物馆(1)不忘初心 伟大征程——从建党到建国红色文物史料展》展期:2020.8.21-11.8(2)灯影的魅力——大连现代博物馆藏辽南皮影艺术展展期:2020.9.25-12.6地址:黄浦区南京西路325号3.上海琉璃艺术博物馆:玻璃时代的..."}
{"museum": "大连现代博物馆", "source": "https://baijiahao.baidu.com/s?id=1624773772096432011&wfr=spider&for=pc", "title": "扶老携幼看光景 博物馆里过大年", "image": "https://dss1.bdstatic.com/6OF1bjeh1BF3odCf/it/u=3481871601,2627081004&fm=173&app=49&size=f242,162&n=0&g=0n&f=JPEG?s=B42345B348237892D0811CF403000033&sec=1620384596&t=eb545cd27b6abcfe04d38b1d494c22f4", "poster": "泉州网", "time": "2019年2月7日", "content": "皮影展览唤起儿时回忆临近闭馆时间,泉州海外交通史博物馆的参观者渐渐少了。从漳州到泉州与儿子过年的白女士一家人,仍在伊斯兰文化陈列馆三楼展厅内流连忘返,这里展出的,是来自辽宁大连现代博物馆馆藏的辽南皮影艺术作品,一幅幅制作精巧、..."}
{"museum": "大连现代博物馆", "source": "https://baijiahao.baidu.com/s?id=1624252810147488532&wfr=spider&for=pc", "title": "充满文化感和历史感 泉州新春博物馆奇妙之旅", "image": "https://dss0.bdstatic.com/6Ox1bjeh1BF3odCf/it/u=2477459656,4191425020&fm=173&app=49&size=f242,162&n=0&g=0n&f=JPEG?s=26EAFA1678C245491AA62AEF03005029&sec=1620384596&t=97f0cd05c8f52bd24d1c8015ef3e998d", "poster": "泉州网", "time": "2019年2月1日", "content": "正月初一到海交馆看非遗辽南皮影2月5日,农历正月初一,来自辽宁大连现代博物馆藏的辽南皮影艺术作品,将在泉州海外交通史博物馆伊斯兰文化陈列馆三楼与大家见面。展览为观众展示辽南皮影的历史发展、地区特色、传统剧目及制作方法,展期至2019..."}
{"museum": "大连现代博物馆", "source": "https://baijiahao.baidu.com/s?id=1624241002224694945&wfr=spider&for=pc", "title": "20余场主题展览和特色活动!新春博物馆奇妙之旅约吗?", "image": "https://dss2.bdstatic.com/6Ot1bjeh1BF3odCf/it/u=2948994041,2619013187&fm=173&app=49&size=f242,162&n=0&g=0n&f=JPEG?s=26EAF21610C245495A962AEF03005029&sec=1620384596&t=fe515946a843e68345db505edd2cdac4", "poster": "泉州晚报", "time": "2019年2月1日", "content": "正月初一到海交馆 看非遗辽南皮影2月5日,农历正月初一,来自辽宁大连现代博物馆藏的辽南皮影艺术作品,将在泉州海外交通史博物馆伊斯兰文化陈列馆三楼与大家见面。展览为观众展示辽南皮影的历史发展、地区特色、传统剧目及制作方法,展期至2019..."}
{"museum": "大连现代博物馆", "source": "https://www.sohu.com/a/251216279_351369", "title": "【聚焦】大连很忙!今天几十家事业单位挂牌", "image": "", "poster": "搜狐网", "time": "2018年8月31日", "content": "大连市公共文化服务中心 正式成立 今日上午 大连市公共文化服务中心揭牌仪式 暨动员大会在现代博物馆举行 大连市公共文化服务中心由 市文广局原所属旅顺博物馆 大连现代博物馆 旅顺日俄监狱旧址博物馆 ..."}
{"museum": "大连现代博物馆", "source": "https://baijiahao.baidu.com/s?id=1600814173573573131&wfr=spider&for=pc", "title": "第十五届(2017年度)全国博物馆十大陈列展览精品推介结果揭晓!", "image": "https://dss0.bdstatic.com/6Ox1bjeh1BF3odCf/it/u=2610129202,2844163340&fm=173&app=25&size=f242,162&n=0&g=0n&f=JPEG?s=97E06CA5681082DA46043D3903001042&sec=1620384596&t=f66160b8805ef86ec91a1d46682b11b1", "poster": "中国文化遗产", "time": "2018年5月18日", "content": "8.大连现代博物馆【圆梦——从北洋铁甲到航母舰队】圆梦——从北洋铁甲到航母舰队展览内容:展览以海军发展历程为主线,分为旅顺军港、北洋重镇,生于忧患、踯躅前行,赴汤蹈海、勇立潮头,航母入海、筑梦深蓝四个单元,分别叙述了清末、..."}
{"museum": "大连现代博物馆", "source": "https://www.163.com/dy/article/FOLA846T0525EFUR.html", "title": "上海时装周来了,你的新衣呢?|普拉达|爱马仕|轩尼诗_网易订阅", "image": "https://dss2.bdstatic.com/6Ot1bjeh1BF3odCf/it/u=472960197,2829391723&fm=217&app=92&size=f242,162&n=0&g=0n&f=JPEG?s=BE901CC7408438E81C19C432030040D3&sec=1620384596&t=38f5cb7091437c41ea46f9e6a0fa6787", "poster": "网易", "time": "2020年10月11日", "content": "上海玻璃博物馆特别大展「重置」 展期:2020年11月7日至2021年10月31日 张鼎,《黑色物质-3》,2015 上海玻璃博物馆的“退火”五周年特别大展「重置」将于2020年11月7日隆重拉开帷幕,并作为常设展与观众全年见面。张鼎、廖斐、 杨..."}
{"museum": "大连现代博物馆", "source": "https://dy.163.com/article/FNRJA0RV0514D3UH.html", "title": "破日军“速战”部署 招商局这一举动筑长江封锁线|百年百篇", "image": "https://dss0.bdstatic.com/6Ox1bjeh1BF3odCf/it/u=3596499616,976660626&fm=217&app=92&size=f242,162&n=0&g=0n&f=JPEG?s=795AA75793906DCA0A7C50EE0300E038&sec=1620384596&t=3e5e011e8c2f5db1418f712031adb434", "poster": "网易订阅", "time": "2020年10月1日", "content": "现在的蛇口码头邮轮母港。图/蛇口改革开放博物馆 “问我航程有多远,一八七二到今天”,这是词作家阎肃的《招商局之歌》开篇的第一句歌词。招商局这艘百年老船,伴随近现代中国走过潮起潮落,现在祖国的支持下,再将鼓帆驶向未知的远方。"}
{"museum": "大连现代博物馆", "source": "https://www.sohu.com/a/409792938_120206740", "title": "文博周报——2020-07-04期", "image": "https://dss1.bdstatic.com/6OF1bjeh1BF3odCf/it/u=1375403850,326976303&fm=217&app=92&size=f242,162&n=0&g=0n&f=JPEG?s=DA185C89428A7AEE283920E10300E032&sec=1620384596&t=e59a58c198db5c2288ca624bdbe3dcdd", "poster": "搜狐网", "time": "2020年7月25日", "content": "大连自然博物馆推出精粹矿物晶体展 7月21日,《蓝海邀约——精粹矿物晶体展》在大连自然博物馆惊艳亮相,展览汇聚了来自世界各地的二百余件珍贵矿物、宝石标本,总价值六千多万元。本次展览代表了国内矿晶收藏及展示的最高水平。本次展览展..."}
{"museum": "大连现代博物馆", "source": "https://baijiahao.baidu.com/s?id=1670714454458650427&wfr=spider&for=pc", "title": "大连3天,45.2万人次,4.45亿!", "image": "https://dss2.bdstatic.com/6Ot1bjeh1BF3odCf/it/u=1208072969,3036117213&fm=173&app=49&size=f242,162&n=0&g=0n&f=JPEG?s=A0284FB05E993ACE389C044E03001062&sec=1620384596&t=7e705dd59cd2d0116f1b54f2abd5e5c9", "poster": "大连e族", "time": "2020年6月28日", "content": "旅游景区及相关场所12家大连圣亚海洋世界公园、大连自然博物馆、大连现代博物馆、大连贝壳博物馆、大连东港游艇码头、大连东港音乐喷泉广场、大连老虎滩海洋公园、大连棒棰岛风景区、大连森林动物园、大连北站旅游咨询中心、大连铁道国际旅行社站..."}
{"museum": "大连现代博物馆", "source": "https://baijiahao.baidu.com/s?id=1666636763533491225&wfr=spider&for=pc", "title": "我们该有一个自己的海洋博物馆", "image": "https://dss2.baidu.com/6ONYsjip0QIZ8tyhnq/it/u=446626760,2834028713&fm=173&app=49&size=f242,162&n=0&g=0n&f=JPEG?s=C042F51D05D27FC21AE98CCC030030B3&sec=1620384596&t=d0551208057ec6edbf6123a160950c77", "poster": "湘湘爱旅行", "time": "2020年5月14日", "content": "图大连新闻传媒集团记者高强 我国是一个陆海兼备的发展中大国，建设海洋强国是全面建设社会主义现代化强国的重要组成部分。但目前与黄海和渤海相关的海洋博物馆布局尚属空白，因此隋鸿锦委员建议，大连应立项建立属于自己的海洋博物馆。隋鸿锦..."}
{"museum": "大连现代博物馆", "source": "https://www.sohu.com/a/391290301_100211417", "title": "评选开始,等你投票!", "image": "", "poster": "搜狐网", "time": "2020年4月26日", "content": "2、石梦,大连聂潍枢景泰蓝唐卡博物馆,馆长 她20年如一日,全身心投入学习与创作,自建景泰蓝唐卡博物馆,馆藏自创作品达200余件。景泰蓝作品《四大天王》入围第八届中国民间艺人节暨第十四届中国民间文艺“山花奖”,优秀民间工艺美术作品..."}
{"museum": "大连现代博物馆", "source": "https://new.qq.com/omn/20200328/20200328A0QI5A00.html?pc", "title": "2020上海市民文化节“最美游记”“最佳微游线路设计”征集活动...", "image": "https://dss1.bdstatic.com/6OF1bjeh1BF3odCf/it/u=3324213342,2838273436&fm=217&app=92&size=f242,162&n=0&g=0n&f=JPEG?s=7196E73ECF9048C01E64F06E03004071&sec=1620384596&t=68c3bcc9c436db33257a0f7b1e17d468", "poster": "腾讯网", "time": "2020年3月28日", "content": "推荐理由:在魔都的最高处看云卷云舒,在望江驿看一场直播,在融书房听一次讲座,在艺仓美术馆看一个展览,在1862老船厂吃一顿美食,乘上游船在“世界会客厅”饱览浦江两岸美景,实在太惬意啦! "}
{"museum": "大连现代博物馆", "source": "https://new.qq.com/omn/20200213/20200213A099L700.html", "title": "天津人,躺在床上也能逛博物馆?只要动动手指戳这里", "image": "", "poster": "腾讯网", "time": "2020年2月13日", "content": "此次因疫情闭馆期间,天津博物馆的“线上博物馆”依然开放,推出了17个展览的在线观看,包括【长期陈列】、【目前正在举办的特展】、【往期特展回顾】。 点进云观展页面,可通过鼠标或触屏操作,360度全景看展,一览展览全貌。还可放大、..."}
{"museum": "大连现代博物馆", "source": "https://www.sohu.com/a/369955294_487457", "title": "宅在家中不出门!看遍全国100个博物馆", "image": "", "poster": "搜狐网", "time": "2020年2月1日", "content": "天津博物馆的馆藏特色是中国历代艺术品和近现代历史文献、地方史料并重,截止至2014年末,有古代青铜器、陶瓷器、书法、绘画、玉器、玺印、文房用具、甲骨、货币、邮票、敦煌遗书、竹木牙角器、地方民间工艺及近代历史文献等各类藏品近20万..."}
{"museum": "大连现代博物馆", "source": "https://baijiahao.baidu.com/s?id=1649894913165730164&wfr=spider&for=pc", "title": "求学到求职一站式帮扶 大连市团委深入开展助学创业活动", "image": "", "poster": "大观新闻", "time": "2019年11月11日", "content": "夏令营精心设置了党的理论、团的历史、爱党爱国教育、心里疏导等课程;观看分享了精彩爱国影片;安排了素质拓展、志愿服务、“爱党、爱国、爱家乡”主题才艺展示;还组织学员们参观了大连现代博物馆、世界音乐博物馆、东港音乐喷泉广场等。"}
{"museum": "大连现代博物馆", "source": "https://www.sohu.com/a/315154773_426335", "title": "518现场|2019年“国际博物馆日”里的博物馆(北方篇)", "image": "https://dss0.bdstatic.com/6Ox1bjeh1BF3odCf/it/u=2875671073,426655810&fm=217&app=92&size=f242,162&n=0&g=0n&f=JPEG?s=C052559E0F5147CC484974D803008030&sec=1620384597&t=30b51f906fc6c23afdffe0bceb3818db", "poster": "搜狐网", "time": "2019年5月20日", "content": "在流动展览方面,大连博物馆有5个,分别是“圆梦——从北洋铁甲到航母舰队”、“灯影的魅力——大连博物馆藏辽南皮影艺术”、“那年绣色——大连博物馆藏绣品”、“足迹——焦裕禄在大连1955-1956”和“近代大连”。大连市文物考古研究所..."}
{"museum": "大连现代博物馆", "source": "https://baijiahao.baidu.com/s?id=1632858872633365103&wfr=spider&for=pc", "title": "中国美丽的辽东半岛/中国东北开放的前沿阵地!", "image": "https://dss1.bdstatic.com/6OF1bjeh1BF3odCf/it/u=10698504,65074219&fm=173&app=49&size=f242,162&n=0&g=0n&f=JPEG?s=0020FC1354747F864E8B397C0300B068&sec=1620384597&t=6ac87c13fa5a3a753d5f9274e5a1898c", "poster": "每个人都了不起", "time": "2019年5月7日", "content": "辽东半岛也是著名的红富士苹果主产区,品质上乘,供不应求。风景名胜区主要有大连老虎滩海洋公园、金石滩国家旅游度假区、大连圣亚海洋世界、大连森林动物园、大连现代博物馆等等。远方的朋友欢迎您到辽东半岛来观光投资!"}
{"museum": "大连现代博物馆", "source": "https://www.sohu.com/a/296195564_669715", "title": "好消息,深圳博物馆自然馆揭开神秘面纱,就在龙华这里!", "image": "https://dss1.bdstatic.com/6OF1bjeh1BF3odCf/it/u=3707271016,2976212034&fm=217&app=92&size=f242,162&n=0&g=0n&f=JPEG?s=7B86B04456A295430C3E0D980300C099&sec=1620384597&t=09bfaa3162ac44169dfa05033408b3b1", "poster": "搜狐网", "time": "2019年2月21日", "content": "大连自然博物馆是一座集地质、古生物、动物、植物标本收藏、研究、展示于一体的综合性自然科学博物馆,其前身始建于1907年。新馆为现代欧式建筑,坐落在风景秀丽的黑石礁海滨,建筑面积1.5万平方米,展览面积1万平方米,是国内唯一拥有27万平方..."}
{"museum": "大连现代博物馆", "source": "https://baijiahao.baidu.com/s?id=1623476932564095945&wfr=spider&for=pc", "title": "盘点场馆很大的旅游休闲场所,从你所熟知的广东科学中心、嘉兴南湖...", "image": "https://dss2.bdstatic.com/6Ot1bjeh1BF3odCf/it/u=2005022501,2721176104&fm=173&app=49&size=f242,162&n=0&g=0n&f=JPEG?s=C290EC206B92AB9A8E91F5850300E083&sec=1620384597&t=0f67b7b90dad45f5e9087cf2439e41b5", "poster": "百闻旅行", "time": "2019年1月24日", "content": "关键词:设备老旧 外观很宏伟 趣味十足#6 大连现代博物馆票价:30元开放时间:4月1日-10月31日周二-周日9:00-17:30(16:00停止入馆),周一闭馆;11月1日-3月31日周二-周日9:00-16:30,(15:30停止入馆),周一闭馆简介:大连现代..."}
{"museum": "大连现代博物馆", "source": "https://baijiahao.baidu.com/s?id=1618162818615122861&wfr=spider&for=pc", "title": "旅顺博物馆镇馆之宝:被亲戚骗裁成两段,五十年代卖得10块钱", "image": "https://dss2.bdstatic.com/6Ot1bjeh1BF3odCf/it/u=1895454302,3006810517&fm=173&app=25&size=f242,162&n=0&g=0n&f=JPEG?s=0BA2FC016029B70357208907010060E3&sec=1620384597&t=ad45656a4cbf310dd52addcd2c31d323", "poster": "闲趣侃历史", "time": "2018年11月26日", "content": "幸运的是,1962年旅顺博物馆的专家陈钟远发现了那张吕某卖出的题跋,经过不断走访多次往返于大连和青堆子镇,陈钟远终于找到了画卷,并用500元收购了画和被裁下的题跋,再后来,旅顺博物馆将《青园图》的题跋与画卷一起运至上海博物馆,..."}
{"museum": "大连现代博物馆", "source": "https://baijiahao.baidu.com/s?id=1611929783700480102&wfr=spider&for=pc", "title": "大连市举行纪念“九一八”事变87周年警报鸣响活动", "image": "", "poster": "央广网", "time": "2018年9月18日", "content": "上午9点18分,大连全市固定防空警报器、车载警报器进行防空警报鸣响。大连社会各界代表近千人在大连现代博物馆前共唱国歌、铭记历史、缅怀先烈。大连市委宣传部副部长王旭表示:“举行这次活动主要加强全民国防教育,巩固军政军民团结,为实现..."}
{"museum": "大连现代博物馆", "source": "https://www.sohu.com/a/251139024_100082681", "title": "大连市公共文化服务中心正式成立", "image": "https://dss0.bdstatic.com/6Ox1bjeh1BF3odCf/it/u=693486108,910000191&fm=217&app=92&size=f242,162&n=0&g=0n&f=JPEG?s=0F344183060F06FF1D0DB5A903006015&sec=1620384597&t=42a26695a2c7ae1a23feff789e634d1c", "poster": "搜狐网", "time": "2018年8月31日", "content": "根据《大连市市属公益性事业单位优化整合方案》,大连市公共文化服务中心整合市文广局原所属旅顺博物馆、大连现代博物馆、旅顺日俄监狱旧址博物馆、市文物考古研究所、市图书馆、市少年儿童图书馆、市戏剧创作室、大连武术文化博物馆、大连..."}
{"museum": "大连现代博物馆", "source": "https://baijiahao.baidu.com/s?id=1601147978070535049&wfr=spider&for=pc", "title": "大连市群艺馆积极参加“政务公开日”活动", "image": "https://dss0.bdstatic.com/6Ox1bjeh1BF3odCf/it/u=2004435838,826704437&fm=173&app=25&size=f242,162&n=0&g=0n&f=JPG?s=B91250914E0317435E2179B30300E003&sec=1620384597&t=59da5fadfd32c8986ee2253a8998db1e", "poster": "人民日报", "time": "2018年5月22日", "content": "按照大连市文化广播影视局的统一部署,大连市群众艺术馆精心组织、充分准备,于5月15日下午,在大连现代博物馆门前开展了以“文化为民、文化惠民”为主题开展了政务公开日活动,宣传介绍免费开放服务项目和非物质文化遗产保护情况。活动现场摆设..."}
{"museum": "大连现代博物馆", "source": "https://baijiahao.baidu.com/s?id=1591974463180237832&wfr=spider&for=pc", "title": "一周观展指南|“瑞犬展”纷至沓来,安格尔“来到了”天津", "image": "", "poster": "澎湃新闻", "time": "2018年2月10日", "content": "此次展览是国内举办的首个安格尔主题展,展出的全部作品均来自安格尔博物馆。大连:三秦华章 光耀四方—陕西周秦汉唐文物精华展展期:2018年2月6日—5月20日地点:大连现代博物馆此次展览精选了陕西历史博物馆藏周秦汉唐珍贵文物101件组、..."}
{"museum": "大连现代博物馆", "source": "https://hunan.voc.com.cn/xhn/article/201801/201801310023476998001.html", "title": "中国工业遗产保护名录名单公布 湖南三处入围", "image": "https://dss2.bdstatic.com/6Ot1bjeh1BF3odCf/it/u=4049089777,2648156187&fm=217&app=92&size=f242,162&n=0&g=0n&f=JPEG?s=40629F5504BF49887840ECF1030010B3&sec=1620384597&t=77a5ad26e1e5d50f8709c4d795b5ff29", "poster": "湖南在线", "time": "2018年1月31日", "content": "王挺表示,国家有关部门对工业遗产的保护十分重视,已确定汉冶萍钢铁厂、青岛啤酒厂、第一颗原子弹试验基地、中东铁路建设等十余处国家级工业遗产博物馆,各地还有些工业遗产正在进一步调查与申报之中。我国的工业遗产保护虽然起步较晚,但已经..."}
{"museum": "大连现代博物馆", "source": "https://www.sohu.com/a/219593744_100028875", "title": "入选全国“旅游休闲示范城市”!这十个城市满足你旅游休闲需求", "image": "https://dss0.bdstatic.com/6Ox1bjeh1BF3odCf/it/u=3562968656,1863470418&fm=217&app=92&size=f242,162&n=0&g=0n&f=JPEG?s=5A924084C4C97B4F72144E910300C08E&sec=1620384598&t=1ce1cae1a98e4b7b1e05d89361e562be", "poster": "搜狐网", "time": "2018年1月29日", "content": "苏州博物馆 江南风韵与现代艺术性的完美融合之作 宁波 天一阁 中国现存最早的私家藏书楼,也是亚洲现有最古老的图书馆 溪口·雪窦山风景名胜区 这里是蒋介石的故里,早在汉代就有“海上蓬莱”之誉 ..."}
{"museum": "大连现代博物馆", "source": "https://baijiahao.baidu.com/s?id=1589575447147401070&wfr=spider&for=pc", "title": "全国各省博物馆数量排名,看看你的家乡排第几", "image": "", "poster": "云溪随笔", "time": "2018年1月14日", "content": "辽宁:辽宁省博物馆;“九·一八”历史博物馆;旅顺博物馆;沈阳故宫博物院;大连现代博物馆。第七名,湖南,一级博物馆数量4家:湖南省博物馆;韶山毛泽东故居纪念馆;刘少奇故居纪念馆;长沙简牍博物馆。第八名,甘肃、重庆、吉林、山西、河北..."}
{"museum": "大连现代博物馆", "source": "https://www.sohu.com/a/215576301_351369", "title": "【骄傲】大连的这些文物入选“世界记忆名录”!", "image": "https://dss1.bdstatic.com/6OF1bjeh1BF3odCf/it/u=2873743922,2193294966&fm=217&app=92&size=f242,162&n=0&g=0n&f=JPEG?s=25C29C4CC2A2FF7E5EF5083903008083&sec=1620384598&t=4a8fc66c18a25a30746763a99154aec3", "poster": "搜狐网", "time": "2018年1月9日", "content": "《近现代中国苏州丝绸档案》 旅顺博物馆 旅顺博物馆坐落于有“半部中国近代史”之称的大连市旅顺口区,是大连市属的历史艺术性博物馆,其以悠久的建馆历史、别具特色的藏品优势、庄重典雅的馆舍建筑及错落有致的庭院设计而蜚声海内外。"}
{"museum": "大连现代博物馆", "source": "https://www.sohu.com/a/191913550_688263", "title": "【全国其他地区】9月份有什么好看展览?(第3期)", "image": "https://dss1.bdstatic.com/6OF1bjeh1BF3odCf/it/u=3322842853,2665219793&fm=217&app=92&size=f242,162&n=0&g=0n&f=JPEG?s=C510709B118DD0EB485430C2010080B1&sec=1620384598&t=77c32da37953741c90b6260797b3fd5f", "poster": "搜狐网", "time": "2017年9月14日", "content": "展览地点:现代博物馆四楼B专题展厅 “清前三京”特展 本展览通过110件文物、考古资料及史迹图片,以建城时间为序展示清前三京的建城特点、宫殿建造规制,以及女真人(满洲)的生活、经贸活动等。 "}
{"museum": "大连现代博物馆", "source": "https://www.sohu.com/a/168733213_659034", "title": "北京国际设计周 | 经典设计奖初评 38项入围作品出炉", "image": "https://dss1.bdstatic.com/6OF1bjeh1BF3odCf/it/u=3651137980,3688124953&fm=217&app=92&size=f242,162&n=0&g=0n&f=JPEG?s=81A3971A87C07CEA42E40DDC030010B2&sec=1620384598&t=16793514f44c956f1b2746adaba62fc7", "poster": "搜狐网", "time": "2017年8月31日", "content": "1958年10月,中国国家博物馆在天安门广场东侧修建新馆。1959年8月工程竣工,成为建国十周年十大建筑之一。中国国家博物馆的建筑设计与周围环境和谐共处,并达到新与旧,当代与传统的有机结合。 "}
{"museum": "大连现代博物馆", "source": "https://www.sohu.com/a/141243623_355217", "title": "再过一天,沈阳这些景点统统免费!不知道你就亏大了,约起!", "image": "https://dss0.bdstatic.com/6Ox1bjeh1BF3odCf/it/u=84699995,831653431&fm=217&app=92&size=f242,162&n=0&g=0n&f=GIF?s=E008BE575B7F3E19C1DD48270300704E&sec=1620384598&t=9b9e205234b9dfba795c1a8236f0d6f6", "poster": "搜狐网", "time": "2017年5月17日", "content": "大连潜艇博物馆:购买套票五折优惠(限5月19日当日) 天沐温泉:1、推出特价房(主楼双标580元/间,含双早双人单次温泉门票;木屋、普通房480元/间,含双早双人双次温泉门票。2、温泉门票平日108元。3、1米以下儿童免费,1米—1.4米半价..."}
{"museum": "大连现代博物馆", "source": "https://www.sohu.com/a/108850301_351367", "title": "东关街将保留特色 建博物馆", "image": "https://dss0.bdstatic.com/6Ox1bjeh1BF3odCf/it/u=1638252602,375599034&fm=217&app=92&size=f242,162&n=0&g=0n&f=GIF?s=29324D9510C14CFE1FBEB8F203007018&sec=1620384598&t=954290d00b10625213c5e0a316f91f29", "poster": "搜狐网", "time": "2016年8月3日", "content": "并建历史博物馆 根据国家、省、市有关部门批示,考虑到大连人对东关街这条老街的特殊感情,此次改造东关街将植入一些老街元素,同时保留一个典型特征院落,并建成东关街历史博物馆,以珍藏这份城市记忆。 "}
{"museum": "大连现代博物馆", "source": "http://news.youth.cn/gn/201605/t20160518_8016621.htm", "title": "上海竟还有这些你不知道的博物馆 地铁可直达", "image": "https://dss2.bdstatic.com/6Ot1bjeh1BF3odCf/it/u=578683753,2949780664&fm=217&app=92&size=f242,162&n=0&g=0n&f=JPEG?s=BD3A6B9148154BC80418ED550300C0B3&sec=1620384598&t=b65c03031bf142cce81744d362cbfb0b", "poster": "中国青年网", "time": "2016年5月18日", "content": "上海动漫博物馆 地址:张江路69号503室 门票:博物馆日免费(平日30元) 交通:轨交2号线张江高科站 上海动漫博物馆,是中国第一家集展示、交流、科普教育、实践互动、产业促进等多功能于一体的大型现代化专业动漫展馆。博物馆共有3层,约..."}
{"museum": "大连现代博物馆", "source": "https://xw.qq.com/c/ln/20160423007853", "title": "三星堆和金沙遗址出土文物大连开展", "image": "", "poster": "腾讯网", "time": "2016年5月1日", "content": "三星堆和金沙遗址出土文物大连开展,三星堆和兵马俑是中国考古在国际上的两个代表性符号。昨日起,由大连现代博物馆、四川广汉三星堆博物馆、成都金沙遗址博物馆共同举办的《古蜀探秘——三星堆和金沙遗址出土文物菁华展》在大连现代博物馆..."}
{"museum": "大连现代博物馆", "source": "http://www.chinanews.com/cul/2014/03-14/5951964.shtml", "title": "近9000年前骨笛在大连展出:能吹民歌\"小白菜\"", "image": "", "poster": "中国新闻网", "time": "2014年3月14日", "content": "一根距今近9000年的骨笛,全长只有23.6厘米,却能吹出曲调凄美的民歌《小白菜》,堪称奇迹……昨日,记者在大连现代博物馆有幸提前目睹了于今日开展的《华夏遗韵——中原古代音乐文物展》,该展是现代博物馆与河南博物院联合主办,精选的67件..."}
{"museum": "大连现代博物馆", "source": "http://news.sohu.com/20051018/n227238589.shtml", "title": "连战参观大连旅顺爱国主义基地(图)", "image": "https://dss1.bdstatic.com/6OF1bjeh1BF3odCf/it/u=4045976397,3769923673&fm=217&app=92&size=f242,162&n=0&g=0n&f=JPEG?s=5E720FC15C0236D4C06C7D0F030070D2&sec=1620384600&t=296b1cdaeae8e6738ce285eeb653bb9b", "poster": "搜狐网", "time": "2005年10月18日", "content": "随后,连战拿起毛笔,饱蘸浓墨,工工整整写下了八个大字:“源远流长,巧夺天工”。在结束上午旅顺等地参观后,连战一行匆匆吃过午饭,于下午参观了大连市现代博物馆、贝壳博物馆、老虎滩极地馆。"}
{"museum": "大连现代博物馆", "source": "http://news.sohu.com/20040913/n222003653.shtml", "title": "大连首获非洲野生动物标本(图)", "image": "https://dss0.bdstatic.com/6Ox1bjeh1BF3odCf/it/u=316093390,468708293&fm=217&app=92&size=f242,162&n=0&g=0n&f=JPEG?s=E9844D9D2A734290082931D3030010B0&sec=1620384600&t=eb8cd6bc0c2d90af51bf6fb3855b00d3", "poster": "搜狐网", "time": "2004年9月13日", "content": "本报讯昨天下午,世界轮椅基金会主席肯尼斯·贝林先生来到大连自然博物馆,为日前运至大连的喜马拉雅塔尔羊、北山羊共3件标本举行开箱仪式。这也标志着贝林先生向大连自然博物馆捐赠标本的工作正式开始。这是大连首次获得非洲野生动物标本。 "}
