{"museum": "旅顺博物馆", "source": "http://news.longhoo.net/2021/wangmeng_0505/483185.html", "title": "旅顺博物馆声声传递对话历史的新方式", "image": "https://dss0.bdstatic.com/6Ox1bjeh1BF3odCf/it/u=4241489368,1177783283&fm=217&app=2&size=f242,162&n=0&g=0n&f=JPEG?s=95A4DE14D6C94B6E7618C8C1030020AB&sec=1620384593&t=d85b77b26f9f68e8b092197bc1061d69", "poster": "龙虎网", "time": "昨天08:59", "content": "5月3日,“Hi!大连”全国十城记者“网眼看大连”采风团的第八站,便是走进旅顺小城。 一山担两海,一港写春秋。一个旅顺口,半部中国近代史。眼下正值樱花盛放,承载了百年近代历史的旅顺,已经成为全国各地游客的打卡地。旅顺博物馆、..."}
{"museum": "旅顺博物馆", "source": "https://xw.qq.com/cmsid/20210428A07S4U00", "title": "【旅博资讯】旅顺博物馆2021年五一假期开放公告", "image": "", "poster": "腾讯网", "time": "8天前", "content": "——旅顺博物馆藏箸文物展 旅顺博物馆馆史展 【旅博资讯】旅顺博物馆分馆临时闭馆通知 温馨提示 1、观众可通过“旅顺博物馆微信公众平台”进行预约(具体步骤详见《旅顺博物馆参观预约操作流程》)。 2、参观当日,观众须出示本人预约时的..."}
{"museum": "旅顺博物馆", "source": "https://baijiahao.baidu.com/s?id=1698437811777722467&wfr=spider&for=pc", "title": "大连旅顺博物馆一日游", "image": "https://dss0.baidu.com/6ONWsjip0QIZ8tyhnq/it/u=2191364269,141373401&fm=30&app=106&size=f242,162&n=0&g=0n&f=JPEG?s=9932419148033ECA5EB5C807030050C3&sec=1620384593&t=f3467e5f8f0893ca835e2a6c65ed91e7", "poster": "大海记录大连", "time": "6天前", "content": "提起旅顺最著名的旅游景区，莫过于旅顺太阳沟风景区，而旅顺太阳沟风景区中，最有纪念意义和历史意义的景点，莫过于：旅顺博物馆了！旅顺博物馆风景区整个旅游区内，分为两个博物馆，其中一个博物馆内藏：佛像，瓷器，青铜器，木雕，..."}
{"museum": "旅顺博物馆", "source": "https://baijiahao.baidu.com/s?id=1698120689259387761&wfr=spider&for=pc", "title": "看!旅顺的记忆", "image": "https://dss1.baidu.com/6ONXsjip0QIZ8tyhnq/it/u=1959319110,141076319&fm=30&app=106&size=f242,162&n=0&g=0n&f=JPEG?s=3C324794520206EECB947D410300E090&sec=1620384593&t=2cc272d762d414110665d4ef6617145d", "poster": "大观新闻", "time": "9天前", "content": "中苏友谊塔位于旅顺口区旅顺博物馆门前广场，是为纪念第二次世界大战后驻守旅顺的苏联红军而建造的，为全国重点文物保护单位。中苏友谊塔高22.2 米，由塔基、塔身和塔顶三部分组成，象征着中苏两国人民的友谊万古长存。旅顺博物馆 旅..."}
{"museum": "旅顺博物馆", "source": "https://baijiahao.baidu.com/s?id=1698561918875071780&wfr=spider&for=pc", "title": "旅顺博物馆", "image": "https://dss0.baidu.com/6ONWsjip0QIZ8tyhnq/it/u=2896912879,141487229&fm=30&app=106&size=f242,162&n=0&g=0n&f=JPEG?s=6EA0CC4DFFA6C65D0631AC390300C013&sec=1620384593&t=bbcfad7601fd1a25ec6987f4e1de64f5", "poster": "汇人和", "time": "5天前", "content": "旅顺日本关东司令部旧址 旅顺博物馆（1）旅顺博物馆（2）旅顺博物馆（3）旅顺博物馆（4）旅顺博物馆（5）旅顺博物馆（6）旅顺博物馆（7）旅顺博物馆（7）旅顺博物馆（8）旅顺博物馆（9）旅顺博物馆（10）旅顺博物馆（11）旅顺博物..."}
{"museum": "旅顺博物馆", "source": "https://www.sohu.com/a/463350295_120381661", "title": "【旅博资讯】踏访红色印记 学习百年党史—— 旅顺博物馆党员走进...", "image": "https://dss0.bdstatic.com/6Ox1bjeh1BF3odCf/it/u=1632970521,1452342240&fm=217&app=2&size=f242,162&n=0&g=0n&f=JPEG?s=CFA621C5001A5FCC0E1A98D80300C098&sec=1620384593&t=0f2345b3bb4cab9237abadd8d383cbb2", "poster": "搜狐网", "time": "9天前", "content": "在党史学习教育过程中,旅顺博物馆党总支精心设计学习内容,创新学习手段,举办丰富多彩的学习活动。4月26日上午,风和日丽,旅顺博物馆党员走进金伯阳雕像公园,瞻仰烈士遗像,缅怀烈士事迹,举办了别开生面的党日活动。宣教部主任刘芳声情并茂..."}
{"museum": "旅顺博物馆", "source": "https://www.sohu.com/a/463350583_120381661", "title": "【旅博资讯】踏访绿水青山——旅顺博物馆工会举办踏青赏春活动...", "image": "https://dss2.bdstatic.com/6Ot1bjeh1BF3odCf/it/u=3114885701,4283830335&fm=217&app=2&size=f242,162&n=0&g=0n&f=JPEG?s=F1B21FD5C8127EC62E98C8C003006093&sec=1620384593&t=f5234809393fa99b00d2fc12ec252af9", "poster": "搜狐网", "time": "9天前", "content": "市委、市政府大力加强生态资源保护,努力打造绿水青山,为市民健身、休闲提供了良好条件。2021年4月26日,旅顺博物馆工会以“踏访绿水青山”为主题,组织员工走进金龙寺国家森林公园,进行踏青赏春活动。"}
{"museum": "旅顺博物馆", "source": "https://xw.qq.com/cmsid/20210504A069MN00", "title": "历史痕迹与现代风尚的融合 “网眼看大连”走进旅顺小城……", "image": "", "poster": "腾讯网", "time": "前天16:27", "content": "旅顺博物馆、留声机博物馆、樱花园、太阳沟……每个地方都迎来了客流高峰。年轻人身着汉服,举着自拍杆。沉重的历史痕迹和现代的时尚风向,就这样跨越时空,完美融合。 旅博是我国首批国家一级博物馆,这里有6万余件馆藏珍品、20万余件..."}
{"museum": "旅顺博物馆", "source": "https://baijiahao.baidu.com/s?id=1698884501485295608&wfr=spider&for=pc", "title": "“五一”假期游大连③:馆藏6万珍品,园藏6千樱花……旅顺小城藏着...", "image": "https://dss1.baidu.com/6ONXsjip0QIZ8tyhnq/it/u=4170326790,141788143&fm=30&app=106&size=f242,162&n=0&g=0n&f=JPEG?s=FF80648DCAD03DD856BCC8B40300D013&sec=1620384593&t=dcbd1be12c3f071e7a6cf997d55e5617", "poster": "西部文明播报", "time": "昨天10:30", "content": "眼下正值樱花盛放，承载了百年近代历史的旅顺，已经成为全国各地游客的打卡地。旅顺博物馆、留声机博物馆、樱花园、三寰牧场……每个地方都迎来了客流高峰。年轻人身着汉服，举着自拍杆。沉重的历史痕迹和现代的时尚风向，就这样跨越时空，..."}
{"museum": "旅顺博物馆", "source": "https://3g.163.com/dy/article/G96PRLPN0534B3JB.html", "title": "“网眼看大连”走进旅顺小城", "image": "", "poster": "网易新闻", "time": "昨天01:05", "content": "大连”全国十城记者“网眼看大连”采风团的第八站,便是走进旅顺小城。 眼下正值樱花盛放,承载了百年近代历史的旅顺,已经成为全国各地游客的打卡地。旅顺博物馆、留声机博物馆、樱花园、太阳沟……每个地方都迎来了客流高峰。年轻人身着..."}
{"museum": "旅顺博物馆", "source": "https://www.sohu.com/a/458396144_120381661", "title": "【旅博资讯】旅顺博物馆面向社会征集文物", "image": "", "poster": "搜狐网", "time": "4月1日", "content": "(来源:旅顺博物馆) 旅顺博物馆是有着百年历史的综合艺术类博物馆,国家一级博物馆。多年来,在文化传播和社会教育中发挥了重要的作用。 为进一步充实馆藏,促进科学研究,加强宣传教育,根据《中华人民共和国文物保护法》《中华人民共和国公..."}
{"museum": "旅顺博物馆", "source": "https://xw.qq.com/partner/sxs/20210330A081VL/20210330A081VL00?ADTAG=sxs&pgv_ref=sxs", "title": "旅顺博物馆", "image": "https://dss1.bdstatic.com/6OF1bjeh1BF3odCf/it/u=2841616659,2431153864&fm=217&app=2&size=f242,162&n=0&g=0n&f=JPEG?s=E40205F1408410E85EAC542A0300E052&sec=1620384594&t=590aef0834f87b491b8e98e607c08ff6", "poster": "腾讯网", "time": "3月30日", "content": "2021年4月1日—10月31日执行夏季开放时间。9:00—16:30开放(16:00停止入馆)。 每周一闭馆(国家法定节假日另行通知)。 展览详情 主馆基本陈列 吉金传古 ——旅顺博物馆藏青铜器精品展 ..."}
{"museum": "旅顺博物馆", "source": "https://new.qq.com/omn/20210330/20210330A081PS00.html", "title": "【旅博资讯】旅顺博物馆2021年清明节假期开放公告", "image": "https://dss0.bdstatic.com/6Ox1bjeh1BF3odCf/it/u=1402575983,1674080012&fm=217&app=2&size=f242,162&n=0&g=0n&f=JPEG?s=E62205E1408490EB5E8C542A0300E050&sec=1620384594&t=df8de9ca0b9c65a9f4d997f607ef9cec", "poster": "腾讯网", "time": "3月30日", "content": "2021年4月3日(周六)—4月5日(周一)主馆正常开放,9:00—16:30开放(16:00停止入馆)。 展览详情 主馆基本陈列 吉金传古 ——旅顺博物馆藏青铜器精品展 化土成玉 ——旅顺博物馆藏陶瓷艺术精品展 ..."}
{"museum": "旅顺博物馆", "source": "https://baijiahao.baidu.com/s?id=1686947739555099169&wfr=spider&for=pc", "title": "座谈|“旅顺博物馆藏新疆出土汉文文献”首次全面整理出版", "image": "https://dss2.bdstatic.com/6Ot1bjeh1BF3odCf/it/u=1401484229,3827471296&fm=173&app=49&size=f242,162&n=0&g=0n&f=JPEG?s=C370A5760E6476090C4018650300C063&sec=1620384594&t=da4bea3d000b6ba50eacab8eb461e26b", "poster": "澎湃新闻", "time": "2020年12月24日", "content": "2020年12月20日，由中华书局与旅顺博物馆、北京大学中国古代史研究中心、中国人民大学历史学院联合主办的“《旅顺博物馆藏新疆出土汉文文献》出版座谈会”在北京举行。此次由中华书局出版的《旅顺博物馆藏新疆出土汉文文献》收入“旅顺博物馆..."}
{"museum": "旅顺博物馆", "source": "https://baijiahao.baidu.com/s?id=1686676825231253993&wfr=spider&for=pc", "title": "敦煌吐鲁番文献“最后的宝藏”!《旅顺博物馆藏新疆出土汉文文献...", "image": "https://dss0.bdstatic.com/6Ox1bjeh1BF3odCf/it/u=2941468441,2812506534&fm=173&app=49&size=f242,162&n=0&g=0n&f=JPEG?s=5082E9B362030AE6243994360300D051&sec=1620384594&t=623a0512588f00907e666f01af82155c", "poster": "中国青年报", "time": "2020年12月21日", "content": "中国青年报客户端讯（中青报·中青网记者 沈杰群）12月20日，由中华书局与旅顺博物馆、北京大学中国古代史研究中心、中国人民大学历史学院联合主办的“《旅顺博物馆藏新疆出土汉文文献》出版座谈会”在北京举行。《旅顺博物馆藏新疆出土..."}
{"museum": "旅顺博物馆", "source": "https://baijiahao.baidu.com/s?id=1692944126492469294&wfr=spider&for=pc", "title": "日本人建的旅顺博物馆,收藏着头盖骨制作的法器和新疆千年干尸!", "image": "", "poster": "驴游记", "time": "2月28日", "content": "大连有很多非常不错的博物馆，但最有名的博物馆不在大连城区，而是旅顺博物馆。为什么大连市的博物馆反而不如其下辖区的博物馆？为什么在旅顺博物馆里能看到4000多公里外的新疆干尸？旅顺博物馆和俄国人、日本人又有什么关系？不妨跟着..."}
{"museum": "旅顺博物馆", "source": "https://baijiahao.baidu.com/s?id=1686678306834249725&wfr=spider&for=pc", "title": "《旅顺博物馆藏新疆出土汉文文献》出版座谈会举行", "image": "https://dss1.bdstatic.com/6OF1bjeh1BF3odCf/it/u=445641,1120736793&fm=173&app=49&size=f242,162&n=0&g=0n&f=JPEG?s=D08021F50A433AC67218482603008062&sec=1620384594&t=8d8225442b219d3a37a56e86a800ca4c", "poster": "金台资讯", "time": "2020年12月21日", "content": "人民网北京12月21日电 由中华书局与旅顺博物馆、北京大学中国古代史研究中心、中国人民大学历史学院联合主办的“《旅顺博物馆藏新疆出土汉文文献》出版座谈会”12月20日在京举行。《旅顺博物馆藏新疆出土汉文文献》收入旅顺博物馆收藏新疆..."}
{"museum": "旅顺博物馆", "source": "https://www.sohu.com/a/431138992_208415", "title": "海韵大连|真没想到,咱旅顺博物馆也这么会“种草”!", "image": "https://dss1.bdstatic.com/6OF1bjeh1BF3odCf/it/u=4007165858,3936720975&fm=217&app=92&size=f242,162&n=0&g=0n&f=JPEG?s=D4F015C617F085D0005437B90300F006&sec=1620384594&t=b6003d33b536b582df74cc69d74c25a6", "poster": "搜狐网", "time": "2020年11月10日", "content": "2016年,旅顺博物馆作为文化部和国家文物局的92家试点单位之一,正式玩起了文创。 至今,已开发出200余件文创作品,也因此获得了一大批粉丝。 苏轼、郑板桥等人书法冰箱贴 吃饭也不能忘记学习 ..."}
{"museum": "旅顺博物馆", "source": "https://www.sohu.com/a/436801042_120381661", "title": "【旅博资讯】 “中国水下考古第一捞”即将亮相旅顺博物馆", "image": "https://dss0.bdstatic.com/6Ox1bjeh1BF3odCf/it/u=2510529811,502501223&fm=217&app=92&size=f242,162&n=0&g=0n&f=JPEG?s=1395E86C12B1F47F04FB2415030090CA&sec=1620384594&t=c8cea59fd55ca97edc03625f087039ca", "poster": "搜狐网", "time": "2020年12月7日", "content": "(来源:旅顺博物馆) 七百年前, 一艘满载瓷器和铁器的元代商船, 航行到辽宁省绥中县三道岗海域, 不幸沉没…… 1991年7月, 经历了数百年浪击水冲、石撞沙掩, 它以一种偶然的方式告诉人们 ..."}
{"museum": "旅顺博物馆", "source": "https://baijiahao.baidu.com/s?id=1680745173435652021&wfr=spider&for=pc", "title": "郭沫若为旅顺博物馆题写馆名的始末", "image": "https://dss2.bdstatic.com/6Ot1bjeh1BF3odCf/it/u=1648612229,1317205605&fm=173&app=49&size=f242,162&n=0&g=0n&f=JPEG?s=75F81BD555E3CCEA48DDE44A0300F073&sec=1620384594&t=aaa4ada7398231c6b36188731c237101", "poster": "旅顺老李头", "time": "2020年10月17日", "content": "庆祝活动的内容主要有两项：一是在大连斯大林广场（今人民广场）参加苏联红军烈士纪念塔及铜像落成典礼；二是来旅顺参加中苏友谊塔奠基典礼。中苏友谊塔址位于旅顺博物馆北侧广场，与博物馆仅百步之遥。典礼结束以后，郭沫若等国家领导人即..."}
{"museum": "旅顺博物馆", "source": "https://dy.163.com/article/FMTHKUMU0514EJEF.html", "title": "王铎行书《罗汉跋》旅顺博物馆藏", "image": "https://dss1.bdstatic.com/6OF1bjeh1BF3odCf/it/u=4244386980,3813521259&fm=217&app=92&size=f242,162&n=0&g=0n&f=JPEG?s=8F9B834757F1C9DA4E11B96E0300D07A&sec=1620384595&t=74c3c96399c19f630bc7c725371bd20d", "poster": "网易订阅", "time": "2020年9月19日", "content": "王铎行书《罗汉跋》,来源:无心道人罗汉图卷,旅顺博物馆藏。 王铎(1592～1652),字觉斯,洛阳孟津(今河南孟津)人,明天启二年(1622)进士,官至南京礼部尚书。又为南明小朝廷的东阁大学士。1645年南京被破降清,顺治间官授礼部尚书,加太..."}
{"museum": "旅顺博物馆", "source": "https://www.sohu.com/a/421482855_120381661", "title": "【旅博资讯】旅顺博物馆与大连外国语大学汉学院联合举办中秋主题...", "image": "https://dss2.bdstatic.com/6Ot1bjeh1BF3odCf/it/u=2862328075,606739432&fm=217&app=92&size=f242,162&n=0&g=0n&f=JPEG?s=EA964D810A4230CA9EBC7D020300A090&sec=1620384595&t=82945ac15bf8788d977c3ad31c6c6dc6", "poster": "搜狐网", "time": "2020年9月28日", "content": "为进一步弘扬爱国主义精神和中华民族优秀文化,欢庆中国传统节日中秋节,旅顺博物馆与大连外国语大学汉学院联合举办中秋主题文化活动。 2020年9月28日,旅顺博物馆举办“留学生在博物馆里过中秋”活动,邀请大连外国语大学汉学院的留学生,走进旅..."}
{"museum": "旅顺博物馆", "source": "https://baijiahao.baidu.com/s?id=1673593312945788409&wfr=spider&for=pc", "title": "旅顺博物馆门前那一对石狮子", "image": "https://dss1.bdstatic.com/6OF1bjeh1BF3odCf/it/u=3466743597,1682356451&fm=173&app=49&size=f242,162&n=0&g=0n&f=JPEG?s=685B37D05E9F5ADC8F05A01F0100E0C0&sec=1620384595&t=d4e3d9610bddc966eec9fba98ad34cc8", "poster": "旅顺老李头", "time": "2020年7月30日", "content": "旅顺博物馆门前那一对石狮子在国内属于上乘作品。它形体硕大，气势恢宏；比例匀称，健壮威猛；石质坚硬，装饰华美。左面雄狮足下踏一绣球，象征权力无限；右面雌狮足下依偎着一只幼狮，象征着子孙绵延。旅顺博物馆门前的狮子是从哪里运来..."}
{"museum": "旅顺博物馆", "source": "https://new.qq.com/rain/a/20200605A06AVR", "title": "【云课堂】旅顺博物馆里的二十四节气之芒种", "image": "", "poster": "腾讯网", "time": "2020年6月5日", "content": "旅顺博物馆藏清潘振镛花神图轴 曹雪芹在《红楼梦》第二十七回用大篇的笔墨描述了芒种当天送花神的习俗:“至次日乃是四月二十六日,原来这日未时交芒种节。尚古风俗,凡交芒种节的这日,都要设摆各色礼物祭饯花神。言芒种一过,便是夏..."}
{"museum": "旅顺博物馆", "source": "https://www.sohu.com/a/405016628_120381661", "title": "【旅博资讯】旅顺博物馆理事会成立大会暨第一届理事会第一次会议...", "image": "https://dss1.bdstatic.com/6OF1bjeh1BF3odCf/it/u=3237873065,3318864184&fm=217&app=92&size=f242,162&n=0&g=0n&f=JPEG?s=0F7049851C5307C60E252DB703007002&sec=1620384595&t=619b4cc0b00e711cd37fdf09de62c729", "poster": "搜狐网", "time": "2020年6月30日", "content": "2020年6月30日,旅顺博物馆理事会成立大会召开。辽宁省文化和旅游厅博物馆处处长李雪鹏,大连市公共文化服务中心党委书记、主任马涛,大连市文化和旅游局副局长李维宇,大连市公共文化服务中心副主任杨颖,理事会全体理事出席会议,大连市公共文化..."}
{"museum": "旅顺博物馆", "source": "https://baijiahao.baidu.com/s?id=1669426507091874579&wfr=spider&for=pc", "title": "旅顺博物馆罗振玉旧藏知多少?", "image": "https://dss2.bdstatic.com/6Ot1bjeh1BF3odCf/it/u=2551621100,1139411725&fm=173&app=49&size=f242,162&n=0&g=0n&f=JPEG?s=923A6221C5C8655F4910D4CA0100A091&sec=1620384595&t=029cf557489875bc80b92828a9f4ab23", "poster": "旅顺老李头", "time": "2020年6月14日", "content": "1928年，罗振玉从天津迁居旅顺，1940年病逝。罗振玉在旅顺生活了12年，许多重要的著作都是在这里完成的。正是因为这种特殊的关系，他旧藏的大量文物存藏在旅顺博物馆。罗振玉的旧藏文物，主要是1954年以后，陆续在民间征集和政府有关..."}
{"museum": "旅顺博物馆", "source": "https://www.sohu.com/a/406437660_120381661", "title": "【旅博资讯】不忘初心 牢记使命——旅顺博物馆举办庆“七·一...", "image": "https://dss2.bdstatic.com/6Ot1bjeh1BF3odCf/it/u=525339214,2877997741&fm=217&app=92&size=f242,162&n=0&g=0n&f=JPEG?s=77A102AACCEA9CC86282DBFF030080A1&sec=1620384595&t=f44d747862c57a6c9a2bbd4f5dbbdad2", "poster": "搜狐网", "time": "2020年7月7日", "content": "为纪念建党99周年,进一步激发广大党员干事创业、争先创优的热情和干劲,旅顺博物馆党总支精心策划,认真组织,以“不忘初心、牢记使命”为主题,举办别开生面的党日、工会联合活动,使每名党员度过一个有思想、有内涵、有意义的“政治生日”,..."}
{"museum": "旅顺博物馆", "source": "https://baijiahao.baidu.com/s?id=1686666804068764565&wfr=spider&for=pc", "title": "旅顺博物馆藏新疆出土汉文文献首次全面公布", "image": "https://dss1.bdstatic.com/6OF1bjeh1BF3odCf/it/u=948003024,4015449584&fm=173&app=49&size=f242,162&n=0&g=0n&f=JPEG?s=182AFF172E1A43CE5C9C3CE00300607B&sec=1620384595&t=c3ed0608007c6d26c19e596e8b64d619", "poster": "大连新闻网", "time": "2020年12月21日", "content": "本报讯（大连新闻传媒集团记者彭杭）12月20日，由中华书局、旅顺博物馆、北京大学中国古代史研究中心、中国人民大学历史学院主办的《旅顺博物馆藏新疆出土汉文文献》出版座谈会在京召开。中国出版集团、国家出版基金规划管理办公室、大连市委..."}
{"museum": "旅顺博物馆", "source": "https://dy.163.com/article/G23I55OB0514M169.html", "title": "“文化大礼包”来咯!送给留连过年的你|非遗|文物|民俗|旅顺博物馆...", "image": "https://dss2.bdstatic.com/6Ot1bjeh1BF3odCf/it/u=820467012,3983563192&fm=217&app=92&size=f242,162&n=0&g=0n&f=JPEG?s=BB0BA04C12F1947F047B369103001088&sec=1620384595&t=72c85af06e0aeaf5a36e8137efc95c4b", "poster": "网易订阅", "time": "2月5日", "content": "地点:旅顺博物馆分馆2楼书画展厅 “牛转乾坤”新春生肖文物图片联展 本次展览甄选数百件牛主题文物,主要分“生肖故事”“牛族本纪”“五牛迎春”“牛年话牛”4个部分,分别展示了生肖文化的源与流,自然界中种类丰富的牛,农耕文化、祭..."}
{"museum": "旅顺博物馆", "source": "https://www.sohu.com/a/404879022_120381661", "title": "【旅博资讯】新展览,我们来了!", "image": "https://dss2.bdstatic.com/6Ot1bjeh1BF3odCf/it/u=938518890,273543021&fm=217&app=92&size=f242,162&n=0&g=0n&f=JPEG?s=33D5176655A3D95F4A23366C03002078&sec=1620384595&t=9f1911f0dba9c51a2d79dc544b17a216", "poster": "搜狐网", "time": "2020年6月29日", "content": "本次展览是东北地区名碑拓本的首次集中展示,精选旅顺博物馆藏东北名碑拓本,兼有东北地区其它博物馆收藏的名碑拓本及资料,将从魏晋至唐、辽金元、明清三个时期来介绍东北碑刻拓本的文化特点,设置特别展区展出东北三大名碑拓本,不仅可以让..."}
{"museum": "旅顺博物馆", "source": "https://baijiahao.baidu.com/s?id=1660660411030618083&wfr=spider&for=pc", "title": "梦影红楼:旅顺博物馆藏孙温绘全本《红楼梦》", "image": "https://dss2.bdstatic.com/6Ot1bjeh1BF3odCf/it/u=1234337432,2643456650&fm=173&app=49&size=f242,162&n=0&g=0n&f=JPEG?s=7F6AA357C51269CA00EDCC6E0300A073&sec=1620384595&t=2d51a124207e848abd47dba74a56849d", "poster": "草石读书", "time": "2020年3月9日", "content": "几天之后，书到手了，我和老婆像捧着金元宝一样，爱不释手，甚至都不舍得看完。我还怕书房里有灰尘把书打脏，特意拿了一个塑料袋把书给包了起来。这本画册由清代画家孙温、孙允谟耗时36年精心绘制而成，原件现藏旅顺博物馆，为..."}
{"museum": "旅顺博物馆", "source": "https://www.sohu.com/a/367954281_120381661", "title": "【公告】旅顺博物馆2020年春节期间开放情况", "image": "https://dss0.bdstatic.com/6Ox1bjeh1BF3odCf/it/u=2810775111,739819035&fm=217&app=92&size=f242,162&n=0&g=0n&f=JPEG?s=E6A205E1408490EB5E8C542A0300E050&sec=1620384595&t=f959288dbc0a686b39f06fdd74b4e037", "poster": "搜狐网", "time": "2020年1月19日", "content": "(来源:旅顺博物馆) 开 放 时 间 2020年1月24日(除夕)闭馆调休。2020年1月25日(初一)—30日(初六)旅顺博物馆正常开放,开放时间为9:00-16:00(15:30停止入馆)。 展览信息 基本陈列 ..."}
{"museum": "旅顺博物馆", "source": "https://baijiahao.baidu.com/s?id=1651491462584531893&wfr=spider&for=pc", "title": "参观旅顺博物馆,这么多古代器皿都叫不上名字-自驾环游中国", "image": "https://dss2.bdstatic.com/6Ot1bjeh1BF3odCf/it/u=918611810,3799418877&fm=173&app=49&size=f242,162&n=0&g=0n&f=JPEG?s=F386DB04C64B2B4314A18D430300F0B2&sec=1620384595&t=b939e608f9500c15dbab4ba74096ed43", "poster": "林羽凡", "time": "2019年11月29日", "content": "“旅顺博物馆”可是正经八百的博物馆,是不收门票的,而且还可以看到真“干~尸”,传说中的“木乃伊”,那就走呀,还等啥,再等就闭馆了。 旅顺博物馆的免费参观时间是早上9点到下午4点半,冬季是下午3点半结束。 一路风尘仆仆,驾着..."}
{"museum": "旅顺博物馆", "source": "https://baijiahao.baidu.com/s?id=1641809261103887590&wfr=spider&for=pc", "title": "看看旅顺博物馆藏的这些兵器,带你领略少数民族的戎马生涯", "image": "https://dss1.bdstatic.com/6OF1bjeh1BF3odCf/it/u=3458689746,29931036&fm=173&app=49&size=f242,162&n=0&g=0n&f=JPEG?s=31902C73649ADE216F51E8D40000E0B1&sec=1620384595&t=8bb539ac72710632a5c3d1109dcac775", "poster": "文藏", "time": "2019年8月14日", "content": "馆藏鄂尔多斯式铜刀30余件,种类丰富,造型和装饰富于变化,依刀柄部的变化特点,分甲、乙两类分别说明。 鄂尔多斯式短刀 1.甲类,刀柄扁平,两侧无突起。 1.382号,直柄刀,长条形,柄端有孔。柄与身浑成一体,无明显分界,铜质为红褐色。"}
{"museum": "旅顺博物馆", "source": "https://baijiahao.baidu.com/s?id=1637554218315867069&wfr=spider&for=pc", "title": "旅顺博物馆藏古代印度佛教造像的由来", "image": "https://dss0.bdstatic.com/6Ox1bjeh1BF3odCf/it/u=2801294773,1558355772&fm=173&app=49&size=f242,162&n=0&g=0n&f=JPEG?s=929016C67A563DD25D9FC2230300601B&sec=1620384595&t=37bc4792974af361822fa0a2e404e854", "poster": "文藏", "time": "2019年6月28日", "content": "旅顺博物馆藏古代印度佛教造像共106件(组),为日本大谷光瑞(ōtani Kōzui,1876年12月27日—1948年10月5日)于1902年11月至1903年1月在印度、巴基斯坦、阿富汗等地进行的第一次探险活动所得。 网络配图 大谷光瑞,日本京都府人,日本西..."}
{"museum": "旅顺博物馆", "source": "https://cul.sohu.com/20190111/n560682796.shtml", "title": "旅顺博物馆藏房山云居寺残石经", "image": "https://dss1.bdstatic.com/6OF1bjeh1BF3odCf/it/u=3640597913,3091880273&fm=217&app=92&size=f242,162&n=0&g=0n&f=JPEG?s=915A237FC162D74D066DA57603008063&sec=1620384595&t=5234805df99ecb7f6fd1efb4c25b9fad", "poster": "搜狐网", "time": "2019年1月11日", "content": "众所周知旅顺博物馆藏有房山云居寺残石经。 1987年夏以黄炳章先生为工作组的一行多人考察佚存在我馆的房山石经残石。嗣后,吴元真先生作了题为:《旅顺博物馆藏房山石经残石考》,对我馆藏房山石经残石进行详尽的考证,颇有见地。 "}
{"museum": "旅顺博物馆", "source": "https://baijiahao.baidu.com/s?id=1618162818615122861&wfr=spider&for=pc", "title": "旅顺博物馆镇馆之宝:被亲戚骗裁成两段,五十年代卖得10块钱", "image": "https://dss2.bdstatic.com/6Ot1bjeh1BF3odCf/it/u=1895454302,3006810517&fm=173&app=25&size=f242,162&n=0&g=0n&f=JPEG?s=0BA2FC016029B70357208907010060E3&sec=1620384595&t=df9aadc9596f21d674278f38a3abb4a0", "poster": "闲趣侃历史", "time": "2018年11月26日", "content": "幸运的是,1962年旅顺博物馆的专家陈钟远发现了那张吕某卖出的题跋,经过不断走访多次往返于大连和青堆子镇,陈钟远终于找到了画卷,并用500元收购了画和被裁下的题跋,再后来,旅顺博物馆将《青园图》的题跋与画卷一起运至上海博物馆,..."}
{"museum": "旅顺博物馆", "source": "https://baijiahao.baidu.com/s?id=1612910354234443942&wfr=spider&for=pc", "title": "大连旅游攻略 之旅顺博物馆", "image": "https://dss0.bdstatic.com/6Ox1bjeh1BF3odCf/it/u=3988337680,2869392268&fm=173&app=25&size=f242,162&n=0&g=0n&f=JPEG?s=512D9750C6BA378628215CC10300E0B1&sec=1620384595&t=51194608eaa6eb7951f9d45c163a9fc3", "poster": "山水话", "time": "2018年9月29日", "content": "说道博物馆，大连最有名的当数旅顺博物馆了。旅顺博物馆坐落于辽宁省大连市旅顺口区列宁街42号，地处大连著名旅游景区——太阳沟历史风景区中心，1917年（民国六年） 4月，博物馆正式开馆.旅顺博物馆曾用名有 “物产陈列所”,“关东..."}
{"museum": "旅顺博物馆", "source": "https://baijiahao.baidu.com/s?id=1609057312321325224&wfr=spider&for=pc", "title": "清,孙温绘《红楼梦》节选,旅顺博物馆的镇馆之宝,红楼最大画册", "image": "https://dss2.bdstatic.com/6Ot1bjeh1BF3odCf/it/u=1782137753,2408700314&fm=175&app=25&size=f242,162&n=0&g=0n&f=JPEG?s=9183905D02E1E95F5E91B43D03007042&sec=1620384595&t=e772ae62a2fe34c40c46055e4ea7c73f", "poster": "追悼红轩", "time": "2018年8月17日", "content": ""}
{"museum": "旅顺博物馆", "source": "https://www.sohu.com/a/246608454_165349", "title": "旅顺博物馆要上央视啦!90分钟纪录片,全国瞩目!", "image": "https://dss0.bdstatic.com/6Ox1bjeh1BF3odCf/it/u=3399758163,1154508713&fm=217&app=92&size=f242,162&n=0&g=0n&f=JPEG?s=342E46B67860DACC081B40340300C018&sec=1620384595&t=05c430d28901903db1d2a30858282d56", "poster": "搜狐网", "time": "2018年8月11日", "content": "由大连市文化广播影视局与中央电视台合作拍摄的纪录片《旅顺博物馆》即将在央视开播,纪录片采用了数字图像合成、三维动画、情景再现等现代影视手段,展示了旅顺博物馆一百年来的发展历程,展示了一百年来大连近代乃至中国近代历史的沧桑与巨变..."}
{"museum": "旅顺博物馆", "source": "https://baijiahao.baidu.com/s?id=1605587044166499823&wfr=spider&for=pc", "title": "百年历史旅顺博物馆探秘", "image": "https://dss0.bdstatic.com/6Ox1bjeh1BF3odCf/it/u=1181050729,3574132524&fm=173&app=25&size=f242,162&n=0&g=0n&f=JPEG?s=B5024FB116FB1F801F8D10060300E0D0&sec=1620384596&t=0f515b94494191188b539f8017caad5f", "poster": "倚窗寒梅看世界", "time": "2018年7月10日", "content": "说到博物馆，我们一般的印象都应该是在大城市，比如北京、上海，或者是一些省会城市，所以在旅顺当朋友建议去旅顺博物馆时我的内心其实是有点抵触的。及至看到了旅顺博物馆颇有历史的带有殖民时期色彩的小楼时，彼时虽然还没有看到里面的..."}
{"museum": "旅顺博物馆", "source": "https://www.sohu.com/a/229237087_114731", "title": "大连旅顺博物馆——中国近代史的一页书签", "image": "https://dss0.bdstatic.com/6Ox1bjeh1BF3odCf/it/u=264936766,809776433&fm=217&app=92&size=f242,162&n=0&g=0n&f=JPEG?s=CDBA3DD34CB1598C32306D7003005032&sec=1620384596&t=d2470c74048303d9857704e919e484cd", "poster": "搜狐网", "time": "2018年4月24日", "content": "旅顺博物馆外观 犍陀罗佛像 西周过伯簋(guǐ) 北宋苏轼《阳羡帖》 目前中国各地共有130家国家一级博物馆,其中有故宫博物院、中国国家博物馆等著名博物馆,也有许多怀藏珍宝的国家一级馆,由于地理位置相对偏僻,“藏在深闺人未识”。本..."}
{"museum": "旅顺博物馆", "source": "https://www.sohu.com/a/458075351_120381661", "title": "【旅博资讯】旅顺博物馆夏季开放时间安排", "image": "https://dss1.bdstatic.com/6OF1bjeh1BF3odCf/it/u=1939465260,2615387295&fm=217&app=2&size=f242,162&n=0&g=0n&f=JPEG?s=E62285E1408490EF5E8C542A0300E052&sec=1620384596&t=04f83abd16996323156d145b1f2109a0", "poster": "搜狐网", "time": "3月30日", "content": "2021年4月1日—10月31日执行夏季开放时间。9:00—16:30开放(16:00停止入馆)。 每周一闭馆(国家法定节假日另行通知)。 展览详情 主馆基本陈列 吉金传古 ——旅顺博物馆藏青铜器精品展 ..."}
{"museum": "旅顺博物馆", "source": "https://baijiahao.baidu.com/s?id=1641633311618158041&wfr=spider&for=pc", "title": "大连最美龙柏 之 旅顺博物馆的龙柏", "image": "https://dss0.bdstatic.com/6Ox1bjeh1BF3odCf/it/u=881419429,823555145&fm=173&app=49&size=f242,162&n=0&g=0n&f=JPEG?s=2E704D8552183DDC150C84B20300D083&sec=1620384596&t=1002275e6d55a7b317804148a8117ad9", "poster": "读书度人自度", "time": "2019年8月30日", "content": "种种原因,我是一个宅在家里的植物爱好者,我在大连的足迹有限,我印象中的“大连最美龙柏”是旅顺博物馆的龙柏树,我的原因有二。 一是旅顺博物馆的龙柏多: 二是旅顺博物馆的龙柏大(树龄高): 再加个三:旅顺博物馆的龙柏肯定有故事..."}
{"museum": "旅顺博物馆", "source": "https://baijiahao.baidu.com/s?id=1641375341452082860&wfr=spider&for=pc", "title": "旅顺博物馆——鄂尔多斯式青铜短剑", "image": "https://dss2.bdstatic.com/6Ot1bjeh1BF3odCf/it/u=3856116176,79088390&fm=173&app=49&size=f242,162&n=0&g=0n&f=JPEG?s=19843C7A5F11F611D8C934CB0000E0A0&sec=1620384596&t=e3ab926e41e662ef53e5a74ec5580bf2", "poster": "蔓蔓说文化", "time": "2019年8月10日", "content": "旅顺博物馆收藏三件鄂尔多斯式青铜短剑。一件为蕈首,另外两件为“触角式”首。1.371号,蕈首短剑,首部呈蘑菇状,在剑柄一侧中间位置有一环扣,剑身及柄部起脊,柄身交接处无剑格,制作粗糙、造型原始。从剑首的发展过程来看,蕈首较铃..."}
{"museum": "旅顺博物馆", "source": "https://www.sohu.com/a/250159034_169760?qq-pf-to=pcqq.group", "title": "...2018暑期实践活动——“铭记历史,展望未来”旅顺博物馆参观实践", "image": "https://dss2.bdstatic.com/6Ot1bjeh1BF3odCf/it/u=3294690197,2891796830&fm=217&app=92&size=f242,162&n=0&g=0n&f=JPEG?s=C6A6B645D43BCE6F428BAD890300E08A&sec=1620384596&t=96ad6b56f3853b6adb6d204b0bab79d5", "poster": "搜狐网", "time": "2018年8月26日", "content": "贯彻党的十九大精神广泛组织开展文化科技卫生“三下乡”活动的通知》的有关要求,由历史文化旅游学院2016级历史学(师范)专业的王鹤颖、索思琦、王佳文、王琳、王绍璇组成的社会实践团队前往旅顺,以参观旅顺博物馆的形式,对旅顺的历史进行深入..."}
{"museum": "旅顺博物馆", "source": "http://www.fjnet.com/texun/201801/t20180124_247206.htm", "title": "筷意生活—旅顺博物馆藏 中国箸文化展开幕回顾", "image": "https://dss0.bdstatic.com/6Ox1bjeh1BF3odCf/it/u=1722058116,699439850&fm=217&app=92&size=f242,162&n=0&g=0n&f=JPEG?s=9F3876864C8604DA5D22E9280300705B&sec=1620384596&t=10c4a739ab8b3c7b6aa1ac5c494ed8b1", "poster": "佛教在线", "time": "2018年1月27日", "content": "1月22日「筷意生活—旅顺博物馆藏 中国箸文化展」在佛光山佛陀纪念馆开幕,将历代箸的实物与辅助数据相结合,展出中国箸文化的丰富内涵。于此同时,佛馆与旅顺博物馆双方签署友好博物馆,由开山寮特助慈惠法师、佛馆馆长如常法师与旅顺博物..."}
{"museum": "旅顺博物馆", "source": "https://www.chinanews.com/cul/2017/05-18/8227867.shtml", "title": "大连旅顺博物馆迎百年华诞 首次系统举办馆史资料展", "image": "https://dss1.bdstatic.com/6OF1bjeh1BF3odCf/it/u=1737601181,3399908902&fm=217&app=92&size=f242,162&n=0&g=0n&f=JPEG?s=E2383CC722711F8A289737760300C078&sec=1620384596&t=46e58bc0e86d78e7ab16bb4572593dc5", "poster": "中国新闻网", "time": "2017年5月18日", "content": "中新网大连5月18日电 (记者 杨毅)为纪念辽宁省大连市旅顺博物馆建馆100周年,由旅顺博物馆主办的《百年回眸——旅顺博物馆馆史资料展》18日在该馆正式开展。该展览是旅顺博物馆对外界首次系统地展示其馆史资料。 "}
{"museum": "旅顺博物馆", "source": "http://www.xinhuanet.com/local/2017-05/18/c_1120996641.htm", "title": "百年回眸——大连旅顺博物馆馆史资料展开展", "image": "", "poster": "新华网客户端", "time": "2017年5月18日", "content": "新华社大连5月18日电(记者白涌泉)大连旅顺博物馆《百年回眸——旅顺博物馆馆史资料展》于5月18日正式开展。 《百年回眸——旅顺博物馆馆史资料展》是对大连旅顺博物馆百年历史的回顾,也是大连乃至中国近现代百年历史的缩影。展览所展示..."}
{"museum": "旅顺博物馆", "source": "http://art.people.com.cn/n1/2017/0221/c226026-29097288.html", "title": "辽金古韵——旅顺博物馆藏辽金文物展", "image": "https://dss0.bdstatic.com/6Ox1bjeh1BF3odCf/it/u=2542497090,2454243562&fm=217&app=92&size=f242,162&n=0&g=0n&f=JPEG?s=AD9AED5FDF3348804C7CD0DE0300E030&sec=1620384596&t=98ae76f8dbad4d95f5580d0d0bac3dbb", "poster": "人民网", "time": "2017年2月21日", "content": "旅顺博物馆收藏一批辽金文物。这些文物系日本殖民统治大连初期在我国东北地区“调查”所得。数十年来,这些珍贵文物一直尘封在库房中未与观众见面。此次经过整理研究,将其以展览的形式公布出来,在给观众带来历史文物信息的同时,更为相关方面..."}
{"museum": "旅顺博物馆", "source": "https://www.sohu.com/a/126726493_559412", "title": "画说红楼——旅顺博物馆藏《红楼梦》画册展 画梦里繁华旧事 说...", "image": "https://dss1.bdstatic.com/6OF1bjeh1BF3odCf/it/u=3358452645,2832257638&fm=217&app=92&size=f242,162&n=0&g=0n&f=JPEG?s=A9CBB15F08C27ECA54A9906F03007072&sec=1620384596&t=f82b8138195a0a18d1efdd1a26a7332e", "poster": "搜狐网", "time": "2017年2月20日", "content": "今年是旅顺博物馆建馆100周年,作为开年大戏,旅顺博物馆在春节期间推出了“”。展出的《红楼梦》画册在2004年曾先后在旅顺博物馆和国家博物馆展出,受到全社会的瞩目。时隔十余年后的今天,《红楼梦》画册再次在旅顺博物馆亮相,在内容和..."}
{"museum": "旅顺博物馆", "source": "http://www.chinanews.com/cul/2016/07-19/7944757.shtml", "title": "大连旅顺博物馆与西安博物院联合举办玺印精品展", "image": "https://dss0.bdstatic.com/6Ox1bjeh1BF3odCf/it/u=1163447032,2289618717&fm=217&app=92&size=f242,162&n=0&g=0n&f=JPEG?s=4CA06BD8A8376F8C622D455D0300C072&sec=1620384596&t=d9e24624c4122889f6433fdccdb463b1", "poster": "中国新闻网", "time": "2016年7月19日", "content": "中新网大连7月19日电 (记者 杨毅)由旅顺博物馆与西安博物院联合主办的《颗粟大千―中国古代玺印精品展》19日在大连市旅顺博物馆正式开展。这是中国古代玺品展首次在东北开展,也是国内博物馆首次联合举办玺印精品展。 印章流传至今业已..."}
{"museum": "旅顺博物馆", "source": "http://www.gov.cn/xinwen/2015-10/03/content_2942242.htm", "title": "旅顺博物馆藏《红楼梦》彩绘画册首次来台展出", "image": "", "poster": "中国政府网", "time": "2015年10月3日", "content": "新华社台北10月2日电(记者陈键兴 孟昭丽)旅顺博物馆收藏的一级文物《红楼梦》全本彩绘画册首次来台,2日起在佛光山佛陀纪念馆展出,与同时亮相的3D动画版相结合,为台湾“红迷”奉上难得的欣赏体验。 "}
{"museum": "旅顺博物馆", "source": "https://news.china.com/news100/11038989/20170804/31035285.html", "title": "旅顺博物馆国宝翏生盨引出的故事—— 周宣王曾是“赵氏孤儿”", "image": "https://dss1.bdstatic.com/6OF1bjeh1BF3odCf/it/u=1602380090,281369286&fm=217&app=92&size=f242,162&n=0&g=0n&f=JPEG?s=9E8A722303BD378CDE38548F0100A0E1&sec=1620384596&t=6d209e81e7ab409f4df881544041214a", "poster": "中华网", "time": "2017年8月4日", "content": "翏生盨 高14.1厘米,口长21.1厘米,宽16厘米,敛口鼓腹,兽首双环耳,器身铸弦纹,内底铸有50字铭文,具有重要史料价值。1958年,由旅顺口区登峰街道拨给旅顺博物馆收藏,年代为西周宣王时期(约公元前827～公元前782年),国家一级文物..."}
{"museum": "旅顺博物馆", "source": "http://www.chinanews.com/cul/2014/10-17/6690739.shtml", "title": "旅顺博物馆馆藏殷墟甲骨文新发现34个新字和新字形", "image": "", "poster": "中国新闻网", "time": "2014年10月17日", "content": "本报在2012年7月17日全国首个披露旅顺博物馆与中国社科院历史研究所合作进行的国家社会基金项目——“旅顺博物馆殷墟甲骨文整理与研究”整理出6个甲骨文新字消息后,这批大多由晚清金石大家罗振玉收藏的2211片甲骨受到国内外甲骨研究界..."}
{"museum": "旅顺博物馆", "source": "https://www.sohu.com/a/124890718_119689", "title": "大连旅顺博物馆迎百年华诞 馆藏《红楼梦》画册开展", "image": "https://dss0.bdstatic.com/6Ox1bjeh1BF3odCf/it/u=1521118943,3068404599&fm=217&app=92&size=f242,162&n=0&g=0n&f=JPEG?s=397C5686A8222A17F5328A290300305B&sec=1620384596&t=0c2090cd7f1adf524ba6364a5dbb51f3", "poster": "搜狐网", "time": "2017年1月21日", "content": "旅顺博物馆馆藏《红楼梦》画册开展。王卫平摄 中新网大连1月21日电 (记者 杨毅)作为纪念旅顺博物馆百年华诞活动之一,旅顺博物馆21日起正式推出《画说红楼——旅顺博物馆藏红楼梦画册展》,将无声的文字化为缤纷的图像,忠实重现原著小..."}
{"museum": "旅顺博物馆", "source": "http://liaoning.nen.com.cn/system/2014/10/17/013073866.shtml", "title": "大连旅顺博物馆公布34个甲骨文“新字”(图)", "image": "https://dss0.bdstatic.com/6Ox1bjeh1BF3odCf/it/u=3461810679,1192460&fm=217&app=92&size=f242,162&n=0&g=0n&f=JPEG?s=0B408A44848A075F0629A02203007053&sec=1620384596&t=5600943cce32c88f46c5c74708a9e677", "poster": "东北新闻网", "time": "2014年10月17日", "content": "由旅顺博物馆主办的原创甲骨卜辞展览《殷契神韵——三千年回首,甲骨传余响》于10月15日在旅顺博物馆分馆二楼临时展厅正式开展,此次展览是旅顺博物馆首次将馆藏的甲骨文展示给大众,展览将持续到11月15日结束。昨天,《旅顺博物馆所藏甲骨..."}
{"museum": "旅顺博物馆", "source": "http://www.rmzxb.com.cn/c/2014-03-21/308381.shtml", "title": "旅顺博物馆里的马文物", "image": "https://dss2.bdstatic.com/6Ot1bjeh1BF3odCf/it/u=1278086344,4230945255&fm=217&app=92&size=f242,162&n=0&g=0n&f=JPEG?s=6BA2CC4DCE2CB76C5AE4E5230300E041&sec=1620384596&t=ef0c34b6331dfd444fc60b181ab98b96", "poster": "人民政协网", "time": "2014年3月21日", "content": "旅顺博物馆收藏有一定数量与马有关的各类别重要历史文物,其中以汉代、唐代和明清时期的遗物居多。它们或是各种姿态的立体马造型,或是马蹄形状的器物,亦或是取马的吉祥寓意将其绘制于瓷器或者绘画中的马纹饰,还有单独以马为题材的明清时..."}
{"museum": "旅顺博物馆", "source": "https://www.chinanews.com/cul/2013/09-27/5329864.shtml", "title": "旅顺博物馆展出国家一级文物辽代银面具", "image": "", "poster": "中国新闻网", "time": "2013年9月27日", "content": "“十一”期间,旅顺博物馆将重磅推出三个“文化盛宴”:一是《荣华斋藏书画展》将展出台湾荣华斋王福荣先生收藏的多幅古代书画精品;《辽金古韵——馆藏辽金文物展》将展出馆藏多件辽金精品文物;同时,采用高科技、新手段改陈的《宝相庄..."}
{"museum": "旅顺博物馆", "source": "http://www.chinanews.com/shipin/2012/04-09/news64645.shtml", "title": "旅顺博物馆世界级鲸鲨搬迁遇难题", "image": "", "poster": "中国新闻网", "time": "2012年4月9日", "content": "小伙骑车逆行被查情绪崩溃 网上回答崩溃原因  四川兴文苗乡上万人欢度苗族花山节  清明祭英烈 哀思悼忠魂  旅顺博物馆世界级鲸鲨搬迁遇难题 0顶 收藏  分享到: 简介: 旅顺博物馆世界级鲸鲨搬迁遇难题 分类名称: 热点新闻 发布..."}
{"museum": "旅顺博物馆", "source": "https://www.chinanews.com/cul/2011/06-28/3143147.shtml", "title": "旅顺博物馆藏敦煌本《六祖坛经》发现记", "image": "", "poster": "中国新闻网", "time": "2011年6月28日", "content": "不妨一提的是,1991年10月,我随上海古籍出版社魏同贤社长到旅顺博物馆调查敦煌吐鲁番文献,顺便了解一下馆藏古籍和档案。19日,我在馆藏普通古籍目录中发现有一本“六祖坛经,五代抄本”,就要求提出来翻看。当时本子上记录了馆藏编号519..."}
{"museum": "旅顺博物馆", "source": "https://www.chinanews.com/cul/2010/12-03/2699662.shtml", "title": "旅顺博物馆:郎窑红器最贵 炉钧釉最美", "image": "", "poster": "中国新闻网", "time": "2010年12月3日", "content": "在旅顺博物馆中,清代瓷器的藏品不少,博物馆馆长郭富纯说,“清代在瓷器的烧造方面不仅沿袭了明朝的传统风格和特点,而且还有许多重要的发展和新的发明,尤其是清朝的康熙、雍正、乾隆这三个时期的瓷器在质量及数量上都进入了一个新的阶段..."}
{"museum": "旅顺博物馆", "source": "http://news.sohu.com/20050512/n225526670.shtml", "title": "珍贵皮影入藏旅顺博物馆", "image": "", "poster": "搜狐网", "time": "2005年5月12日", "content": "为了抢救、保护、研究和展示民间文化遗产,日前,旅顺博物馆征集到一批清代至民国的皮影,共计88件(套)。这批皮影作品主要出自内蒙、天津、甘肃、吉林、重庆、河南和陕西等地民间艺人之手,内容包括戏曲人物、神话故事和车马杂项等。 "}
{"museum": "旅顺博物馆", "source": "http://www.xinhuanet.com/local/2017-04/23/c_129564065.htm", "title": "3D投影秀引爆旅顺博物馆奇妙夜", "image": "", "poster": "新华网客户端", "time": "2017年4月23日", "content": "作为旅顺口区樱花节最大的亮点之一,5月1日之前每晚7时到9时的整点时段,《灵动的建筑》——大型建筑实景墙体3D投影秀,在太阳沟景区旅顺博物馆播放。  《灵动的建筑》3D投影秀分为十二个章节,将不同历史时期的绘画作品精髓加以提炼..."}
{"museum": "旅顺博物馆", "source": "http://liaoning.nen.com.cn/system/2018/01/11/020305254.shtml", "title": "大连旅顺博物馆藏甲骨入选“世界记忆名录”", "image": "", "poster": "东北新闻网", "time": "2018年1月11日", "content": "旅顺博物馆作为国内联合申报“世界记忆名录”的11家甲骨收藏单位之一,所藏甲骨被联合国教科文组织列入“世界记忆名录”。前不久,甲骨成功入选“世界记忆名录”发布会在北京故宫博物院举行。旅顺博物馆馆长王振芬应邀出席了会议。 "}
{"museum": "旅顺博物馆", "source": "https://baijiahao.baidu.com/s?id=1561578196859486&wfr=spider&for=pc", "title": "微观旅顺博物馆(一)", "image": "", "poster": "大连e族", "time": "2017年3月11日", "content": "惊蛰时节，东北最南端的小城旅顺口依然春寒料峭。几乎一整天，我静静地在旅顺博物馆细细端详着木制橱柜里的一件件文物，那是一场穿越时空的心灵对话……对我来说，这是这个春天又一个起点。几年前，出于一位海军老兵对旅顺口的偏爱，..."}
{"museum": "旅顺博物馆", "source": "https://baijiahao.baidu.com/s?id=1561619131528996&wfr=spider&for=pc", "title": "微观旅顺博物馆(二)", "image": "", "poster": "大连e族", "time": "2017年3月12日", "content": "每次穿行在旅顺口太阳沟时，目光就很难不被一座欧式混凝土围墙圈进的灰白色恢弘建筑所吸引——这就是享誉中外的旅顺博物馆。这座建筑高耸的塔楼、拱券形门廊、古希腊风格石柱和变幻莫测的山花、饰面都让你有美不胜收的屏息感。尽管有..."}
{"museum": "旅顺博物馆", "source": "https://baijiahao.baidu.com/s?id=1646082429960604715&wfr=spider&for=pc", "title": "大连:游览旅顺博物馆", "image": "https://dss0.bdstatic.com/6Ox1bjeh1BF3odCf/it/u=4085073247,470789523&fm=173&app=49&size=f242,162&n=0&g=0n&f=JPEG?s=FDA1885174FB6A2D7E38B9700300D0B3&sec=1620384597&t=541e957f7f5c0ac0ed6ef6395f1e60e7", "poster": "颖婷讲生活", "time": "2019年9月30日", "content": "游览 旅顺 博物馆。 在 博物馆广场中央,种植着一种奇特的松树――火炬松。 这是 中国 唯一只有 旅顺 保留成活下来的火炬松,它是日帝侵华时引进的,也是日帝侵华的证据。 旅顺 军港,是清朝甲午战争之前建立的。是当时北方最大的造船..."}
{"museum": "旅顺博物馆", "source": "https://www.sohu.com/a/363762775_120381661", "title": "【活动预告】策展人带你看展览【书画季】", "image": "https://dss2.bdstatic.com/6Ot1bjeh1BF3odCf/it/u=2028178757,4141191729&fm=217&app=92&size=f242,162&n=0&g=0n&f=JPEG?s=E4B42D73DEB177A5BF80C15D0300C063&sec=1620384597&t=ceea362fe9adbaa19d95dedbaf37d7fa", "poster": "搜狐网", "time": "2019年12月30日", "content": "《天地是吾师——清初四僧与新安画派绘画展》正在旅顺博物馆分馆二楼展出,让我们跟随策展人一起欣赏精美的书画作品吧! “策展人带你看展览”活动是旅顺博物馆在2019年国际博物馆日正式推出的一项教育活动。 …"}
{"museum": "旅顺博物馆", "source": "https://www.163.com/dy/article/G8GSSJI00534HFB2.html", "title": "追溯大连的城史纪元|旅顺|燕昭王|古城|辽东_网易订阅", "image": "", "poster": "网易", "time": "10天前", "content": "辽宁省博物馆学会保管委员会秘书长。大连市文物鉴定委员会专家组成员。长期以来主要从事辽东半岛暨东北亚史前考古、大连地方史及博物馆学和文物学等诸方面的研究。目前著作一部,在国内外学术刊物发表论文百余篇。现为副研究员,旅顺博物馆..."}
{"museum": "旅顺博物馆", "source": "https://new.qq.com/omn/20210428/20210428A07RVN00.html", "title": "【旅博资讯】旅顺博物馆2021年公开招聘雇员面试公告", "image": "", "poster": "腾讯网", "time": "8天前", "content": "面试地点:旅顺博物馆办公楼(大连市旅顺口区列宁街42号) 二 有关要求 1、请2021年4月23日报名并通过资格审查的考生,携带本人身份证(原件)和准考证(原件),在规定的时间内参加面试。 2、面试考生必须在2021年5月6日8:30前进入候考..."}
{"museum": "旅顺博物馆", "source": "https://www.sohu.com/a/454782513_120381661", "title": "【旅博资讯】愿你们心如花木,向阳而生", "image": "https://dss1.bdstatic.com/6OF1bjeh1BF3odCf/it/u=581093472,1866356845&fm=217&app=92&size=f242,162&n=0&g=0n&f=JPEG?s=6F0E07C1D822FACC26010D140300F0C2&sec=1620384598&t=3815f8df1c97123b8177f4075454a0d1", "poster": "搜狐网", "time": "3月8日", "content": "今天是三八国际妇女节,旅顺博物馆工会举办了“巾帼她力量,享受慢生活”主题插花艺术活动,并邀请资深花艺师现场给女职工们讲授插花技巧,享受花艺之美。 下午两点活动开始,女职工们笑靥如花,脚步轻快地来到旅顺博物馆主馆活动室。旅顺博物馆..."}
{"museum": "旅顺博物馆", "source": "https://new.qq.com/omn/20190906/20190906A0EM6D00.html", "title": "曹雪芹同代人孙温:倾尽半生心血,让《红楼梦》“活”了", "image": "", "poster": "腾讯网", "time": "2019年9月6日", "content": "《尘世梦影:彩绘红楼梦》以现藏旅顺博物馆的国家一级文物原本为底本,由当代红学家王典弋撰文。 画作贴近原作:孙温与曹雪芹同为清人,这使得《尘世梦影:彩绘红楼梦》彩绘风格与情节更贴近《红楼梦》原作,此画册也成为红学研究不可多得..."}
