{"museum": "浙江自然博物馆", "source": "https://baijiahao.baidu.com/s?id=1698567857381732403&wfr=spider&for=pc", "title": "5月,一大波博物馆精品展览来袭,假期刷起来", "image": "https://dss1.baidu.com/6ONXsjip0QIZ8tyhnq/it/u=3918115931,141494799&fm=30&app=106&size=f242,162&n=0&g=0n&f=JPEG?s=C60029E70023BAFE4B8DE9990300C092&sec=1620384598&t=8e66674d94e25bd3f47f6069979878b3", "poster": "西部文明播报", "time": "5天前", "content": "水木湛清华——绘画中的自然 展览时间:2021年4月20日-10月20日 展览地点:清华大学艺术博物馆(四层10号展厅) 门票:20元 本次展览展示了此前未公开展示的李公麟、苏轼名下和其他宋元画作,以及沈周、文征明、仇英、董其昌、陈洪绶、..."}
{"museum": "浙江自然博物馆", "source": "http://www.rmzxb.com.cn/c/2021-04-14/2829123.shtml", "title": "浙江嘉善县博物馆“虚室生白”艺术个展举行", "image": "https://dss1.bdstatic.com/6OF1bjeh1BF3odCf/it/u=1099147862,822711408&fm=217&app=92&size=f242,162&n=0&g=0n&f=JPEG?s=47131BC75C40F41F8A9D15620300E011&sec=1620384598&t=bac153fb2e5268c2239ccb2715327a22", "poster": "人民政协网", "time": "4月14日", "content": "善城四月,春和景明。4月10日,由浙江省嘉兴市嘉善县博物馆和瑞士卢加诺文化博物馆联合策展的“虚室生白——孟岩”艺术个展在嘉善县博物馆展出,这是嘉善县博物馆与瑞士卢加诺文化博物馆携手开展的首次文化交流合作活动。 "}
{"museum": "浙江自然博物馆", "source": "https://baijiahao.baidu.com/s?id=1696392375792661269&wfr=spider&for=pc", "title": "莫外初中:在省自然博物馆上科学课,在中南百草原放飞春天", "image": "https://dss1.baidu.com/6ONXsjip0QIZ8tyhnq/it/u=1052927383,139466658&fm=30&app=106&size=f242,162&n=0&g=0n&f=JPEG?s=A10861B3C14593031C3CEC130300E0E2&sec=1620384598&t=da072ab474733970f74a3a3cc7f66e3f", "poster": "浙江求是教育", "time": "4月7日", "content": "上午9:30左右，同学们抵达了浙江自然博物馆（安吉馆），分别参观了生态馆、恐龙馆、自然艺术馆、地质馆、贝林馆、海洋馆等六个馆。同学们在观看展品的同时，也了解了动植物演变规律和诸多自然生态知识。下午，同学们亲近大自然，尽情地..."}
{"museum": "浙江自然博物馆", "source": "https://baijiahao.baidu.com/s?id=1687396830533369605&wfr=spider&for=pc", "title": "自然博物馆观“飞羽之美”,浙江自然博物馆精美院藏北京展出", "image": "https://dss1.baidu.com/6ONXsjip0QIZ8tyhnq/it/u=3450791185,311996159&fm=173&app=49&size=f242,162&n=0&g=0n&f=JPEG?s=999263D9FCFF5F9A881921720300C073&sec=1620384598&t=9a3e4b4d59577cb0061e30d74367bfe3", "poster": "北京日报客户端", "time": "2020年12月29日", "content": "今天，由北京自然博物馆、浙江自然博物院共同制作的“飞羽之美——鸟类科学艺术展”开展。此次展览，浙江自然博物院的精美院藏鸟类标本配以鸟类主题的绘画和摄影，共同解读鸟类的自然生态，展示鸟类的艺术之美。其中，“鸟类标本”区通过形态..."}
{"museum": "浙江自然博物馆", "source": "https://baijiahao.baidu.com/s?id=1678539873948631041&wfr=spider&for=pc", "title": "亚洲单体建筑最大的自然博物馆——浙江自然博物院安吉馆一日游", "image": "https://dss2.bdstatic.com/6Ot1bjeh1BF3odCf/it/u=3263896379,490357823&fm=173&app=49&size=f242,162&n=0&g=0n&f=JPEG?s=08D1CF104542EF4D4869D44E030020F1&sec=1620384598&t=5e5aebf5aaeb75ba28b5c823cc5cc78a", "poster": "2020远方的旅程", "time": "2020年9月22日", "content": "趁小孩放暑假带小孩去参观浙江自然博物馆安吉馆，浙江自然博物馆安吉馆位于湖州安吉递铺街道梅园路1号，毗邻安吉中南百草园景区，是411省重点文化基础设施建设项目，是文化强省建设示范引领性项目，基本陈列定位以“休闲体验”为主，以专题展..."}
{"museum": "浙江自然博物馆", "source": "https://baijiahao.baidu.com/s?id=1676674371638086701&wfr=spider&for=pc", "title": "探索科学奥秘,领略自然生命的奇迹旅程,一起走进浙江自然博物馆", "image": "https://dss2.bdstatic.com/6Ot1bjeh1BF3odCf/it/u=3907055348,1246453880&fm=173&app=49&size=f242,162&n=0&g=0n&f=JPEG?s=6F701DC5035A27C60008F8990300D0C3&sec=1620384598&t=e9ce5a0708aeeb5ce26ab90ee052dd4a", "poster": "生活唱游记", "time": "2020年9月2日", "content": "是否想淋漓尽致的近距离探索生命的恢弘和神秘，是否想知道我们现在赖以生存的家园地球是怎么产生的，想看地球46亿年的生命历程，那就走进浙江自然博物馆吧。浙江自然博物院以“自然与人类”为主题，以提高公众自然科学文化素养和生态环境保护..."}
{"museum": "浙江自然博物馆", "source": "https://baijiahao.baidu.com/s?id=1691095817636766490&wfr=spider&for=pc", "title": "自然博物馆春节安排出炉!快来看看都有哪些活动?", "image": "", "poster": "京报网", "time": "2月8日", "content": "“飞羽之美——鸟类科学艺术展”由北京自然博物馆、浙江自然博物院共同制作推出，策展方横跨科学与艺术两界，以独特视角探寻鸟类生物学之谜及美学之瑰丽。线上大展也不容错过。今年，中国文物报社联合北京自然博物馆等40余家文博机构，共同..."}
{"museum": "浙江自然博物馆", "source": "https://ori.hangzhou.com.cn/ornews/content/2020-07/18/content_7776770.htm", "title": "“大自然的跷跷板”拍了拍你,浙江省自然博物馆邀请你来看一看", "image": "https://dss0.bdstatic.com/6Ox1bjeh1BF3odCf/it/u=481738403,3424978688&fm=217&app=92&size=f242,162&n=0&g=0n&f=JPEG?s=7BB8B3E34850CCC60405E67003004057&sec=1620384598&t=f24238a7c6813e48fd62fe534ffb0472", "poster": "杭网原创", "time": "2020年7月18日", "content": "杭州网讯7月18日,不少大小朋友们纷纷赶到了浙江省自然博物馆安吉馆参加一场特别的展览——“大自然的跷跷板——儿童教育体验展”。 活动现场,伴随着律动的音乐,由博物馆科教人员装扮的人偶跳起了欢快活泼的舞蹈,为开幕式预热。小朋友们..."}
{"museum": "浙江自然博物馆", "source": "https://baijiahao.baidu.com/s?id=1682345604557937727&wfr=spider&for=pc", "title": "国家文物局:北京正进行国家自然博物馆建设可行性研究", "image": "", "poster": "新京报", "time": "2020年11月3日", "content": "国家文物局历来高度重视和积极支持自然类博物馆建设发展。据统计，目前全国已建成自然类博物馆近200家，其中，中国地质博物馆、北京自然博物馆、天津自然博物馆（北疆博物院）、吉林省自然博物馆、浙江自然博物馆等被评为国家一级博物馆，..."}
{"museum": "浙江自然博物馆", "source": "https://baijiahao.baidu.com/s?id=1686282970353736004&wfr=spider&for=pc", "title": "忆江南·长三角文创产品博览浙江省博物馆举办", "image": "https://dss2.bdstatic.com/6Ot1bjeh1BF3odCf/it/u=2017770554,3449673910&fm=173&app=49&size=f242,162&n=0&g=0n&f=JPEG?s=F189995742274AAE9009F1E90300F011&sec=1620384598&t=f7aa179254cd502bc14a6818838555b4", "poster": "杭州网", "time": "2020年12月17日", "content": "除了以上大型江南文创系列主题产品以外，观众人气展品还有来自安徽博物院的黄宾虹画意同心杯；浙江自然博物院的“浙”里有恐龙系列；中国丝绸博物馆的《月夜越西湖》、《水榭花影》；宁波博物院的萌系旅行套装；杭州工艺美术博物馆的华风西尚..."}
{"museum": "浙江自然博物馆", "source": "https://baijiahao.baidu.com/s?id=1667877775846400112&wfr=spider&for=pc", "title": "浙大策展团队助力浙江自然博物院捧得博物馆界“奥斯卡”奖", "image": "https://dss0.bdstatic.com/6Ox1bjeh1BF3odCf/it/u=2804619748,252955644&fm=173&app=49&size=f242,162&n=0&g=0n&f=JPEG?s=4A814186C9748CCC766D328903003004&sec=1620384601&t=fd5aa0158397505e68feef823e226410", "poster": "浙江大学", "time": "2020年5月28日", "content": "这个位于习总书记“绿水青山就是金山银山”理念诞生地——浙江安吉县的自然博物馆曾经在2019年10月开馆后刷爆朋友圈，如今再次引发广泛的关注。浙江自然博物院安吉馆俯瞰图 在安吉馆内参观的观众 在安吉馆内参观的观众 2019年度全国十大..."}
{"museum": "浙江自然博物馆", "source": "https://baijiahao.baidu.com/s?id=1641833251884509049&wfr=spider&for=pc", "title": "探馆|浙江自然博物馆喊你来“避暑” 听说还能刷第二课堂?", "image": "https://dss0.bdstatic.com/6Ox1bjeh1BF3odCf/it/u=219939424,4251300621&fm=173&app=49&size=f242,162&n=0&g=0n&f=JPEG?s=67A028E147030F5B5EA5EC0E0300B0C1&sec=1620384601&t=f855966bc843c135b00c8463ac6f8746", "poster": "浙江日报", "time": "2019年8月14日", "content": "专栏介绍:起航号最新为大家带来“探馆频道”——各种有趣展馆,在这个夏天跟随小编的步伐一探究竟。第一期,小编将带各位朋友走进省级博物馆——浙江省自然博物馆。 夏日炎炎,杭州市京杭大运河旁的浙江省自然博物馆十分热闹,人来人往。"}
{"museum": "浙江自然博物馆", "source": "https://www.chinanews.com/tp/hd2011/2018/06-16/822748.shtml", "title": "45亿岁火流星陨石亮相浙江自然博物馆", "image": "https://dss1.bdstatic.com/6OF1bjeh1BF3odCf/it/u=4008335397,1274691312&fm=217&app=92&size=f242,162&n=0&g=0n&f=JPEG?s=B8889C5F6CC2A40D6FA8888F0300E002&sec=1620384601&t=b0942c6b9caca07ac97cc20322f2cf41", "poster": "中国新闻网", "time": "2018年6月16日", "content": "2018年6月16日消息,“来自星星的你——陨石特展”自6月1日在浙江自然博物馆开展以来,受到了观众的热捧。本次展览共展出各类陨石展品300余件,总重量达3.5吨,涵盖国内外各类罕见珍稀陨石。而在6月15日,展览中又将入驻一位刚从天外来..."}
{"museum": "浙江自然博物馆", "source": "https://baijiahao.baidu.com/s?id=1664647396936438114&wfr=spider&for=pc", "title": "山影尽,鸟声来|浙江自然博物馆", "image": "https://dss1.bdstatic.com/6OF1bjeh1BF3odCf/it/u=4218671106,3248823924&fm=173&app=49&size=f242,162&n=0&g=0n&f=JPEG?s=F9426090D282BFB78D805C0F0300A0C2&sec=1620384601&t=19e861a521e4f5b5edbc96e3f8d6c83a", "poster": "深圳木马工业产品设计", "time": "2020年4月22日", "content": "随着文创产业的兴起与文创事业的蓬勃发展，博物馆对于文创产品的需求得以有效激发，文创产品既能宣扬博物馆的文化内涵，又能使其获得商业上的回报。木马设计与浙江自然博物馆的合作始于展览“飨宴”，我们选择以“鸟声”为设计概念切入点，..."}
{"museum": "浙江自然博物馆", "source": "https://www.sohu.com/a/385097835_349236", "title": "“第二课堂”微课堂丨浙江自然博物馆:“浙”里的甲龙不一般", "image": "https://dss1.bdstatic.com/6OF1bjeh1BF3odCf/it/u=975921244,2118521733&fm=217&app=92&size=f242,162&n=0&g=0n&f=JPEG?s=A124D2145200714FFE0350C10300E0B8&sec=1620384601&t=0cd51ac4cd3dd1545bf4068b2ae75031", "poster": "搜狐网", "time": "2020年4月1日", "content": "浙江自然博物院位于杭州市中心西湖文化广场6号,功能定位为以“自然与人类”为主题,是一个集科普教育、收藏研究、文化交流、智性休闲于一体的现代自然博物馆。先后获得浙江省爱国主义教育基地、国家环保科普基地、全国野生动物保护科普教育基地..."}
{"museum": "浙江自然博物馆", "source": "https://baijiahao.baidu.com/s?id=1633407107690212486&wfr=spider&for=pc", "title": "周末带娃去哪儿玩 浙江自然博物馆安吉馆免费看恐龙去", "image": "https://dss1.bdstatic.com/6OF1bjeh1BF3odCf/it/u=4224957342,3415344403&fm=173&app=49&size=f242,162&n=0&g=0n&f=JPEG?s=EADBCA0B04210719072D0CC503008082&sec=1620384601&t=b9821b63148723dd73c39f49da4c6a0f", "poster": "游在杭州", "time": "2019年5月13日", "content": "周末带孩子去哪儿玩是个让家长朋友们头疼的问题,既要玩的开心,又要有所收获,那么博物馆一定是首选。最近被朋友圈安利了新开的浙江自然博物馆安吉馆,据说是亚洲最大的自然博物馆之一,馆藏丰富多样,最重要的是免门票。 先说说领票参观..."}
{"museum": "浙江自然博物馆", "source": "https://baijiahao.baidu.com/s?id=1621099946082283030&wfr=spider&for=pc", "title": "亚洲最大的自然博物馆之一!浙江自然博物院安吉馆区试开馆", "image": "https://dss1.bdstatic.com/6OF1bjeh1BF3odCf/it/u=3890245923,4123758016&fm=173&app=49&size=f242,162&n=0&g=0n&f=JPEG?s=01A4DE15282A280143B10D710300C032&sec=1620384601&t=0e40ab0c5737336b581aea6406facb26", "poster": "浙江日报", "time": "2018年12月28日", "content": "浙江自然博物院安吉馆,是我省首个落户杭州以外的省级公共文化设施,也是亚洲最大的自然博物馆之一,占地300亩、馆舍面积6.1万平方米,分为地质馆、贝林馆、海洋馆、自然艺术馆、恐龙馆和生态馆六大主题展馆和多个临特展馆。它由世界著名..."}
{"museum": "浙江自然博物馆", "source": "https://baijiahao.baidu.com/s?id=1615070790418950224&wfr=spider&for=pc", "title": "“浙江自然博物馆跨越式发展图片展”在京展出", "image": "https://dss1.bdstatic.com/6OF1bjeh1BF3odCf/it/u=2761086678,3417042740&fm=173&app=49&size=f242,162&n=0&g=0n&f=JPEG?s=299B1DD74A1938DE5A34CD2B0300A040&sec=1620384601&t=a82d489a91e51e8c464332bcf1977513", "poster": "浙江日报", "time": "2018年10月23日", "content": "2018-10-23 07:18 | 浙江新闻客户端 | 通讯员 兰国英 记者 俞吉吉10月18日,由国家文物局主办、中国文物报社和浙江自然博物馆承办的“不忘初心 保护自然遗产 传承生态文明---浙江自然博物馆跨越式发展图片展”的40块图版在北大红楼..."}
{"museum": "浙江自然博物馆", "source": "https://baijiahao.baidu.com/s?id=1598792119048964729&wfr=spider&for=pc", "title": "河北博物院与浙江自然博物馆签署《战略合作协议》", "image": "https://dss0.bdstatic.com/6Ox1bjeh1BF3odCf/it/u=3931629682,1782291072&fm=173&app=25&size=f242,162&n=0&g=0n&f=JPEG?s=06305B86466207AD9CA17D3203008050&sec=1620384601&t=91e2212251eb57a6d6ec2fe623ca2634", "poster": "光明网", "time": "2018年4月26日", "content": "为加强我院与浙江自然博物馆的合作交流,整合双方藏品、人才和专业优势,推动自然与人文跨界融合,河北博物院与浙江自然博物馆本着优势互补、平等互惠和共同发展的原则,经友好协商,自愿结为战略合作伙伴关系。2018年4月11日,河北博物院与浙江..."}
{"museum": "浙江自然博物馆", "source": "https://baijiahao.baidu.com/s?id=1597327294459193996&wfr=spider&for=pc", "title": "浙江自然博物馆举行2018优秀讲解案例专业组推介活动", "image": "https://dss1.bdstatic.com/6OF1bjeh1BF3odCf/it/u=3310067823,3640400116&fm=173&app=25&size=f242,162&n=0&g=0n&f=JPEG?s=949417D6B4B79E2EA0D4ACA00300A016&sec=1620384601&t=38324e27a06d65b07006239315bf016a", "poster": "光明网", "time": "2018年4月10日", "content": "为对接由浙江省博物馆学会开展的2018“讲浙江故事——全省博物馆优秀讲解案例推介活动”,同时为了提高我馆科普教育人员讲解服务水平,提升公共服务品质,4月2日下午,浙江自然博物馆举行了2018年优秀讲解案例专业组推介活动。在参加的12位选手..."}
{"museum": "浙江自然博物馆", "source": "https://baijiahao.baidu.com/s?id=1594801982019047965&wfr=spider&for=pc", "title": "浙江自然博物馆馆长:“活化”展品方能解码历史", "image": "https://dss0.bdstatic.com/6Ox1bjeh1BF3odCf/it/u=2051014690,1862983676&fm=173&app=25&size=f242,162&n=0&g=0n&f=JPEG?s=EE93F0AC2C122CCC6D8B7B910300D09C&sec=1620384601&t=2622953287c4405c4998a9ee3fc38df1", "poster": "光明网", "time": "2018年3月13日", "content": "观众只要拿出手机扫码进入智慧导览系统,便可与浙江自然博物馆“肯尼斯贝林世界野生动物展”展品进行全方位互动,仿佛有位资深讲解员随身陪伴。浙江自然博物馆馆长严洪明说,博物馆应借助科技手段解码历史,助推博物馆“智慧化”,让公众走进博物..."}
{"museum": "浙江自然博物馆", "source": "http://xmwb.xinmin.cn/html/2019-01/15/content_10_3.htm", "title": "新民晚报数字报-浙江自然博物馆安吉馆亮相", "image": "", "poster": "新民晚报数字报", "time": "2019年1月15日", "content": "本报讯 (记者 唐闻宜)作为浙江省首个落户杭州以外的省级公共文化设施,同时也是亚洲最大的自然博物馆之一的浙江自然博物馆安吉馆于近日亮相。该馆占地300亩、馆舍6万平方米、投资11亿元。 "}
{"museum": "浙江自然博物馆", "source": "https://baijiahao.baidu.com/s?id=1621054966518667867&wfr=spider&for=pc", "title": "文创产品设计-浙江自然博物馆IP设计系列衍生品", "image": "https://dss1.bdstatic.com/6OF1bjeh1BF3odCf/it/u=3929894013,3863214337&fm=173&app=49&size=f242,162&n=0&g=0n&f=JPEG?s=4EA286080894D49ECEB469D6010080A2&sec=1620384601&t=42014e29df705f89ec22278e441630c9", "poster": "木马工业设计", "time": "2018年12月28日", "content": "木马与浙江自然博物馆合作,结合浙江自然博物馆开展的“饗宴”,以“鸟声展”文创产品为设计切入点,将“饗宴”作为产品卖点,形成衍生品与展览的双向作用。以独特的“设计+文化、文创+互联网”模式。 浙江自然博物馆是中国为数不多的省级..."}
{"museum": "浙江自然博物馆", "source": "https://www.sohu.com/a/284406194_99938755", "title": "浙江自然博物馆安吉馆志愿者实地培训圆满结束", "image": "https://dss2.bdstatic.com/6Ot1bjeh1BF3odCf/it/u=258393932,3415012161&fm=217&app=92&size=f242,162&n=0&g=0n&f=JPEG?s=3A925585560512EC8EB001F603004023&sec=1620384601&t=3f0ea63e6fa19a93ae0710795b2d1008", "poster": "搜狐网", "time": "2018年12月25日", "content": "2018年12月23号,为了让浙江自然博物院安吉馆开馆仪式在12月28日能顺利举行,负责人员安排志愿者们前往博物馆进行了相关培训。本次培训的内容为博物馆的介绍,常见问题问答和情景模拟,让志愿者了解与掌握基础的馆内知识,提升志愿者们的服务..."}
{"museum": "浙江自然博物馆", "source": "http://photo.zjol.com.cn/yuanchuang/201812/t20181223_9056500.shtml", "title": "在浙江自然博物馆追寻“神话之鸟”", "image": "https://dss1.bdstatic.com/6OF1bjeh1BF3odCf/it/u=2799693976,1866923966&fm=217&app=92&size=f242,162&n=0&g=0n&f=JPEG?s=EAF011C47DCB16435CF0A1090100E083&sec=1620384601&t=bb3fc7ee2a3f3acb95c7caf276905cf0", "poster": "浙江在线", "time": "2018年12月24日", "content": "浙江在线12月24日讯(浙江在线记者 杨晓轩 摄)2018年12月23日,市民在浙江自然博物馆《追寻神话之鸟》展上,零距离感受中华凤头燕鸥的神秘风采。该展览分“认识神话之鸟”“失踪与重现”“寻找神话之鸟”“揭开神秘面纱”“ 拯救在行动”..."}
{"museum": "浙江自然博物馆", "source": "https://baijiahao.baidu.com/s?id=1617505070394263405&wfr=spider&for=pc", "title": "盘点历史很悠久的景点,你去过巴黎凯旋门、杭州浙江自然博物馆吗", "image": "https://dss2.bdstatic.com/6Ot1bjeh1BF3odCf/it/u=1562337752,247585475&fm=173&app=49&size=f242,162&n=0&g=0n&f=JPEG?s=B207D20454E1910784A2D5550300C0A8&sec=1620384601&t=8c1f1122c8c6253697bdd80937b8ccd8", "poster": "百闻旅行", "time": "2018年11月19日", "content": "#3 杭州·浙江自然博物馆票价:免费开放时间:周二-周日9:30-16:00,周一闭馆(国定假日除外)简介:浙江自然博物馆位于杭州市中心西湖文化广场6号,始建于1929年,2009年7月,新馆建成开放。浙江自然博物馆建筑面积2.6万平方米,常设展厅..."}
{"museum": "浙江自然博物馆", "source": "https://baijiahao.baidu.com/s?id=1612424050202743789&wfr=spider&for=pc", "title": "你去过文物比较多的浙江自然博物馆吗?浙江·杭州还有更多的景点...", "image": "https://dss0.bdstatic.com/6Ox1bjeh1BF3odCf/it/u=251404153,4187814614&fm=173&app=25&size=f242,162&n=0&g=0n&f=JPEG?s=F03D37D040BB862F303AE8530300C0F8&sec=1620384601&t=79b17aad14f439e1efa76aa0220d9299", "poster": "百闻旅行", "time": "2018年9月24日", "content": "关键词:文化底蕴丰厚#4 浙江自然博物馆票价:免费开放时间:周二-周日9:30-16:00,周一闭馆(国定假日除外)简介:浙江自然博物馆位于杭州市中心西湖文化广场6号,始建于1929年,2009年7月,新馆建成开放。浙江自然博物馆建筑面积2.6万平方..."}
{"museum": "浙江自然博物馆", "source": "https://www.sohu.com/a/238550718_99938763", "title": "...绿水青山就是金山银山”书画摄影展在浙江自然博物馆开幕", "image": "https://dss0.bdstatic.com/6Ox1bjeh1BF3odCf/it/u=3450195979,1455732740&fm=217&app=92&size=f242,162&n=0&g=0n&f=JPEG?s=160F23E88C1064CC990EC81A030000DB&sec=1620384601&t=18140ff9442a9c27e82dca443d6d6dca", "poster": "搜狐网", "time": "2018年6月29日", "content": "6月29日,一场名为“绿水青山就是金山银山”的书画摄影展在浙江自然博物馆拉开帷幕。展览由浙江省文物局机关党总支、浙江自然博物馆党总支主办,浙江省文物监察总队党支部、中国丝绸博物馆党总支、浙江省博物馆党委、浙江省文物考古研究所..."}
{"museum": "浙江自然博物馆", "source": "https://zjnews.zjol.com.cn/zjnews/hznews/201806/t20180615_7549832_ext.shtml", "title": "既新鲜又古老 浙江自然博物馆与地球同岁陨石在向你招手", "image": "https://dss0.bdstatic.com/6Ox1bjeh1BF3odCf/it/u=3404207292,1694050160&fm=217&app=92&size=f242,162&n=0&g=0n&f=PNG?s=91A9FB15405373DC0285E1820300E060&sec=1620384601&t=a3b0105c9ab19afc5dfc63b63abc1ccb", "poster": "浙江在线", "time": "2018年6月15日", "content": "照片由浙江自然博物馆提供。 还记得本月西双版纳降临的那块陨石吗?如今,刚刚落地、被戏称为“史上最新鲜陨石”的它已经躺在浙江自然博物馆等你去观赏了。 “来自星星的你——陨石特展”自6月1日在浙江自然博物馆开展以来,受到了观众..."}
{"museum": "浙江自然博物馆", "source": "https://baijiahao.baidu.com/s?id=1602670000201602020&wfr=spider&for=pc", "title": "精美海上花盛开石家庄!浙江自然博物馆馆藏珊瑚亮相河北博物院", "image": "https://dss0.bdstatic.com/6Ox1bjeh1BF3odCf/it/u=4182491620,440016114&fm=173&app=25&size=f242,162&n=0&g=0n&f=JPEG?s=868B9747AE5B11C46E9C35730300C012&sec=1620384601&t=61f49c0245714dc178f1c1cbf262702c", "poster": "石家庄发布", "time": "2018年6月8日", "content": "6月8日,河北博物院再添新展览。由河北博物院与浙江自然博物馆联合主办的“海上花——浙江自然博物馆馆藏珊瑚展”将在15、16号展厅与观众见面,大家可近距离观察这来自海洋的精灵。珊瑚自古就是吉祥富贵的象征,红珊瑚与琥珀、珍珠、砗磲..."}
{"museum": "浙江自然博物馆", "source": "https://zjnews.zjol.com.cn/zjnews/hznews/201806/t20180605_7466895.shtml", "title": "去浙江自然博物馆 看“来自星星的你”(图)", "image": "https://dss1.bdstatic.com/6OF1bjeh1BF3odCf/it/u=1994636554,1644398540&fm=217&app=92&size=f242,162&n=0&g=0n&f=JPEG?s=70381ED50E1247DE42A0E5B30300F01B&sec=1620384602&t=aeb5de72892966ae9d84a9f73725ec24", "poster": "浙江在线", "time": "2018年6月5日", "content": "6月1日起,“来自星星的你——陨石特展”登陆浙江自然博物馆,展出300余件陨石展品,总重量达3.5吨,其中最大的陨石重达800公斤,很多陨石你还可以触摸。展出的陨石有广西南丹铁陨石、月球陨石、火星陨石等。展览将持续至10月7日。 (记者..."}
{"museum": "浙江自然博物馆", "source": "https://baijiahao.baidu.com/s?id=1601264526283946193&wfr=spider&for=pc", "title": "一条抹香鲸,从摩纳哥“游”到浙江自然博物馆", "image": "https://dss0.bdstatic.com/6Ox1bjeh1BF3odCf/it/u=2025316123,1921908317&fm=173&app=25&size=f242,162&n=0&g=0n&f=JPEG?s=AAB24D8162403D5384A95505030070C2&sec=1620384602&t=6db4e3e040f19e9c6a997b31ae1c4a66", "poster": "钱江晚报", "time": "2018年5月23日", "content": "浙江24小时-钱江晚报记者 章咪佳 通讯员 张旻璐/文  通讯员 王平/新媒体制作 33天，10085 海里（约18671公里）。2018年5月23日，一条抹香鲸，从摩纳哥“游”到浙江自然博物馆安吉分馆。这是一条制作于1999年的抹香鲸模型（以下称作..."}
{"museum": "浙江自然博物馆", "source": "http://www.xinhuanet.com/photo/2017-01/25/c_1120380278.htm", "title": "鸡年到 浙江自然博物馆里看鸡展", "image": "https://dss1.bdstatic.com/6OF1bjeh1BF3odCf/it/u=1153001987,4235077332&fm=217&app=92&size=f242,162&n=0&g=0n&f=JPEG?s=FEBB2EC74A1202D68619A8AB03006013&sec=1620384602&t=5caa1fdf8629bbb6cf8e5a5b42f0ef36", "poster": "新华网客户端", "time": "2017年1月25日", "content": "每年春节,浙江自然博物馆的贺岁生肖展绝对是新春“充电”长知识的不二之选。鸡年将至,“金鸡报晓——酉年生肖贺岁展暨珍宝展”如期开启。本次展览将持续两个多月,展区分设三大板块,通过实物标本、文物书画、模拟场景、科普漫画、多媒体..."}
{"museum": "浙江自然博物馆", "source": "https://www.sohu.com/a/253752103_99938763", "title": "...同一星空下——浙江、澳门自闭症画家作品展”在浙江自然博物馆...", "image": "https://dss2.bdstatic.com/6Ot1bjeh1BF3odCf/it/u=1681429629,3030959301&fm=217&app=92&size=f242,162&n=0&g=0n&f=JPEG?s=21E0F104845009CC4504799303008092&sec=1620384602&t=2287759046cbd92de32e8dbf44fd7d7a", "poster": "搜狐网", "time": "2018年9月13日", "content": "同时,也让我们撇开“自闭症”的标签,来欣赏这些美好的画作,迎接两个风华正茂的青年艺术家向我们走来吧。 据悉,展览持续至9月25日,感兴趣的读者不妨前去浙江自然博物馆,与“星星的孩子”带来的奇迹和感动来一场相遇。"}
{"museum": "浙江自然博物馆", "source": "http://www.tlnews.com.cn/xwpd/hzxw/content/2018-06/16/content_6348847.htm", "title": "浙江自然博物馆来了一位最老的新客人 它有45亿岁", "image": "", "poster": "桐庐新闻网", "time": "2018年6月16日", "content": "浙江自然博物馆“来自星星的你——陨石特展”自6月1日开展以来,一直受到观众热捧。 昨天,展馆里又来了位“新客人”。 它只有拳头大小,672克。别看它个头小,年纪却已有45亿岁了。它的名字叫“L5型普通球粒陨石”。今年儿童节那天..."}
{"museum": "浙江自然博物馆", "source": "https://baijiahao.baidu.com/s?id=1590278019301131034&wfr=spider&for=pc", "title": "浙江自然博物馆,馆藏恐龙蛋化石!保存完好的化石,让人大开眼界", "image": "", "poster": "大咖la畅游博物馆", "time": "2018年1月31日", "content": "浙江自然博物馆藏。窃蛋龙,是种小型兽脚亚目恐龙, 生存于白垩纪晚期,身长1.8到2.5米。大小如鸵鸟,长有尖爪、长尾,推测其运动能力很强,行动敏捷,可以像袋鼠一样用坚韧的尾巴,保持身体的平衡,跑起来速度很快。窃蛋龙类蛋窝,白垩纪..."}
{"museum": "浙江自然博物馆", "source": "https://www.sohu.com/a/147584190_349236", "title": "新闻丨浙江自然博物馆:一起来看恐龙大复活", "image": "", "poster": "搜狐网", "time": "2017年6月9日", "content": "你见过几亿年前浙江大地上的恐龙马?浙江的土地上曾出现过哪些恐龙?它们都长什么样?有多大呢?别急,这些问题都可以去浙江自然博物馆一探究竟! 近日,“浙江恐龙大复活”特展在浙江自然博物馆开幕。这是浙江本土恐龙第一次大规模集体亮相..."}
{"museum": "浙江自然博物馆", "source": "http://www.thepaper.cn/newsDetail_forward_1618665", "title": "浙江自然博物馆征无人岛海鸟监测者:并不诗意,图好玩的别来", "image": "https://dss2.bdstatic.com/6Ot1bjeh1BF3odCf/it/u=3741663602,2419695169&fm=217&app=92&size=f242,162&n=0&g=0n&f=JPEG?s=F9A48B5000BB86266E118CF40100C0E2&sec=1620384602&t=8bf4390a33f90dda3ba6cd16870ffa63", "poster": "澎湃新闻", "time": "2017年2月14日", "content": "据介绍,浙江自然博物馆在五峙山列岛、韭山列岛建有木屋,监测人员将通过文字、影像记录登岛鸟类的种类、数量、位置、繁殖情况,以及有无天敌、人类活动干扰等。其中,中华凤头燕鸥被称为“神话之鸟”,全球总数不超过100只,被世界自然保护..."}
{"museum": "浙江自然博物馆", "source": "https://www.sohu.com/a/341049232_718100", "title": "【新线首发】9.22日游浙江最大自然博物馆,体验幽深峡谷上的高空...", "image": "https://dss1.bdstatic.com/6OF1bjeh1BF3odCf/it/u=2236757878,2937065416&fm=217&app=92&size=f242,162&n=0&g=0n&f=PNG?s=0B001B66A4F225844D939C0A0300E0D8&sec=1620384602&t=7a90c59190cd165c982eaeaca1892844", "poster": "搜狐网", "time": "2019年9月15日", "content": "亚洲单体建筑最大的自然博物馆之一 浙江自然博物院安吉馆,是我省首个落户杭州以外的省级公共文化设施,也是亚洲单体建筑最大的自然博物馆,占地300亩、馆舍面积6.1万平方米。 它由世界著名建筑设计公司德国戴卫·奇普菲尔德事务所主持设计,..."}
{"museum": "浙江自然博物馆", "source": "https://baijiahao.baidu.com/s?id=1643894300301529747&wfr=spider&for=pc", "title": "浙江省自然博物馆安吉馆因附近山体滑坡闭馆", "image": "https://dss2.bdstatic.com/6Ot1bjeh1BF3odCf/it/u=2592668498,1723601975&fm=173&app=49&size=f242,162&n=0&g=0n&f=JPEG?s=7A2321C06C00145F16D739020300D0DB&sec=1620384602&t=04f331bf5c80ac3b9e9792a157ae5a4c", "poster": "钱江晚报", "time": "2019年9月6日", "content": "今天(9月6日)上午,钱报记者从浙江省自然博物馆获悉,因昨晚暴雨影响,浙江省自然博物馆安吉馆自然艺术主题展馆和海洋主题展馆今日闭馆维护,自然餐厅暂停营业。"}
{"museum": "浙江自然博物馆", "source": "http://www.cnr.cn/shanghai/tt/20190629/t20190629_524668629.shtml", "title": "上海自然博物馆开展“寻鸟季·科学家面对面”交流活动", "image": "https://dss1.bdstatic.com/6OF1bjeh1BF3odCf/it/u=2769054331,889810113&fm=217&app=92&size=f242,162&n=0&g=0n&f=JPEG?s=FF40CB18566172BC8E2115C40300A0B0&sec=1620384603&t=cddc5c717cfad38dfa2320c05fc056dc", "poster": "央广网", "time": "2019年6月29日", "content": "央广网上海6月29日消息(记者周洪)今天(29日)上午,来自浙江自然博物院、郑州自然博物馆与河南省野生鸟类观察学会、同济大学航空航天与力学学院、华东师范大学生命科学学院、中国科学院植物生理生态研究所、上海九段沙湿地自然保护区、湖北省野..."}
{"museum": "浙江自然博物馆", "source": "https://zj.zjol.com.cn/news/586592.html", "title": "浙江自然博物馆恐龙标本在日展出", "image": "https://dss0.bdstatic.com/6Ox1bjeh1BF3odCf/it/u=3890840280,1108113894&fm=217&app=92&size=f242,162&n=0&g=0n&f=JPEG?s=E4F21FC74E2286C60650381B0300C0C2&sec=1620384603&t=8a3474c9dfecb5cad5da55512353e06a", "poster": "浙江新闻官网", "time": "2017年3月18日", "content": "3月18日,名古屋科学馆里迎来了一批特殊的客人——恐龙。当日起,恐龙大移居特别展在这里开展,现在人头攒动,甚是热闹,其中也有来自浙江自然博物馆馆藏展品的身影。 记者从仍在日本展览现场的浙江自然博物馆副馆长金幸生处了解到,恐龙大移..."}
{"museum": "浙江自然博物馆", "source": "https://zjnews.zjol.com.cn/zjnews/hznews/201611/t20161124_2103697.shtml", "title": "341幅鸟类作品正在浙江自然博物馆展出 她画的鸟简直可以当鸟的...", "image": "https://dss2.bdstatic.com/6Ot1bjeh1BF3odCf/it/u=759323456,2697099761&fm=217&app=92&size=f242,162&n=0&g=0n&f=JPEG?s=DEC37A2B10ED690762A544DB0100C0A0&sec=1620384603&t=84d26bcfa56d17aa230f5b90df206c65", "poster": "浙江在线", "time": "2016年11月24日", "content": "图片解析由浙江自然博物馆馆员王思宇提供 浙江在线11月24日讯(钱江晚报记者 章咪佳)受了拉尼娜现象的影响,杭州这几天才冷得这样狠。 当然,对杭州的鸟类爱好者来讲,秋冬季是观看迁徙鸟和越冬鸟的好时节。鸟儿套不上秋裤,只好或逃(迁..."}
{"museum": "浙江自然博物馆", "source": "https://www.sohu.com/a/107337537_257700", "title": "浙江自然博物馆新开野生动物展区", "image": "https://dss2.bdstatic.com/6Ot1bjeh1BF3odCf/it/u=945561891,990327400&fm=217&app=92&size=f242,162&n=0&g=0n&f=JPEG?s=F0BB1CD7C2431B453CB8F9360300E041&sec=1620384603&t=bbee0e8e04654538ce9ed0fbf8e2daf5", "poster": "搜狐网", "time": "2016年7月24日", "content": "前天下午,浙江自然博物馆新开了一个野生动物展区,是假期里家长带孩子参观学习的好去处。 新展区在浙江自然博物馆四楼,全名“狂野之地之肯尼斯·贝林世界野生动物展”,展区内的103个野生动物标本,都是美国人肯尼斯·贝林捐赠的。 "}
{"museum": "浙江自然博物馆", "source": "https://zjnews.zjol.com.cn/zjnews/hznews/201607/t20160723_1789221.shtml", "title": "浙江自然博物馆获赠 珍稀野生动物标本", "image": "", "poster": "浙江在线", "time": "2016年7月23日", "content": "浙江在线7月23日讯(浙江日报记者 俞吉吉 通讯员 范忠勇)矫健的花豹躲在树后伺机捕食猎物;高贵的长颈鹿伸长脖子在吃金合欢树的树叶;雪白的北极熊在茫茫冰原上前行……22日下午,浙江自然博物馆经过近一年精心筹备的“狂野之地——肯尼斯..."}
{"museum": "浙江自然博物馆", "source": "https://zjnews.zjol.com.cn/zjnews/hznews/201607/t20160706_1706611.shtml", "title": "企鹅北极熊还有未来吗 南北极特展在浙江自然博物馆开幕", "image": "", "poster": "浙江在线", "time": "2016年7月6日", "content": "浙江在线7月6日讯(记者 俞吉吉) 全球变暖造成极地融冰速度加快,引发全球气候与生态问题——位于地球南北两端的极地日益成为世界关注的焦点。7月1日,浙江自然博物馆“地球的尽头——南北极特展”拉开帷幕。 "}
{"museum": "浙江自然博物馆", "source": "http://www.hangzhou.gov.cn/art/2016/4/14/art_812262_684579.html", "title": "听浙江自然博物馆讲述:“镇馆之宝”灰鲸标本背后的故事", "image": "https://dss2.bdstatic.com/6Ot1bjeh1BF3odCf/it/u=3818732490,740067370&fm=217&app=92&size=f242,162&n=0&g=0n&f=JPEG?s=DCC37223F21E07CC4E95F4CA0100E091&sec=1620384603&t=fcfe965c35a95bb09465ac9df5ad0ef7", "poster": "中国杭州", "time": "2016年4月14日", "content": "浙江自然博物馆是一家省级自然历史博物馆,位于西湖文化广场B区,每当双休或节假日,这里总是人山人海。 博物馆很好找,从中山北路朝晖路的口子进去,沿着环形的建筑走大概几百米,就是博物馆的正门了。 "}
{"museum": "浙江自然博物馆", "source": "https://baijiahao.baidu.com/s?id=1621186126470746563&wfr=spider&for=pc", "title": "当小学期末考被安排在自然博物馆进行,爸妈们吃惊地发现……", "image": "https://dss0.bdstatic.com/6Ox1bjeh1BF3odCf/it/u=1084693513,596535935&fm=173&app=49&size=f242,162&n=0&g=0n&f=JPEG?s=F3C26FA48A530BD03EB8EF3D03009043&sec=1620384603&t=7c2714ff0ca23f1c1cc5a5bf54ec78a4", "poster": "钱江晚报", "time": "2018年12月29日", "content": "今天上午,带娃在浙江省自然博物馆参观的家长发现了一件怪事:身边突然冒出了许多“小黄人”,一般是5人一组,为首的“小黄人”举着旗子,身后的小黄人自觉排好队,乖乖听队长的下一步指令。 更奇怪的是,这群小黄人身后往往还跟着4、5个..."}
{"museum": "浙江自然博物馆", "source": "https://baijiahao.baidu.com/s?id=1621099341027548362&wfr=spider&for=pc", "title": "浙江自然博物院建成新馆", "image": "", "poster": "金融界", "time": "2018年12月28日", "content": "浙江自然博物院安吉馆区28日对外试开馆。 浙江自然博物院是我国成立最早的自然博物馆之一。它的安吉馆区位于浙江省安吉县,于2016年3月正式开工。它占地300余亩,分为地质馆、恐龙馆、生态馆、贝林馆、海洋馆和自然艺术馆,现有藏品7万多..."}
{"museum": "浙江自然博物馆", "source": "https://baijiahao.baidu.com/s?id=1609766723655886331&wfr=spider&for=pc", "title": "西湖文化广场地下一楼起火!看电影和逛自然博物馆的都被挡了", "image": "https://dss2.bdstatic.com/6Ot1bjeh1BF3odCf/it/u=534674174,798989860&fm=173&app=25&size=f242,162&n=0&g=0n&f=JPEG?s=00B657919E346A9EB689FC800100E091&sec=1620384603&t=3b1c0a68b2468de028eed310ae5167f6", "poster": "浙江在线", "time": "2018年8月25日", "content": "记者了解到，起火点位于西湖文化广场的地下一楼。一位目击者告诉记者，疑似一台打印机先起的火。在西湖文化广场西侧，安保人员在现场拉起了警戒线，不少准备前来看电影的或者到浙江自然博物馆的市民也被挡在门外。下午2点左右，警报..."}
{"museum": "浙江自然博物馆", "source": "https://www.chinanews.com/sh/2014/06-19/6300349.shtml", "title": "浙江自然博物馆探寻科幻自然 生物标本聚首裸眼3D", "image": "https://dss1.bdstatic.com/6OF1bjeh1BF3odCf/it/u=4263241854,3642283796&fm=217&app=92&size=f242,162&n=0&g=0n&f=JPEG?s=9E1245CB9C5034574AD9D43003007040&sec=1620384604&t=4ef7dae78748a0be11a5e5ccd379d89e", "poster": "中国新闻网", "time": "2014年6月19日", "content": "中新网杭州6月19日电(见习记者 张骏)稀有的自然标本、化石组合声光电和裸眼3D技术,浙江自然博物馆历时一年引进“潘多拉3D自然嘉年华”展览。19日,在新闻发布会上,浙江自然博物馆馆长严洪明评价其打破了艺术作品平面限制,打造远古和未来自..."}
{"museum": "浙江自然博物馆", "source": "https://ori.hangzhou.com.cn/ornews/content/2019-10/22/content_7289348.htm", "title": "浙江自然博物院安吉馆正式开馆", "image": "https://dss0.bdstatic.com/6Ox1bjeh1BF3odCf/it/u=4003767412,2022094547&fm=217&app=92&size=f242,162&n=0&g=0n&f=JPEG?s=A49014DBE467170FCE2891B40300002B&sec=1620384604&t=395dd8102cfec99b6f582e0252339f43", "poster": "杭网原创", "time": "2019年10月22日", "content": "浙江自然博物院是我国成立最早的自然博物馆之一。安吉新馆创新设立了地质馆、恐龙馆、贝林馆、生态馆、海洋馆和自然艺术馆六大专题展馆及多个临特展馆,分为“绿水青山的召唤、大地情怀、无尽深蓝、远方的对话、大地深处的璀璨、重返恐龙时代..."}
{"museum": "浙江自然博物馆", "source": "https://zjnews.zjol.com.cn/zjnews/huzhounews/201711/t20171114_5645480.shtml", "title": "记者探营浙江自然博物院:“巨无霸”博物馆里藏着哪些小秘密", "image": "https://dss2.bdstatic.com/6Ot1bjeh1BF3odCf/it/u=1569003366,1424206333&fm=217&app=92&size=f242,162&n=0&g=0n&f=PNG?s=8CC27A2394470B515CBD219E0300C091&sec=1620384604&t=7bcb68d198fc7b30f66e7d9517352559", "poster": "浙江在线", "time": "2017年11月14日", "content": "浙江在线11月14日讯(浙江在线记者 章咪佳)这里是浙江自然博物院,湖州安吉县三官村。这里蕴藏着45亿年来,地球历史发展和生命演化的奥秘。 位于西湖文化广场的浙江自然博物馆,是很多小朋友的周末打卡地。一年以后的2018年10月,浙江自然博..."}
{"museum": "浙江自然博物馆", "source": "https://zjnews.zjol.com.cn/system/2015/11/20/020920241.shtml", "title": "浙江自然博物馆发现我省最早的恐龙足迹化石", "image": "https://dss1.bdstatic.com/6OF1bjeh1BF3odCf/it/u=34449474,3590641943&fm=217&app=92&size=f242,162&n=0&g=0n&f=JPEG?s=75BAA7779D42D44754F503EA0300E03F&sec=1620384604&t=f7a33ba578697ec4a6961185a34673a3", "poster": "浙江在线", "time": "2015年11月20日", "content": "恐龙足迹化石。 浙江在线11月20日讯(浙江日报记者 刘慧)记者19日获悉,浙江自然博物馆的金幸生团队最近在化石爱好者吴立功、黄力等协助下,对诸暨、永康和建德等地的鱼化石点进行野外调查,在建德和浦江交界的鱼化石层位发现足迹化石,经初..."}
{"museum": "浙江自然博物馆", "source": "http://epmap.zjol.com.cn/system/2014/10/01/020285652.shtml", "title": "国庆期间浙江自然博物馆邀您来一趟绿色“非洲”之旅", "image": "https://dss1.bdstatic.com/6OF1bjeh1BF3odCf/it/u=3072017344,386484961&fm=217&app=92&size=f242,162&n=0&g=0n&f=JPEG?s=2D520DC20C532FD6CEA03C3103008050&sec=1620384604&t=5f5465d72e6b9b53b09061031f40b4e7", "poster": "浙江环保新闻网", "time": "2014年10月1日", "content": "浙江环保新闻网10月1日讯(记者 孙璐)绿色总动员让我们一起去“非洲”、海底总动员让我们一起深入海底看小丑鱼,看到这些你是不是很心动呢?告诉你一个好消息,这些在今年国庆期间,浙江自然博物馆都能让你一次性实现。 "}
{"museum": "浙江自然博物馆", "source": "https://www.chinanews.com/cul/2013/11-09/5483058.shtml", "title": "中国首个鸟类学史料中心落地浙江自然博物馆", "image": "", "poster": "中国新闻网", "time": "2013年11月9日", "content": "中新网杭州11月9日电 (见习记者 邵思翊)9日,“飞翔的梦”——中国鸟类学发展史特展暨中国鸟类学史料中心揭牌仪式在浙江自然博物馆举行。 浙江自然博物馆副馆长陈水华介绍,展览将展出千余件各时期的物品和文字、图像资料,重点介绍了各..."}
{"museum": "浙江自然博物馆", "source": "https://www.chinanews.com/edu/2013/06-14/4928308.shtml", "title": "浙江自然博物馆馆长谈变革:“教育者”转身“辅导员”", "image": "", "poster": "中国新闻网", "time": "2013年6月14日", "content": "中新网杭州6月14日电 (记者 汪恩民 实习生 邵思翊)“我们要从馆舍天地走向大千世界。”6月14日,浙江自然博物馆馆长严洪明在接受中新网记者专访时表示,博物馆在新形势下必须进行变革。必须视观众为博物馆的生命,满足观众需求,从原先..."}
{"museum": "浙江自然博物馆", "source": "http://www.chinanews.com/cul/2013/05-18/4832489.shtml", "title": "浙江自然博物馆求变出奇招 邀儿童与“恐龙”同眠", "image": "", "poster": "中国新闻网", "time": "2013年5月18日", "content": "中新网杭州5月18日电 (记者 汪恩民 实习生 李梦清 谢馨)18日晚上,杭州30余户家庭在浙江自然博物馆,紧挨着恐龙、猛犸象、华南虎、长颈鹿等动物,在热带雨林、湿地、南极等场景中度过了一个奇妙的夜晚。 "}
{"museum": "浙江自然博物馆", "source": "https://zjnews.zjol.com.cn/zjnews/hznews/201705/t20170519_4012577.shtml", "title": "浙江自然博物馆荣膺“全国最具创新力博物馆”", "image": "", "poster": "浙江在线", "time": "2017年5月19日", "content": "5月18日,在北京举办的2017年“5·18国际博物馆日”中国主场城市庆祝活动上,浙江自然博物馆被授予“2017年全国最具创新力博物馆”。 这是继2016年荣获“第十三届(2015年度)全国博物馆十大陈列展览精品奖”后,浙江自然博物馆荣获的又一..."}
{"museum": "浙江自然博物馆", "source": "http://www.chinadaily.com.cn/dfpd/zj/2011-08/30/content_13223487.htm", "title": "浙江自然博物馆:\"文化遗产日\"走进校园", "image": "", "poster": "中国日报网", "time": "2011年8月30日", "content": "期间,大学生们通过参观以及与浙江自然博物馆科普服务队员的面对面交流,不仅了解了文化遗产、自然遗产和非物质文化遗产等相关知识,同时也提高了文化遗产的保护意识。"}
{"museum": "浙江自然博物馆", "source": "http://news.eastday.com/m/20110820/u1a6063566.html", "title": "千岛湖最大的鱼游进浙江自然博物馆啦!", "image": "https://dss0.bdstatic.com/6Ox1bjeh1BF3odCf/it/u=4278951698,1282854924&fm=217&app=92&size=f242,162&n=0&g=0n&f=JPEG?s=9B983CCA4406A54B86A13515030010C2&sec=1620384605&t=3e2c17b2cc029cf34696419983b47abd", "poster": "东方网", "time": "2011年8月20日", "content": "8月18日,以“生态 科技 品牌 创意”为主题的第二届中国杭州-千岛湖有机鱼文化节暨有机渔业科技文化展在浙江自然博物馆拉开帷幕。本次展览以“淳鱼故事”为主标题,包括水秀天下、鱼跃神州、淳鱼文化、领导关怀等版块内容。展馆面积1000..."}
{"museum": "浙江自然博物馆", "source": "https://hzdaily.hangzhou.com.cn/dskb/html/2011-06/30/content_1092812.htm", "title": "浙江自然博物馆专家初步鉴定为施氏鲟", "image": "", "poster": "杭州网", "time": "2011年6月30日", "content": "新安江水电站旁的浙江虹鳟鱼养殖场李经理说:“30斤重的鲟鱼八成就是从我们这里流出去的!如果是我这里出去的鱼,一眼就能认出来,因为已经养了8年了。” 昨天下午,快报邀请浙江自然博物馆鱼类学专家袁博士,再次对鲟鱼进行鉴定。 "}
{"museum": "浙江自然博物馆", "source": "https://zjnews.zjol.com.cn/system/2009/09/03/015794319.shtml", "title": "开学了 自然博物馆和科技馆终于可以喘息了", "image": "https://dss0.bdstatic.com/6Ox1bjeh1BF3odCf/it/u=655287128,1936071617&fm=217&app=92&size=f242,162&n=0&g=0n&f=JPEG?s=5C8A27D14A083CCC34A8541E030050D4&sec=1620384605&t=feeac126dcca8128183a335a8dac71f8", "poster": "浙江在线", "time": "2009年9月3日", "content": "浙江在线09月03日讯因为参观人数太多而从9月1日起“限票”的浙江省自然博物馆,这两天参观人数骤减。“上个星期天还有上万的人涌进来,这个星期二,一天下来我们发放了近3000张券。”工作人员介绍说,而当初他们设定的是从9月1号起每天..."}
{"museum": "浙江自然博物馆", "source": "http://www.hangzhou.gov.cn/art/2009/7/28/art_812261_171212.html", "title": "自然博物馆今日于西湖文化广场重开", "image": "", "poster": "中国杭州", "time": "2009年7月28日", "content": "今天,浙江自然博物馆在西湖文化广场重新开馆,每周二到周日9:00——17:00,免费开放。 新馆面积2.6万平方米。展厅一共三层,收藏近13万件珍贵标本。其中,礼贤江山龙、真猛犸象等还是新增的重量级标本。 "}
{"museum": "浙江自然博物馆", "source": "https://zjnews.zjol.com.cn/system/2009/05/27/015542833.shtml", "title": "浙江省自然博物馆标本搬迁 排场大过Super Star", "image": "https://dss2.bdstatic.com/6Ot1bjeh1BF3odCf/it/u=77376393,1152951699&fm=217&app=92&size=f242,162&n=0&g=0n&f=JPEG?s=A8E27A22C84034DE8E15851F0100C0C2&sec=1620384605&t=4517df5d440fa421f2f69474b78e835a", "poster": "浙江在线", "time": "2009年5月27日", "content": "大鲸鲨在浙江自然博物馆已经呆了12年了。自从1983年被人类捕捉后,它要么在酒精里泡着,要么在博物馆的展墙里呆着。昨天,是它第一次见到了阳光。因为浙江自然博物馆要搬到位于西湖文化广场的新馆,这条长12米,重达10多吨的鲸鲨开始了..."}
{"museum": "浙江自然博物馆", "source": "http://news.cctv.com/science/20070608/109288.shtml", "title": "浙江发现世界最大恐龙蛋化石 收藏于自然博物馆", "image": "", "poster": "央视网", "time": "2007年6月8日", "content": "浙江天台县日前发现了世界上最大的恐龙蛋化石——西峡巨型蛋,这一研究结果发布在今年第一期的加拿大《地球科学杂志》上。 天台县2002年出土了一种巨型恐龙蛋化石,浙江自然博物馆予以收藏。之后,自然博物馆研究员金幸生与国际研究人员合作,..."}
{"museum": "浙江自然博物馆", "source": "http://news.sohu.com/20050331/n224960830.shtml", "title": "自然博物馆人体标本遭毁 头颅七零八碎掉落瓶底", "image": "", "poster": "搜狐网", "time": "2005年3月31日", "content": "本报讯(记者林靖)今天上午,记者在自然博物馆发现,大批人体标本因保管不善,已经腐烂发黑、抽水变干,约有30%的标本已经严重损坏,其中10%完全毁掉了。 “上中学时我来过,展厅里有180多件标本,可现在怎么就剩40多件了?”今天上午,自..."}
{"museum": "浙江自然博物馆", "source": "https://town.zjol.com.cn/czjsb/201812/t20181228_9105828.shtml", "title": "亚洲单体建筑最大de自然博物馆在安吉试开馆", "image": "https://dss0.bdstatic.com/6Ox1bjeh1BF3odCf/it/u=2215263490,3362623623&fm=217&app=92&size=f242,162&n=0&g=0n&f=PNG?s=E5E03A628507AB473BFC900B030080C3&sec=1620384605&t=3e8c96dce0c36ed0436179c72d3995e3", "poster": "浙江城镇网", "time": "2018年12月28日", "content": "今天上午,历时三年圆满落成的浙江自然博物馆安吉馆,终于在大家的翘首以盼中,揭开了自己的神秘面纱。 占地面积300亩、投资11亿元,这个目前亚洲单体建筑最大的自然博物馆,不仅配备有地质馆、生态馆、贝林馆、恐龙馆、自然艺术馆和海洋馆等6..."}
{"museum": "浙江自然博物馆", "source": "http://www.thepaper.cn/newsDetail_forward_1890726", "title": "亚洲单体建筑最大的自然博物馆落户安吉,明年将开门迎客", "image": "https://dss1.bdstatic.com/6OF1bjeh1BF3odCf/it/u=1912855223,103500735&fm=217&app=92&size=f242,162&n=0&g=0n&f=JPEG?s=99B47F9154CA6B475691CD5C030070B3&sec=1620384605&t=a8072db0b95c7c542220133ef9e21fe7", "poster": "澎湃新闻", "time": "2017年12月4日", "content": "坐落于杭州西湖文化广场的浙江自然博物馆,是很多小朋友周末休闲的好去处。到明年,浙江自然博物馆的升级版——浙江自然博物园将在安吉正式开门迎客,这也是我省首个落户杭州以外的省级公共文化设施。 "}
{"museum": "浙江自然博物馆", "source": "http://www.cntour2.com/viewnews/20080804/organ/20088417010759.htm", "title": "浙江自然博物馆天目山分馆正式开馆", "image": "", "poster": "旅新网", "time": "2008年8月4日", "content": "为了提升天目山保护区的整体形象,展现天目山设区50多年来生物多样性保护的丰硕成果,让更多的人了解自然保护和生物多样性保护,学到更多的科普知识。在浙江省自然博物馆的指导下,浙江天目山国家级自然保护区管理局投入巨资建立天目山的分馆..."}
{"museum": "浙江自然博物馆", "source": "https://zj.qq.com/a/20181207/006569.htm", "title": "跟着浙江自然博物馆的脚步追寻神话之鸟", "image": "https://dss1.bdstatic.com/6OF1bjeh1BF3odCf/it/u=91402663,3314517941&fm=217&app=92&size=f242,162&n=0&g=0n&f=JPEG?s=15A4DC14D530702F0B1514C20300E090&sec=1620384606&t=ea525bbb3f8e0d0afc42d447423ad1f8", "poster": "腾讯", "time": "2018年12月9日", "content": "2000年,“神话之鸟”中华凤头燕鸥进入人们的视线,成为当时的“明星物种”,其发现、寻找和回归屡屡成为自然保护领域的大事件。浙江自然博物馆鸟类学团队历时十六年,踏遍浙江三千多个岛屿,从调查到研究,从宣传到保护,逐渐揭开了中华凤头燕鸥..."}
{"museum": "浙江自然博物馆", "source": "https://www.sohu.com/a/276429935_142693", "title": "投资11亿元,亚洲单体建筑最大的自然博物馆——浙江自然博物院安吉...", "image": "https://dss1.bdstatic.com/6OF1bjeh1BF3odCf/it/u=2366331260,1378625426&fm=217&app=92&size=f242,162&n=0&g=0n&f=JPEG?s=D8B876D8114891470D5CAA09030070D6&sec=1620384606&t=f8856823ba57affd03fe51d87be9382a", "poster": "搜狐网", "time": "2018年11月19日", "content": "据悉,浙江自然博物馆安吉馆由世界著名建筑设计公司德国戴卫奇普菲尔德事务所主持设计,遵循“建筑长在山坡上”的整体设计,分散布局思路,基本保持了地块的真山真水原生态。 馆区精心打造节能、智能、智慧、服务四大系统,采用屋顶绿化、内墙保温..."}
{"museum": "浙江自然博物馆", "source": "http://news.eastday.com/m/20100413/u1a5144138.html", "title": "萧山围垦拍到黄头鹡鸰 这种鸟儿在浙江非常罕见", "image": "", "poster": "东方网", "time": "2010年4月13日", "content": "浙江自然博物馆的范忠勇说,这次拍到的确实是黄头鹡鸰,繁殖于中国北方及东北,冬季迁至华南沿海。它们一般生活于临水草地、溪边、湖岸、农田、路边等处。一般多见于中国西部。 “《浙江动物志》和《中国鸟类分类与分布名录》上,都找不到..."}
{"museum": "浙江自然博物馆", "source": "https://www.163.com/dy/article/G88HLIGB05520J54.html", "title": "距杭州1小时,这个宝藏旅游地介绍给你,我的安吉亲子游(一)", "image": "https://dss0.bdstatic.com/6Ox1bjeh1BF3odCf/it/u=1919517036,3933683259&fm=217&app=2&size=f242,162&n=0&g=0n&f=JPEG?s=DC29E35A1B648F7212F6F71C030040DF&sec=1620384606&t=3dfaf40ba2ab63c1cf34166f2122aeb3", "poster": "网易", "time": "4月23日", "content": "浙江自然博物馆安吉分馆 地址:安吉县梅园路1号 路线:公交131路经过博物院西站(梅园路),博物院站(主入口处)。 开放时间:周三至周日,周一、周二休馆(遇国定假日照常开放) 门票:1.刷身份证直接进馆 ..."}
{"museum": "浙江自然博物馆", "source": "https://xw.qq.com/cmsid/20210420A02X7300", "title": "松果公开课·报名丨城市鸟儿悲喜剧", "image": "", "poster": "腾讯网", "time": "4月20日", "content": "这周六,浙江图书馆“文澜讲坛”联合杭州日报科学松果会,在世界读书日期间,请来浙江自然博物馆馆长陈水华,给大家讲讲,城市中的那些鸟儿的故事。 陈水华 ■浙江自然博物馆馆长 ■鸟类生态学博士 陈水华,浙江自然博物馆馆长,鸟类生态学博士。"}
{"museum": "浙江自然博物馆", "source": "https://3g.163.com/dy/article/G86MO4980514A562.html", "title": "内蒙古自然博物馆举办4·22地球日系列活动", "image": "", "poster": "网易新闻", "time": "4月22日", "content": "为迎接第52个世界地球日,由内蒙古自治区自然资源厅主办,内蒙古自然博物馆承办的“珍爱地球 人与自然和谐共生”地球日主题活动于2021年4月22日在内蒙古自然博物馆举行。 此次活动以“珍爱地球 人与自然和谐共生”为主题,结合内蒙古自然资源..."}
{"museum": "浙江自然博物馆", "source": "https://baijiahao.baidu.com/s?id=1698089117451837270&wfr=spider&for=pc", "title": "自然馆开启新馆建设专题系列培训", "image": "https://dss0.baidu.com/6ONWsjip0QIZ8tyhnq/it/u=1714866259,141046875&fm=30&app=106&size=f242,162&n=0&g=0n&f=JPEG?s=A6206CA446013CE6F31980D30300C093&sec=1620384606&t=f9632d2ba8f4f37486cc5084357571d8", "poster": "北京市科学技术研究院", "time": "10天前", "content": "4月23日上午，北京自然博物馆开启了新馆建设专题系列培训活动。第一讲由浙江大学艺术与考古学院考古与文博系严建强教授主讲“怎样才能建造一个不辜负时代的博物馆展览”，为博物馆展览策划与内容设计进行培训。自然馆馆长孟庆金、党总支书记..."}
{"museum": "浙江自然博物馆", "source": "https://xw.qq.com/cmsid/20210428A0AZBP00", "title": "...这一大波展览快来了解一下|中国美术馆|北京自然博物馆|故宫|...", "image": "", "poster": "腾讯网", "time": "8天前", "content": "地址:北京自然博物馆 06 三百年来或在斯——陈之佛绘画艺术特展 图源:中国美术馆官网 06 陈之佛(1896-1962),原名绍本,又名子伟、杰,号雪翁,浙江省慈溪市人,是著名工笔画家,也是工艺美术的先驱、美术理论家和美术教育家。这次展览南..."}
{"museum": "浙江自然博物馆", "source": "https://www.163.com/dy/article/G8QFEQ110528OJO9.html", "title": "当入侵物种遇上盲盒,你猜猜会发生什么?", "image": "https://dss2.bdstatic.com/6Ot1bjeh1BF3odCf/it/u=608983399,2303804200&fm=217&app=2&size=f242,162&n=0&g=0n&f=JPEG?s=2536EC378DDA55C842F869CE0100C0B2&sec=1620384606&t=084a0c8176912268972de0902d3f75c8", "poster": "网易", "time": "6天前", "content": "杨红珍(北京自然博物馆研究馆员) 近几年,“盲盒”玩法风靡,有商家把主意打到了动物身上,开始在网上售卖“宠物活体盲盒”,要求不能退货且不可差评,将拆快递变成了“心跳挑战”。更有甚者,公然将外来入侵物种这些“生态杀手”装入盲盒售..."}
{"museum": "浙江自然博物馆", "source": "https://xw.qq.com/cmsid/20210415A03B0600", "title": "天津一座废弃矿坑成了网红景点?快来打卡!", "image": "https://dss2.bdstatic.com/6Ot1bjeh1BF3odCf/it/u=2342311324,450193669&fm=217&app=2&size=f242,162&n=0&g=0n&f=GIF?s=BEA2698170103BC67A95510B0300A090&sec=1620384606&t=cd0a12cf47919a8041c6ba2f04965d5f", "poster": "腾讯网", "time": "4月15日", "content": "该项目是借鉴世界级英国生态IP eden project成功经验,充分运用新能源技术创新,利用特殊地形地貌,将废弃矿坑变废为宝,打造以eden自然博物馆为核心的生态教育国际生活示范区。 点击播放 GIF 0.0M 目前,一期项目已经建成展示中心、品牌馆、..."}
{"museum": "浙江自然博物馆", "source": "http://m.thepaper.cn/newsDetail_forward_6334326?bdchannel=", "title": "长沙博物馆邀您参加“新型冠状病毒肺炎科普知识有奖竞答活动”", "image": "", "poster": "澎湃新闻", "content": "5.浙江自然博物院杭州馆科普书籍1本 6.江苏盐城丹顶鹤湿地生态旅游区门票1张 7.南京市红山森林动物园门票1张 8.中国北极阁气象博物馆纸模一份 9.杭州动物园门票1张 10.桃源里自然中心教育活动体验券1张 ..."}
{"museum": "浙江自然博物馆", "source": "https://www.sohu.com/a/213963701_267106", "title": "一周早知道|大批新规“show”出新年新气象!", "image": "https://dss1.bdstatic.com/6OF1bjeh1BF3odCf/it/u=813206032,876181399&fm=217&app=92&size=f242,162&n=0&g=0n&f=JPEG?s=DF91508B5A5276C41411CD460300E0B1&sec=1620384607&t=36b51f51b413be28db58e43c5a286e8d", "poster": "搜狐网", "time": "2018年1月1日", "content": "陕西自然博物馆将举行“纪念开馆十周年”系列活动,将于2018年1月5日至14日向公众免费开放10天,每天限量发放3000张入场券。 据陕西自然博物馆办公室宣传委员贾龙介绍,在2018年1月5日至14日免费开放期间,参观时间为每天9点-17点,全国各..."}
