{"museum": "上海鲁迅纪念馆", "source": "https://3g.163.com/dy/article/G9AP5S4P0528O93P.html", "title": "上海鲁迅纪念馆", "image": "", "poster": "网易新闻", "time": "4小时前", "content": "纪念馆位于鲁迅公园东南处。 展馆前的鲁迅雕像 馆前立有鲁迅雕像,宽衣长袍,正迎着凛冽的寒风,坚韧前行,不屈不挠的精神跃然。 一、二层展厅 馆内分上下两层,一层建有“树人堂”、“朝华文库”、“奔流艺苑”等厅堂,二层展厅介绍鲁..."}
{"museum": "上海鲁迅纪念馆", "source": "https://www.163.com/dy/article/G90B7HR70537FLBQ.html", "title": "全国叫鲁迅公园的有好几处,上海的鲁迅公园最有名,红了一百多年", "image": "https://dss1.bdstatic.com/6OF1bjeh1BF3odCf/it/u=867109602,2769881926&fm=217&app=2&size=f242,162&n=0&g=0n&f=JPEG?s=D50A2FF148163ECA129913080300F0D4&sec=1620384594&t=2e64217f99ba323ba5c96e5e90b96f3b", "poster": "网易", "time": "4天前", "content": "比如说:许广平专库,李霁野专库等等,我在绍兴的鲁迅博物馆看到,展出的文物比这些还要珍贵,也没有看到铁将军把门的现像,所以上海鲁迅纪念馆的做法匪夷所思。[what][what] 鲁迅夫人许广平专库 透过玻璃看到的许广平的实物 鲁迅的学生..."}
{"museum": "上海鲁迅纪念馆", "source": "http://www.thepaper.cn/newsDetail_forward_12475614", "title": "【党史学习教育】追寻鲁迅足迹,坚定理想信念", "image": "https://dss1.bdstatic.com/6OF1bjeh1BF3odCf/it/u=1640537608,326212209&fm=217&app=2&size=f242,162&n=0&g=0n&f=GIF?s=66F5A8762884EB1753BEBBFC0200902D&sec=1620384594&t=e6c70aa88513fc96981d2035d5579f21", "poster": "澎湃新闻", "time": "6天前", "content": "为进一步扎实开展党史学习教育,纪念五四运动102周年,引导党员职工继承和发扬五四精神。4月29日下午,区社会体育管理中心党支部全体党员及职工前往上海鲁迅纪念馆参观学习,开展以“学党史,强信念,跟党走”为主题的党史学习教育活动。 "}
{"museum": "上海鲁迅纪念馆", "source": "https://3g.163.com/dy/article/G8TGV1F30514R9P4.html", "title": "“全国革命文物百佳讲述人”互动平台上线,上海5位讲述人入选", "image": "", "poster": "网易新闻", "time": "5天前", "content": "为上海这5位“讲述人”点赞 据介绍,活动旨在通过讲述馆藏革命文物、革命旧址、遗址等,串联、辅助讲述与其相关的人物、历史故事,生动展现中国共产党带领全国各族人民进行革命、建设和改革的光辉历程,教育引导广大党员干部、人民群众牢记党的..."}
{"museum": "上海鲁迅纪念馆", "source": "https://baijiahao.baidu.com/s?id=1688464913485501056&wfr=spider&for=pc", "title": "上海鲁迅纪念馆迎来建馆70周年", "image": "https://dss1.baidu.com/6ONXsjip0QIZ8tyhnq/it/u=1586291407,210993123&fm=173&app=49&size=f242,162&n=0&g=0n&f=JPEG?s=D13B13D76CC75EDA4EA4DD720300F013&sec=1620384594&t=4c8e23544a649fed8c6c5949f7ecf8f1", "poster": "新华社新媒体", "time": "1月10日", "content": "2021年是鲁迅先生诞辰140周年，同时也是上海鲁迅纪念馆建馆70周年。纪念馆近日举行仪式，在缅怀鲁迅先生的同时，展示了近年来围绕鲁迅文化的传承推出的一系列创新成果。上海鲁迅纪念馆大门。新华社记者 王婧媛 摄 上海鲁迅纪念馆于1951年起对..."}
{"museum": "上海鲁迅纪念馆", "source": "https://baijiahao.baidu.com/s?id=1688214529169586081&wfr=spider&for=pc", "title": "上海鲁迅纪念馆建馆70周年了", "image": "https://dss1.baidu.com/6ONXsjip0QIZ8tyhnq/it/u=865063261,1607419118&fm=173&app=49&size=f242,162&n=0&g=0n&f=JPEG?s=1ECE9B561E9B2FCC609A4BEE0300801E&sec=1620384594&t=6f981504ea762eec95794809adbd02dc", "poster": "澎湃在线", "time": "1月7日", "content": ""}
{"museum": "上海鲁迅纪念馆", "source": "http://www.thepaper.cn/newsDetail_forward_10688784", "title": "上海鲁迅纪念馆建馆70周年了", "image": "https://dss1.bdstatic.com/6OF1bjeh1BF3odCf/it/u=2938890465,2666603475&fm=217&app=92&size=f242,162&n=0&g=0n&f=JPEG?s=E6701CC7DE556FEF8723C77003001059&sec=1620384594&t=98a26e9c1daf6daf63ae245829d1bcc6", "poster": "澎湃新闻", "time": "1月7日", "content": "上海鲁迅纪念馆 迎来建馆70周年 上海鲁迅纪念馆是新中国成立后第一家人物类纪念馆,全国爱国主义教育基地、国家一级博物馆,同时管理全国重点文物保护单位“鲁迅墓”和上海市文物保护单位“鲁迅故居”。 "}
{"museum": "上海鲁迅纪念馆", "source": "https://baijiahao.baidu.com/s?id=1686767050388233155&wfr=spider&for=pc", "title": "对话|上海鲁迅纪念馆馆长:在鲁迅研究中,用文物“说话”", "image": "https://dss2.bdstatic.com/6Ot1bjeh1BF3odCf/it/u=730480355,592040052&fm=173&app=49&size=f242,162&n=0&g=0n&f=JPEG?s=D533027187F3FC6F449950CA0100E0B1&sec=1620384594&t=d3af4505ea3ebfd4bd16acb0cfaa4424", "poster": "澎湃新闻", "time": "2020年12月22日", "content": "“耕耘•收获——上海鲁迅纪念馆建馆70周年纪念展”近日在上海鲁迅纪念馆“奔流艺苑”对外展出，这是上海鲁迅纪念馆的第七十年，展览呈现了关于建筑的建造、搬迁、扩建，也记录了社会各方面对鲁迅纪念馆的支持与付出。上海鲁迅纪念馆馆长..."}
{"museum": "上海鲁迅纪念馆", "source": "https://baijiahao.baidu.com/s?id=1686272371505758420&wfr=spider&for=pc", "title": "“耕耘·收获——上海鲁迅纪念馆建馆70周年纪念展”在鲁迅纪念馆...", "image": "https://dss1.bdstatic.com/6OF1bjeh1BF3odCf/it/u=1427974566,2576164087&fm=173&app=49&size=f242,162&n=0&g=0n&f=JPEG?s=491B13D752AF290F7A89C8730300A053&sec=1620384594&t=556b64e149e82a27cb48692fc6114d35", "poster": "澎湃在线", "time": "2020年12月17日", "content": "经历了七十年的奋斗和发展，上海鲁迅纪念馆现有馆藏文物8万余件（套）；累积出版学术研究成果138种；年均举办展览16个；年均举办专家讲座、名家诵读、版画拓印等教育活动近百场；年均接待观众及游客近90万人次。时光荏苒，上海鲁迅纪念馆..."}
{"museum": "上海鲁迅纪念馆", "source": "https://baijiahao.baidu.com/s?id=1688662446303044153&wfr=spider&for=pc", "title": "上海鲁迅纪念馆举行建馆70周年纪念活动", "image": "", "poster": "潇湘晨报", "time": "1月12日", "content": "(记者 孙洁静)1月7日,上海鲁迅纪念馆建馆70周年纪念活动在该馆“树人堂”报告厅举行。上海市文化和旅游局、上海市文物局副局长褚晓波,上海市作协专职副主席、秘书长马文运,虹口区委常委、宣传部长吴强,鲁迅文化基金会会长周令飞等出席..."}
{"museum": "上海鲁迅纪念馆", "source": "https://baijiahao.baidu.com/s?id=1688238290648707712&wfr=spider&for=pc", "title": "“七十年间人换尽,鲁翁依旧坐春风”,上海鲁迅纪念馆迎来70周年馆庆", "image": "", "poster": "新民晚报", "time": "1月7日", "content": "为庆祝建馆70周年，上海鲁迅纪念馆从今天起集中奉上了一系列精彩纷呈的文化活动。精品展览、版画拓印、“寄心语 留感言”活动、研诵小课堂等，共同构成一代代人在这里辛勤耕耘、砥砺奋进70年的重温与回顾。图说：鲁迅纪念馆70周年馆庆..."}
{"museum": "上海鲁迅纪念馆", "source": "https://baijiahao.baidu.com/s?id=1686205899402876864&wfr=spider&for=pc", "title": "“上海鲁迅纪念馆建馆70周年纪念展”开展", "image": "https://dss1.bdstatic.com/6OF1bjeh1BF3odCf/it/u=4068150159,2210701081&fm=173&app=49&size=f242,162&n=0&g=0n&f=JPEG?s=F60991474460050D4FA96CEA03009010&sec=1620384594&t=3c6759383e80f7e3679e893f42a747f4", "poster": "上观新闻", "time": "2020年12月16日", "content": "自12月15日起，由上海鲁迅纪念馆主办的“耕耘•收获——上海鲁迅纪念馆建馆70周年纪念展”在该馆“奔流艺苑”对外展出。展期将持续至2021年1月17日。本次展出以上海鲁迅纪念馆1951年建馆、1956年迁馆、1999年改扩建等重要历史节点为..."}
{"museum": "上海鲁迅纪念馆", "source": "https://baijiahao.baidu.com/s?id=1686473846227381986&wfr=spider&for=pc", "title": "上海鲁迅纪念馆里的三面墙,都是研究鲁迅的书", "image": "https://dss1.bdstatic.com/6OF1bjeh1BF3odCf/it/u=2146415274,2853778152&fm=173&app=49&size=f242,162&n=0&g=0n&f=JPEG?s=A98B855D0593CDCA4AB9E1690300C03B&sec=1620384594&t=07292f24d80face49eb059980bb34bf7", "poster": "悟空看天下", "time": "2020年12月19日", "content": "纪念馆一角 墙上排放着研究鲁迅和其作品的书 各国研究鲁迅的书都有 纪念馆里，有鲁迅小说集《彷徨》《呐喊》初本 《新青年》，鲁迅发表第一篇小说《狂人日记》的杂志 鲁迅文章《我们现在怎样做父亲？》，至今仍振聋发聩 ..."}
{"museum": "上海鲁迅纪念馆", "source": "http://sh.people.com.cn/n2/2020/1022/c134768-34367577.html", "title": "年度特展 | 愿有英俊出中国——上海鲁迅纪念馆藏美术品展", "image": "https://dss0.bdstatic.com/6Ox1bjeh1BF3odCf/it/u=2898813687,1396861757&fm=217&app=92&size=f242,162&n=0&g=0n&f=JPEG?s=9A9225CD8A7EDADE8A2A21A70300700A&sec=1620384594&t=2be7e0536e595e506f4021551f438019", "poster": "人民网", "time": "2020年10月22日", "content": "为更好地展现鲁迅与青年间亦师亦友的关系,呈现上海鲁迅纪念馆藏美术品中的“红色文化、海派文化、江南文化”基因,2020年7月25日,上海鲁迅纪念馆推出了年度原创特展“愿有英俊出中国——上海鲁迅纪念馆藏美术品展”,展期至10月25日。"}
{"museum": "上海鲁迅纪念馆", "source": "http://www.thepaper.cn/newsDetail_forward_8934847", "title": "“五四·丁玲”展在上海鲁迅纪念馆开幕", "image": "https://dss0.bdstatic.com/6Ox1bjeh1BF3odCf/it/u=4283584808,2304362185&fm=217&app=92&size=f242,162&n=0&g=0n&f=JPEG?s=B9899D5F1AB0428EC93CE5760300C063&sec=1620384594&t=52f79cf5effbbe8c41abe3c4530dbcb7", "poster": "澎湃新闻", "time": "2020年8月26日", "content": "8月20日,由上海鲁迅纪念馆与常德市丁玲纪念馆共同举办的“五四·丁玲”展在上海鲁迅纪念馆开幕,展期至10月11日。 展览通过“母亲潜移默化的影响”“‘五四’运动后的觉醒”“在黑暗中寻求光明”“左翼文艺的开拓者”“不忘初心的共产..."}
{"museum": "上海鲁迅纪念馆", "source": "http://www.thepaper.cn/newsDetail_forward_8876063", "title": "上海鲁迅纪念馆举办丁玲展,以文献呈现丁玲与五四运动", "image": "https://dss1.bdstatic.com/6OF1bjeh1BF3odCf/it/u=1819870042,3020204476&fm=217&app=92&size=f242,162&n=0&g=0n&f=JPEG?s=99324F9548124AD6CBB1847703005063&sec=1620384594&t=8971539c34751cc0aacc850dc3a0e258", "poster": "澎湃新闻", "time": "2020年8月25日", "content": "8月20日,由上海鲁迅纪念馆与常德市丁玲纪念馆共同举办的“五四·丁玲”展在上海鲁迅纪念馆开幕。展览通过“母亲潜移默化的影响”“‘五四’运动后的觉醒”“在黑暗中寻求光明”“左翼文艺的开拓者”等单元,使用160 张历史人物、重要手..."}
{"museum": "上海鲁迅纪念馆", "source": "https://baijiahao.baidu.com/s?id=1675688924732599312&wfr=spider&for=pc", "title": "“鲁迅先生是看不尽的画”,上海鲁迅纪念馆展馆藏美术品", "image": "https://dss2.bdstatic.com/6Ot1bjeh1BF3odCf/it/u=3381639902,1255910073&fm=173&app=49&size=f242,162&n=0&g=0n&f=JPEG?s=D2F6AA645E601413C998E4920100C0C3&sec=1620384594&t=9957d239637b1b15c710ff84227d4a30", "poster": "澎湃新闻", "time": "2020年8月22日", "content": "“鲁迅先生是一本读不完的书，看不尽的画。通过这些美术作品，可以发现鲁迅是丰富而多元的人，有着非常深厚的精神世界来供现代的艺术家去探索。”上海鲁迅纪念馆相关负责人说。澎湃新闻获悉，8月21日，展览“愿有英俊出中国——上海..."}
{"museum": "上海鲁迅纪念馆", "source": "https://baijiahao.baidu.com/s?id=1675802163141864431&wfr=spider&for=pc", "title": "上海鲁迅纪念馆藏美术品展亮相申城 跟着展品探寻文豪与青年的关系", "image": "https://dss2.bdstatic.com/6Ot1bjeh1BF3odCf/it/u=2952192656,2194318688&fm=173&app=49&size=f242,162&n=0&g=0n&f=JPEG?s=0E978449860261475D8C506B0300E090&sec=1620384594&t=0f4b7c13b23c4eeaa9091f920403e5a3", "poster": "潇湘晨报", "time": "2020年8月23日", "content": "图说：“愿有英俊出中国——上海鲁迅纪念馆藏美术品展”现场 网络图 下同 “鲁迅先生是一本读不完的书，一幅看不尽的画。通过这些美术作品，可以发现鲁迅是丰富而多元的人，有着非常深厚的精神世界。”正在上海鲁迅纪念馆进行的“愿..."}
{"museum": "上海鲁迅纪念馆", "source": "http://www.sh.xinhuanet.com/2020-08/25/c_139315807.htm", "title": "上海鲁迅纪念馆年度特展 重温鲁迅与青年故事", "image": "https://dss1.bdstatic.com/6OF1bjeh1BF3odCf/it/u=32731874,1160360978&fm=217&app=92&size=f242,162&n=0&g=0n&f=JPEG?s=EEF1E05E4F424C4B08D9EC4F03001072&sec=1620384594&t=15aec0a25376d432f3b7d3e8b3167686", "poster": "新华网上海频道", "time": "2020年8月25日", "content": "年度特展“愿有英俊出中国——上海鲁迅纪念馆藏美术品展”正在展出。上海鲁迅纪念馆馆长郑亚说:“鲁迅先生是一本读不完的书,一幅看不尽的画。”近日,记者走入展厅,尽管是个工作日的下午,但参观者不断,有年轻人、孩子,也有白发苍苍..."}
{"museum": "上海鲁迅纪念馆", "source": "https://baijiahao.baidu.com/s?id=1671718737845436943&wfr=spider&for=pc", "title": "想成为志愿者吗?上海鲁迅纪念馆开始招募啦!条件是→", "image": "https://dss0.bdstatic.com/6Ox1bjeh1BF3odCf/it/u=4137763114,1240667653&fm=173&app=49&size=f242,162&n=0&g=0n&f=JPEG?s=A9D80FD0AF31778ED258D5C9030040B3&sec=1620384594&t=1d64e3c35b26928c81cf94bd8c52870c", "poster": "上海虹口shhk", "time": "2020年7月9日", "content": "为进一步发挥上海鲁迅纪念馆公众教育职能，加强鲁迅文化的普及与传播，增强与观众之间的互动交流，上海鲁迅纪念馆现面向社会公开招募志愿者。如果您热爱博物馆公益事业，并愿意奉献您的智慧和时间，热诚欢迎您加入到上海鲁迅纪念馆志愿者大家庭..."}
{"museum": "上海鲁迅纪念馆", "source": "https://baijiahao.baidu.com/s?id=1669529209710633111&wfr=spider&for=pc", "title": "上海鲁迅纪念馆精品版画亮相常德", "image": "", "poster": "尚一网", "time": "2020年6月15日", "content": "尚一网讯（记者 徐志雄 通讯员 林莉）6月12日，由常德市丁玲纪念馆和上海鲁迅纪念馆共同策划举办的“枝叶扶疏成木成林”上海鲁迅纪念馆馆藏版画精品展正式开展，展览撷选了中国新兴版画家代表们的现实主义精品版画100余幅，开展当日便..."}
{"museum": "上海鲁迅纪念馆", "source": "https://www.sohu.com/a/400545629_682751", "title": "事业编制!上海鲁迅纪念馆招聘专技岗", "image": "", "poster": "搜狐网", "time": "2020年6月8日", "content": "上海鲁迅纪念馆隶属于上海市文化和旅游局,系公益性的事业单位,全国爱国主义教育示范基地、国家一级博物馆,是对外文化交流窗口。...为进一步深化干部人事制度改革,拓宽选人用人视野,根据《上海市事业单位公开招聘人员办法》(沪人社规〔2019..."}
{"museum": "上海鲁迅纪念馆", "source": "https://baijiahao.baidu.com/s?id=1668933131093397312&wfr=spider&for=pc", "title": "有编!上海鲁迅纪念馆公开招聘工作人员,报名通道已开启", "image": "https://dss2.bdstatic.com/6Ot1bjeh1BF3odCf/it/u=191794592,1894497911&fm=173&app=49&size=f242,162&n=0&g=0n&f=JPEG?s=B5B0CD336F7B578E50E148D5030080B3&sec=1620384595&t=0a29d6f91917a285839daf47aa469d05", "poster": "上海虹口shhk", "time": "2020年6月8日", "content": "上海鲁迅纪念馆隶属于上海市文化和旅游局,系公益性的事业单位,全国爱国主义教育示范基地、国家一级博物馆,是对外文化交流窗口。上海鲁迅纪念馆是新中国成立后国内第一个人物类纪念馆,建于1951年,馆址在鲁迅公园内,负责保护和管理全国重点..."}
{"museum": "上海鲁迅纪念馆", "source": "https://baijiahao.baidu.com/s?id=1680128489488864733&wfr=spider&for=pc", "title": "上海鲁迅故居这天暂停开放,请注意!", "image": "https://dss2.bdstatic.com/6Ot1bjeh1BF3odCf/it/u=4259795132,2911030873&fm=173&app=49&size=f242,162&n=0&g=0n&f=JPEG?s=B5B1799548763B9E959D98870300A060&sec=1620384595&t=78a36637d18d174f2522581effc63a5a", "poster": "上海虹口shhk", "time": "2020年10月10日", "content": "尊敬的各位观众、市民朋友:为配合专项工作需要,上海鲁迅故居拟于2020年10月16日(周五)暂停开放一天。不便之处,敬请谅解。您可扫描下方二维码进行故居云游览感谢您的理解、支持和配合。上海鲁迅纪念馆2020年10月9日资料:上海鲁迅纪念馆..."}
{"museum": "上海鲁迅纪念馆", "source": "https://baijiahao.baidu.com/s?id=1695605954181471368&wfr=spider&for=pc", "title": "【党史学习教育】参观鲁迅纪念馆有感", "image": "https://dss1.baidu.com/6ONXsjip0QIZ8tyhnq/it/u=4091260712,138963403&fm=30&app=106&size=f242,162&n=0&g=0n&f=JPEG?s=FAC6BE4497D4566D878414F20300D092&sec=1620384595&t=bbb0d9e77047ed5e600dd94ae78c40e6", "poster": "澎湃在线", "time": "3月29日", "content": ""}
{"museum": "上海鲁迅纪念馆", "source": "http://www.shanghai.gov.cn/nw15343/20210129/740bca4a73dd4a218fcd44107d1aa1c0.html", "title": "刘岘木刻艺术展在鲁迅纪念馆开展", "image": "https://dss0.bdstatic.com/6Ox1bjeh1BF3odCf/it/u=606733240,235308278&fm=217&app=92&size=f242,162&n=0&g=0n&f=JPEG?s=D48229F74AB0079ADE81757603005068&sec=1620384595&t=536e3a9286bf450d2786500e6af56954", "poster": "上海市人民政府", "time": "1月29日", "content": "今年是鲁迅先生倡导发起的新兴木刻运动90周年。自1月23日起,由北京鲁迅博物馆(北京新文化运动纪念馆)与上海鲁迅纪念馆联合主办的“我爱艺术胜过生命”——刘岘木刻艺术展在上海鲁迅纪念馆对外展出。 本次展览精选北京鲁迅博物馆(北京新文..."}
{"museum": "上海鲁迅纪念馆", "source": "https://baijiahao.baidu.com/s?id=1677142665644902719&wfr=spider&for=pc", "title": "“愿有英俊出中国——馆藏美术品展”在虹口鲁迅纪念馆展出", "image": "", "poster": "潇湘晨报", "time": "2020年9月7日", "content": "本次展览精选了55件(组)馆藏美术品和17件(组)文物及复制品进行展出,以鲁迅培育青年走上革命、文学、艺术之路为切入点,讲述了鲁迅与青年的故事,体现了鲁迅的文艺思想始终引领着新文艺的方向并影响着中国美术的发展。上海鲁迅纪念馆负责..."}
{"museum": "上海鲁迅纪念馆", "source": "http://www.thepaper.cn/newsDetail_forward_8963939", "title": "鲁迅纪念馆这三天闭馆,请注意!", "image": "https://dss0.bdstatic.com/6Ox1bjeh1BF3odCf/it/u=2595232051,431320925&fm=217&app=92&size=f242,162&n=0&g=0n&f=JPEG?s=22829849CE133A47342C5C230100E0C0&sec=1620384595&t=302088180c9617dcb7ced4c1c2b16307", "poster": "澎湃新闻", "time": "2020年8月31日", "content": "因馆内设施设备改造,我馆拟于2020年9月5日(周六)、6日(周日)、7日(周一)闭馆三天。不便之处,敬请谅解。 感谢您的理解、支持和配合。 上海鲁迅纪念馆 2020年8月28日 上海鲁迅纪念馆 "}
{"museum": "上海鲁迅纪念馆", "source": "https://dy.163.com/article/FQ4C29K105411AP6.html", "title": "鲁迅文化创意产品亮相合肥文博会", "image": "https://dss1.bdstatic.com/6OF1bjeh1BF3odCf/it/u=1962826597,3825761601&fm=217&app=92&size=f242,162&n=0&g=0n&f=JPEG?s=D8BBA357565A57CA52B598D10300A0B1&sec=1620384595&t=822703141b713f5007461e7253bc9430", "poster": "网易订阅", "time": "2020年10月29日", "content": "北京鲁迅博物馆召集绍兴鲁迅纪念馆、南京鲁迅纪念馆、厦门鲁迅纪念馆、广州鲁迅纪念馆和上海鲁迅纪念馆联合进行参展。全国六家鲁迅馆的联合展示将鲁迅的足迹串联起来,不仅让鲁迅的人生地图更加完整,也是对鲁迅文化资源的汇聚和提升。各馆尽其..."}
{"museum": "上海鲁迅纪念馆", "source": "https://baijiahao.baidu.com/s?id=1688867890707485829&wfr=spider&for=pc", "title": "行走:鲁迅纪念馆", "image": "https://dss2.baidu.com/6ONYsjip0QIZ8tyhnq/it/u=2713057025,1092293991&fm=173&app=49&size=f242,162&n=0&g=0n&f=JPEG?s=9158237F24725433548074680300E070&sec=1620384595&t=bc5b28a6fd51fdc1fda8a9c56f9adba2", "poster": "流叶君", "time": "1月14日", "content": "世上本没有路，走的人多了，也便成了路。走自己的路，让别人说去吧！……无论是哪一句，每个初中生及以上的学生都能脱口而出两三句吧！我们从小就开始学他的文章，直到高中，大学。这次我们就走进鲁迅的纪念馆。他生活在上海，..."}
{"museum": "上海鲁迅纪念馆", "source": "https://baijiahao.baidu.com/s?id=1688160382379286300&wfr=spider&for=pc", "title": "明天,上海鲁迅纪念馆建馆70周年!", "image": "", "poster": "东方网红色之声", "time": "1月7日", "content": "茅盾先生珍贵的预言如今实现了：在沈阳有了鲁迅美术学院；在大连、青岛等城市有了鲁迅公园；在北京有了鲁迅故居；在上海，“大陆新村”的9号和10号，也被保护起来，成了“鲁迅纪念馆”的一部分。1951年1月7日，上海鲁迅纪念馆建成并..."}
{"museum": "上海鲁迅纪念馆", "source": "https://dy.163.com/article/G0PQT20P0534LSC5.html", "title": "上海博物馆中的“流量担当”名单出炉!快跟着来打卡呀", "image": "https://dss2.bdstatic.com/6Ot1bjeh1BF3odCf/it/u=2112205362,511196067&fm=217&app=92&size=f242,162&n=0&g=0n&f=JPEG?s=E1E60FF1449073C846BD25460300C0F3&sec=1620384595&t=5a61a1ac3f8baeb104e466a1eece98da", "poster": "网易订阅", "time": "1月20日", "content": "上海鲁迅纪念馆 在虹口区鲁迅公园的东南边,坐落着上海鲁迅纪念馆,馆舍是一座造型朴实、雅致的两层庭院式建筑,给人的印象就是青瓦白墙,简单而宁静。 在这里,可以参观到鲁迅先生的手稿,以及生前的衣物、生活用品、书信、照片与藏书等珍贵..."}
{"museum": "上海鲁迅纪念馆", "source": "https://www.163.com/dy/article/FVDF2T0V0514CCT2.html", "title": "抽个时间去逛逛!上海这些展览值得一看", "image": "https://dss2.bdstatic.com/6Ot1bjeh1BF3odCf/it/u=2154607290,3033363508&fm=217&app=92&size=f242,162&n=0&g=0n&f=JPEG?s=30BA5897CE165CDC0EB968FB0300101D&sec=1620384595&t=5e6d3e3b8bc2a0f0317041da6f1b55a7", "poster": "网易", "time": "1月3日", "content": "开放时间:周二至周日9:30-16:00(15:30停止入馆)。 门票:成人30元/人,学生及老师15元/人,60至69周岁老人10元/人 预约参观方式:沪游码 耕耘•收获——上海鲁迅纪念馆建馆70周年纪念展 ..."}
{"museum": "上海鲁迅纪念馆", "source": "http://www.thepaper.cn/newsDetail_forward_4536629", "title": "错过可惜!上海鲁迅纪念馆为你准备了超多精彩活动", "image": "https://dss1.bdstatic.com/6OF1bjeh1BF3odCf/it/u=53833097,2425511917&fm=217&app=92&size=f242,162&n=0&g=0n&f=JPEG?s=7A330FC38668650D1B9018F203001010&sec=1620384595&t=109b60521b1384bd7d74cc3f00b8c0ec", "poster": "澎湃新闻", "time": "2019年9月25日", "content": "为庆祝新中国成立70周年,同时纪念鲁迅先生诞辰138周年、逝世83周年,上海鲁迅纪念馆聚焦2019年9月25日至10月26日作为“民族魂、爱国心——鲁迅月”,希望通过多层次多角度的文化活动,进一步发掘鲁迅精神的现实意义和当代价值,弘扬爱国精神,..."}
{"museum": "上海鲁迅纪念馆", "source": "https://www.chinanews.com/gn/2019/07-19/8901201.shtml", "title": "“陈云读书生活”展亮相上海鲁迅纪念馆", "image": "https://dss2.bdstatic.com/6Ot1bjeh1BF3odCf/it/u=4193820962,893620100&fm=217&app=92&size=f242,162&n=0&g=0n&f=JPEG?s=8B1311CFD6100BCE62AD3C210300A051&sec=1620384595&t=a45ce242f9153c3bb3e50af899a0ae06", "poster": "中国新闻网", "time": "2019年7月19日", "content": "7月19日,“陈云读书生活”展在上海鲁迅纪念馆拉开帷幕。上海鲁迅纪念馆 供图 中新网上海7月19日电 (王笈)由上海鲁迅纪念馆与陈云纪念馆共同举办的“陈云读书生活”展19日在上海鲁迅纪念馆拉开帷幕,以64块图文展板及65件(套)文献..."}
{"museum": "上海鲁迅纪念馆", "source": "https://baijiahao.baidu.com/s?id=1627601218623498075&wfr=spider&for=pc", "title": "“海南黎族织锦·服饰精品”展亮相上海鲁迅纪念馆", "image": "https://dss0.bdstatic.com/6Ox1bjeh1BF3odCf/it/u=763802398,1274450887&fm=173&app=49&size=f242,162&n=0&g=0n&f=JPEG?s=E628BE4755220B1B7B15CC2D0300C04B&sec=1620384595&t=f06dddf887d5ae6ef170b5ae11beef2a", "poster": "中国新闻网", "time": "2019年3月10日", "content": "“五彩霓裳·民族瑰宝——海南黎族织锦·服饰精品”展。 上海鲁迅纪念馆 供图 摄中新网上海3月10日电 (王笈)由海南保亭黎族苗族自治县民族博物馆与上海鲁迅纪念馆联合举办的“五彩霓裳·民族瑰宝——海南黎族织锦·服饰精品”展9日起..."}
{"museum": "上海鲁迅纪念馆", "source": "https://baijiahao.baidu.com/s?id=1640489182674494896&wfr=spider&for=pc", "title": "上海鲁迅纪念馆中,鲁迅石膏遗容上面粘的22根毛发,是真的吗?", "image": "https://dss0.bdstatic.com/6Ox1bjeh1BF3odCf/it/u=1736160355,3376573847&fm=173&app=49&size=f242,162&n=0&g=0n&f=JPEG?s=1AABEB0546353B946AA9399C0300D000&sec=1620384595&t=c19006d6da0f439933b3d869d49a3aeb", "poster": "历史爱我", "time": "2019年7月30日", "content": "鲁迅先生除了文学上的造诣,他的书法也被世人称赞,但是这样一位伟人仅年过半百就去世了,五十五岁在上海逝世,后人为了纪念他在上海修建了鲁迅纪念馆,并且在纪念馆内一直有一具石膏遗容,被珍藏至今,甚至还被列入一级文物中。不过在这具..."}
{"museum": "上海鲁迅纪念馆", "source": "https://baijiahao.baidu.com/s?id=1607396627325159757&wfr=spider&for=pc", "title": "鲁迅纪念馆研究馆员:有一定经历静下来读鲁迅,定会有所感悟", "image": "https://dss0.bdstatic.com/6Ox1bjeh1BF3odCf/it/u=2970476896,3597119622&fm=173&app=25&size=f242,162&n=0&g=0n&f=JPEG?s=C9301DD200630AAE7685692003003040&sec=1620384595&t=1df4c670423f55fbbae0e2e3c88015b2", "poster": "澎湃新闻", "time": "2018年7月30日", "content": "7月29日,上海鲁迅纪念馆研究馆员李浩作为主讲嘉宾做客“上海·故事”读书会,该活动同时也是《上海鲁迅研究:鲁迅与上海》的新书推广会。《上海鲁迅研究》是上海鲁迅纪念馆负责编辑的季刊,每年共推出四辑,每一辑的专栏各不相同。本辑设置..."}
{"museum": "上海鲁迅纪念馆", "source": "https://baijiahao.baidu.com/s?id=1600675864029923361&wfr=spider&for=pc", "title": "“鲁迅生命的瞬间”展亮相上海鲁迅纪念馆", "image": "https://dss0.bdstatic.com/6Ox1bjeh1BF3odCf/it/u=560664019,1364244826&fm=173&app=25&size=f242,162&n=0&g=0n&f=JPEG?s=EE26CC4BEB3B20057C4015080300E0D3&sec=1620384595&t=727c72bffa04e7c443739c07fd5172d9", "poster": "光明网", "time": "2018年5月17日", "content": "5月16日,“‘俯首·横眉’——鲁迅生命的瞬间”展在上海鲁迅纪念馆“奔流艺苑”开幕。 王笈 摄由北京鲁迅博物馆(北京新文化运动纪念馆)与上海鲁迅纪念馆联合举办的“‘俯首·横眉’——鲁迅生命的瞬间”展16日在上海鲁迅纪念馆“奔流..."}
{"museum": "上海鲁迅纪念馆", "source": "https://baijiahao.baidu.com/s?id=1641019135250412890&wfr=spider&for=pc", "title": "博物视野里的鲁迅", "image": "https://dss2.bdstatic.com/6Ot1bjeh1BF3odCf/it/u=1082687801,790118114&fm=173&app=49&size=f242,162&n=0&g=0n&f=JPEG?s=180A8C5D1E24653E180A6FE80300E01D&sec=1620384595&t=b2997eed9fed2269678ff329b3edc261", "poster": "孔夫子旧书网", "time": "2019年8月5日", "content": "《博物视野里的鲁迅》顾音海 著内容简介《博物视野里的鲁迅》(“上海鲁迅纪念馆奔流丛书”之一)是上海鲁迅纪念馆顾音海研究馆员的学术随笔集,涉及鲁迅和同时代文化人事迹、事业、生活等多方面内容。全书23篇文章近20万字,主要从鲁迅纪念..."}
{"museum": "上海鲁迅纪念馆", "source": "http://www.sh.chinanews.com/wenhua/2019-05-18/56813.shtml", "title": "上海鲁迅纪念馆举行“‘不能忘却的纪念’鲁迅作品诵读”", "image": "https://dss0.bdstatic.com/6Ox1bjeh1BF3odCf/it/u=3632786522,212739604&fm=217&app=92&size=f242,162&n=0&g=0n&f=JPEG?s=B5541BCB5466351FDA25111E030050D0&sec=1620384596&t=5c06fbbdabfb9bc12f126df2ee7998ae", "poster": "上海新闻网", "time": "2019年5月18日", "content": "中新网上海新闻5月18日电 (王笈)“寄意寒星荃不察,我以我血荐轩辕”“血沃中原肥劲草,寒凝大地发春华”……由上海鲁迅纪念馆主办、上海领声文化传播有限公司承办的“5·18国际博物馆日系列活动——‘不能忘却的纪念’鲁迅作品诵读..."}
{"museum": "上海鲁迅纪念馆", "source": "https://www.sohu.com/a/305682429_556535", "title": "这位吴江人全程参与上海鲁迅纪念馆的筹建!", "image": "https://dss0.bdstatic.com/6Ox1bjeh1BF3odCf/it/u=1117374806,4269519296&fm=217&app=92&size=f242,162&n=0&g=0n&f=JPEG?s=3682D5056663730F56B158C10300D0B6&sec=1620384596&t=c5c11a25909f9e670edec6afd7ac5dff", "poster": "搜狐网", "time": "2019年4月3日", "content": "上海鲁迅纪念馆是新中国成立后政府最早建立的人物纪念馆。1951年1月8日,上海鲁迅纪念馆在山阴路大陆新村正式开馆,周恩来总理为上海鲁迅纪念馆亲笔题写馆名。从1950年6月开始筹备到1951年1月开馆,有一位吴江人全程参与了纪念馆的筹建,他..."}
{"museum": "上海鲁迅纪念馆", "source": "https://www.sohu.com/a/297842558_525962", "title": "【有灵魂的艺术】“茂林嘉卉”—上海鲁迅纪念馆馆藏版画精品展...", "image": "https://dss0.bdstatic.com/6Ox1bjeh1BF3odCf/it/u=2805155761,1714001735&fm=217&app=92&size=f242,162&n=0&g=0n&f=JPEG?s=ECC2722328D28DFD3E210897010080C1&sec=1620384596&t=b8f22fe0c1d76ae074b016b1c5265bca", "poster": "搜狐网", "time": "2019年2月26日", "content": "2019年2月26日上午,保亭县民族博物馆与上海鲁迅纪念馆主办的“茂林嘉卉—上海鲁迅纪念馆馆藏版画精品展”于保亭县文化中心一楼综合展厅进行展出。 鲁迅在《(无名)木刻集》序言里称:“用几柄雕刀,一块木板,制成许多艺术品,传布于大..."}
{"museum": "上海鲁迅纪念馆", "source": "http://sh.eastday.com/m/20171027/u1a13377132.html", "title": "《上海鲁迅纪念馆藏鲁迅手稿选》影印出版", "image": "", "poster": "东方网", "time": "2017年10月27日", "content": "今年是鲁迅先生定居上海90周年,上海人民美术出版社从上海鲁迅纪念馆收藏的鲁迅手稿中遴选出部分手稿,影印出版了《上海鲁迅纪念馆藏鲁迅手稿选》。 上海鲁迅纪念馆独家收藏了鲁迅《故事新编》手稿、《毁灭》翻译手稿,以及诗歌、杂文、书信等手..."}
{"museum": "上海鲁迅纪念馆", "source": "https://baijiahao.baidu.com/s?id=1556321194447733&wfr=spider&for=pc", "title": "《鲁迅小说人物百图》在上海鲁迅纪念馆展出", "image": "", "poster": "环球网", "time": "2017年1月12日", "content": "1月11日，“弘扬鲁迅精神——吴永良《鲁迅小说人物百图》专题展”在上海鲁迅纪念馆拉开帷幕。 王笈 摄 65件《鲁迅小说人物百图》精选作品及10余件吴永良历年创作的鲁迅题材独幅画在此间展出。 王笈 摄 中新网上海1月11日电 (王笈..."}
{"museum": "上海鲁迅纪念馆", "source": "https://www.sohu.com/a/113109409_119049", "title": "《上海鲁迅纪念馆藏中国现代作家手稿选》收录50位作家手稿 刷一刷...", "image": "https://dss0.bdstatic.com/6Ox1bjeh1BF3odCf/it/u=3668319445,248923228&fm=217&app=92&size=f242,162&n=0&g=0n&f=JPEG?s=92188A6D27B3D87F020B1E7E0300807C&sec=1620384596&t=207f4726108e649333727188a992199b", "poster": "搜狐网", "time": "2016年9月1日", "content": "此次收入《上海鲁迅纪念馆藏中国现代作家手稿选》 的是最早两篇小说发稿的校样,作者自己修改的痕迹不多,但留下了编辑、排版的诸多印记。以 《莎菲女士的日记》 为例,稿纸起首印着“小说月报贰号目”,盖着“华字部公证图章”,每节日..."}
{"museum": "上海鲁迅纪念馆", "source": "http://m.thepaper.cn/newsDetail_forward_1260959", "title": "鲁迅诗轴手迹为何50年后从日本回归上海鲁迅纪念馆?", "image": "https://dss0.bdstatic.com/6Ox1bjeh1BF3odCf/it/u=1879587698,238461937&fm=217&app=92&size=f242,162&n=0&g=0n&f=JPEG?s=15B2DAB308103CD85C23DAA303007009&sec=1620384596&t=2d442b035f0e8d7d76758a68177a868b", "poster": "澎湃新闻", "time": "2014年9月12日", "content": "2008年9月25日下午,尽管天下着朦朦细雨,但是在上海鲁迅纪念馆大堂内却热闹非凡,中外来宾济济一堂,中外媒体闪光灯闪个不停,只见一位满头银发、精神矍铄、气质高雅的日本老太太成为这时的焦点。这里正在举行鲁迅手迹捐赠仪式,这位老人是这..."}
{"museum": "上海鲁迅纪念馆", "source": "https://www.chinanews.com/cul/2013/07-31/5108403.shtml", "title": "日本民间学者佐藤明久成为上海鲁迅纪念馆研究员", "image": "", "poster": "中国新闻网", "time": "2013年7月31日", "content": "中新网7月31日电 据日本共同社消息,日本广岛县的《中国新闻》30日报道称,该县福山市元町经营旧书店的佐藤明久因致力于鲁迅研究而被选为上海鲁迅纪念馆的研究员,也是该馆首位日本人研究员。佐藤自2006年起在上海的学会等场合多次发表..."}
{"museum": "上海鲁迅纪念馆", "source": "https://baijiahao.baidu.com/s?id=1660841409185001106&wfr=spider&for=pc", "title": "游北京鲁迅故居纪念馆", "image": "https://dss0.bdstatic.com/6Ox1bjeh1BF3odCf/it/u=752336020,1535311349&fm=173&app=49&size=f242,162&n=0&g=0n&f=JPEG?s=1613C221563A042F401538C20300E0B0&sec=1620384596&t=28a77d36185d26efde718af6959eecf9", "poster": "狗粮的笔记", "time": "2020年3月11日", "content": "北京鲁迅博物馆成为我北京游历的第一站。阜成门内宫门口二条19号，位于阜成门内大街的一条不起眼的胡同里，街对面居然是东方资产管理公司，而华融资产就在隔壁。凭身份证入园，分文不取，透露着皇城根下人民的大气。门口“鲁迅故居..."}
{"museum": "上海鲁迅纪念馆", "source": "https://baijiahao.baidu.com/s?id=1653941751163092724&wfr=spider&for=pc", "title": "探访新中国首个名人纪念馆上海鲁迅纪念馆", "image": "https://dss2.bdstatic.com/6Ot1bjeh1BF3odCf/it/u=2010390287,2833595141&fm=173&app=49&size=f242,162&n=0&g=0n&f=JPEG?s=B41315DF0E5206DE9435F0050300E040&sec=1620384596&t=1c57a3c0a4c40885349ec93c2ed36c22", "poster": "人民网", "time": "2019年12月26日", "content": "上海鲁迅纪念馆是新中国成立后第一个名人纪念馆,收藏大量许广平、周海婴等家人朋友捐赠的遗物、史料照片、所著重要文章的出版物等文物展品,展示出伟大文学家、思想家鲁迅先生弘扬“民族魂、爱国心”的文化力量,对凝聚当时社会中国人尤其时代..."}
{"museum": "上海鲁迅纪念馆", "source": "https://baijiahao.baidu.com/s?id=1644996680097912617&wfr=spider&for=pc", "title": "中共四大纪念馆、鲁迅故居、李白烈士故居……虹口区四川北路街道...", "image": "https://dss0.bdstatic.com/6Ox1bjeh1BF3odCf/it/u=1712436604,1301632681&fm=173&app=49&size=f242,162&n=0&g=0n&f=JPEG?s=718469B0125903D2A214408E0300E090&sec=1620384596&t=e4605b11fc14e0c0af08663156609802", "poster": "新民晚报", "time": "2019年9月18日", "content": "同时被命名为红色文化教育基地的还有:中共四大纪念馆、周恩来同志在沪早期革命活动旧址、鲁迅故居、李白烈士故居和国旗设计者曾联松旧居。 图说:重温入党宣誓。宏新 摄 李白烈士故居是李白烈士生前在上海进行革命斗争的工作和居住场所之一。"}
{"museum": "上海鲁迅纪念馆", "source": "https://www.sohu.com/a/336059714_100014332", "title": "【活动回顾】参观鲁迅纪念馆", "image": "https://dss2.bdstatic.com/6Ot1bjeh1BF3odCf/it/u=3269392254,1156855730&fm=217&app=92&size=f242,162&n=0&g=0n&f=JPEG?s=13A2C9A700044EFE149CB9F003008011&sec=1620384596&t=72edbe026acb23a954f613802182fadd", "poster": "搜狐网", "time": "2019年8月23日", "content": "上周日,我们虹口小记者站共约60位小记者参与了参观鲁迅纪念馆的活动。鲁迅先生为我国的文学事业做出了巨大的贡献,这次参观鲁迅纪念馆相信小记者们也能学到不少哦,那接下来就一起来看看小记者们的精彩瞬间吧! "}
{"museum": "上海鲁迅纪念馆", "source": "https://www.sohu.com/a/328822113_100014332", "title": "【招募】走进鲁迅纪念馆,走近鲁迅先生", "image": "https://dss1.bdstatic.com/6OF1bjeh1BF3odCf/it/u=1486832555,548773922&fm=217&app=92&size=f242,162&n=0&g=0n&f=JPEG?s=7A181CC70C530ECA0EB9E42603009013&sec=1620384596&t=df5927772f53c96831620fe600fe5e11", "poster": "搜狐网", "time": "2019年7月23日", "content": "集合地点:鲁迅纪念馆(东门) (上海市虹口区甜爱路200号) 02 03 活动时间:8月10日9:00-10:00 活动地点:鲁迅纪念馆 (上海市虹口区甜爱路200号) 04 特 别 注 意 本次活动家长可以陪同, ..."}
{"museum": "上海鲁迅纪念馆", "source": "https://baijiahao.baidu.com/s?id=1638030033311063443&wfr=spider&for=pc", "title": "上海最有名的3个名人故居,其中1处是鲁迅故居,你去过吗", "image": "https://dss1.bdstatic.com/6OF1bjeh1BF3odCf/it/u=1914378834,3061761777&fm=173&app=49&size=f242,162&n=0&g=0n&f=JPEG?s=F3F71DC050630F0FB490051403008090&sec=1620384596&t=e5228f8db06167422ed04c425059d948", "poster": "旅游风物志", "time": "2019年7月3日", "content": "上海有现代化的一面,也有历史风采的一面,下面盘点一下上海最有名的3个名人故居,也是这座城市的一种历史文化符号,其中1处就是鲁迅故居,你去过吗? 鲁迅故居 鲁迅,这是国人都熟悉的一位大文豪,祖籍在浙江省绍兴市,全国鲁迅故居有好..."}
{"museum": "上海鲁迅纪念馆", "source": "https://baijiahao.baidu.com/s?id=1619770006180691897&wfr=spider&for=pc", "title": "除了纽约自然历史博物馆、上海市鲁迅纪念馆,展品丰富的知名旅游...", "image": "https://dss0.bdstatic.com/6Ox1bjeh1BF3odCf/it/u=3970198840,1358088024&fm=173&app=49&size=f242,162&n=0&g=0n&f=JPEG?s=F0993FD788110AD0489CED270300604B&sec=1620384596&t=ffee5bd7078a8c212ef91e61ed43046c", "poster": "百闻旅行", "time": "2018年12月14日", "content": "#4 上海市·鲁迅纪念馆票价:免费开放时间:9:00-17:00(16:00停止入场,周一闭馆,法定节假日除外)简介:上海鲁迅纪念馆是新中国建立后第一个人物性纪念馆,也是新中国成立后第一个名人纪念馆,同时管理鲁迅墓文物保护单位。上海鲁迅纪念..."}
{"museum": "上海鲁迅纪念馆", "source": "https://baijiahao.baidu.com/s?id=1615285380943103372&wfr=spider&for=pc", "title": "参观鲁迅纪念馆(文学原创)", "image": "https://dss2.bdstatic.com/6Ot1bjeh1BF3odCf/it/u=2863425353,1497050884&fm=173&app=25&size=f242,162&n=0&g=0n&f=JPEG?s=D43053DB4E5215CE0191693A03005012&sec=1620384596&t=1d582cbc1a61432005388386755e3877", "poster": "孔德营文学原创", "time": "2018年10月25日", "content": "年少时，进了学校，从课本上才知道鲁迅先生是受这个社会敬仰的，鲁迅精神一直被称作“民族魂”；如今，在鲁迅纪念馆之内，于一尊鲁迅石膏像的后面，一面光滑墙面上，就镶嵌着“民族魂”三个金光闪闪的大字。鲁迅纪念馆，坐落在周家..."}
{"museum": "上海鲁迅纪念馆", "source": "https://www.sohu.com/a/260426271_100191009", "title": "“鲁迅与上海”纪念专题丨上海鲁迅居住地", "image": "https://dss2.bdstatic.com/6Ot1bjeh1BF3odCf/it/u=2204514095,2136505082&fm=217&app=92&size=f242,162&n=0&g=0n&f=JPEG?s=88D08E440E0321645C08510901005081&sec=1620384596&t=76f00410746e1c0f51235fbe0af605e1", "poster": "搜狐网", "time": "2018年10月19日", "content": "纪念专题 有的人活着, 他已经死了; 有的人死了, 他还活着。 82年前的今天,1936年10月19日清晨5时25分,鲁迅先生在上海山阴路的家中与世长辞,一代文化伟人离我们远去。 今天,让我们共同走进鲁迅在上海最后的寓所和他在上海居住过..."}
{"museum": "上海鲁迅纪念馆", "source": "https://www.sohu.com/a/240214923_100011351", "title": "郭秀江//鲁迅纪念馆与故居", "image": "https://dss1.bdstatic.com/6OF1bjeh1BF3odCf/it/u=3465115338,3999893952&fm=217&app=92&size=f242,162&n=0&g=0n&f=JPEG?s=07D27F806CA4828E85A1E916010090A0&sec=1620384596&t=f412fa6b54b542d50761643e3c595095", "poster": "搜狐网", "time": "2018年7月9日", "content": "人们疏离的,不是鲁迅先生的名气,比起他的思想,人们对世俗生活中的鲁迅,仿佛更感兴趣一些。 感谢上海,尽管鲁迅纪念馆(包括多伦路的文化遗址)没能给这个都市带来经济效益,但它仍然存在着,昭示着这座都市的文化历史底蕴,也昭示着在商业化..."}
{"museum": "上海鲁迅纪念馆", "source": "https://www.sohu.com/a/201889105_99970753", "title": "【资讯】孙故居纪念馆赴上海鲁迅纪念馆举办《共同的岁月》巡展", "image": "https://dss2.bdstatic.com/6Ot1bjeh1BF3odCf/it/u=1421361944,2236173121&fm=217&app=92&size=f242,162&n=0&g=0n&f=JPEG?s=6CC4CD160B31528215FFBD7403005029&sec=1620384596&t=551044afb36c90e8dd1e29c191a75056", "poster": "搜狐网", "time": "2017年11月2日", "content": "《共同的岁月》巡展 孙故居纪念馆 10月31日,孙故居应邀赴上海鲁迅纪念馆举办《共同的岁月——孙中山宋庆龄在莫利爱路寓所》主题巡展,受到游客的欢迎。 为了更好地纪念和缅怀中山先生的丰功伟绩,让更多的社会公众了解伟人的精神和思想,..."}
{"museum": "上海鲁迅纪念馆", "source": "http://www.wenming.cn/ziliao/today/201501/t20150107_2387711.shtml", "title": "1951年1月7日:上海鲁迅纪念馆建成并对外开放", "image": "", "poster": "中国文明网", "time": "2015年1月7日", "content": "这是周恩来总理题写的馆名(资料照片)。 1951年1月7日,新中国第一座人物性纪念馆--上海鲁迅纪念馆建成并对外开放。该馆由周恩来总理题写馆名。 1981年1月7日,中国民航首航美国纽约成功。北京——上海——旧金山——纽约航线全程为1..."}
{"museum": "上海鲁迅纪念馆", "source": "http://sh.eastday.com/m/20120903/u1a6831774.html", "title": "他是“电影发烧友”鲁迅纪念馆讲述不为人熟知的鲁迅", "image": "https://dss0.bdstatic.com/6Ox1bjeh1BF3odCf/it/u=2670228479,834610178&fm=217&app=92&size=f242,162&n=0&g=0n&f=JPEG?s=6AA2DC4F544301550E24FD3A0300E051&sec=1620384597&t=2002cf2b9118ab304c18e48168438235", "poster": "东方网", "time": "2012年9月3日", "content": "鲁迅在上海共居住9年零16天的时间,共看过130多场电影,去过30余家电影院 海鲁迅纪念馆展出实物原件1152件,而真品达1086件 东方网记者程琦、刘沅9月3日报道:提起鲁迅,人们的脑海中会立刻闪现出,文学家、思想家、革命家、评论家等一连..."}
{"museum": "上海鲁迅纪念馆", "source": "https://news.qq.com/a/20110925/000380.htm", "title": "上海鲁迅纪念馆昨日揭幕 将展出鲁迅石膏面模", "image": "", "poster": "腾讯网", "time": "2011年9月25日", "content": "深圳特区报讯 (深圳报业集团驻沪记者 马信芳)在鲁迅先生诞辰130周年之际,历经三年的酝酿和半年多的施工,上海鲁迅纪念馆昨日以全新面目揭幕,新“鲁迅生平”陈列展今起向公众开放。 该馆馆长王锡荣告诉记者,新的“鲁迅生平”陈列充分吸收和..."}
{"museum": "上海鲁迅纪念馆", "source": "http://news.sohu.com/20110923/n320288892.shtml", "title": "上海鲁迅纪念馆全新揭幕 鲁迅家用菜谱露面(图)", "image": "https://dss0.bdstatic.com/6Ox1bjeh1BF3odCf/it/u=1953109053,1886994288&fm=217&app=92&size=f242,162&n=0&g=0n&f=JPEG?s=D2222FE709120EC61658E02303003047&sec=1620384597&t=00e2d50cbed2abe400779ceaa083fd80", "poster": "搜狐网", "time": "2011年9月23日", "content": "重新布置的“鲁迅生平”陈列展将展示作家鲁迅的另外一面 朱安肖像 晨报记者 徐颖 9月25日是鲁迅先生诞辰130周年纪念日。历经三年多的酝酿和半年多的施工,上海鲁迅纪念馆新的“鲁迅生平”陈列展今日以全新的面目揭幕。该馆馆长王锡荣在接..."}
{"museum": "上海鲁迅纪念馆", "source": "http://www.chinanews.com/cul/2011/06-01/3082910.shtml", "title": "鲁迅条幅《悼丁君》真迹捐赠上海鲁迅纪念馆", "image": "", "poster": "中国新闻网", "time": "2011年6月1日", "content": "曾经被著名书法家沈尹默誉为鲁迅生平写得最好的一幅书法、鲁迅条幅《悼丁君》真迹近来由法学家曹漫之夫人蔡志勇女士捐赠上海鲁迅纪念馆。日前,“曹漫之先生藏鲁迅手迹《悼丁君》捐赠仪式暨曹漫之先生纪念座谈会”在上海鲁迅纪念馆举行。 "}
{"museum": "上海鲁迅纪念馆", "source": "http://culture.ifeng.com/renwu/special/zhouhaiying/content-2/detail_2011_04/07/5595180_0.shtml", "title": "鲁迅纪念馆馆长王锡荣:周海婴与父亲有精神传承", "image": "", "poster": "凤凰网文化读书", "time": "2011年4月7日", "content": "核心提示:4月7日凌晨5时36分,鲁迅之子周海婴在北京医院逝世,周海婴是鲁迅和许广平唯一的儿子。上海鲁迅纪念馆馆长王锡荣在接受凤凰网连线时表示,周海婴一直非常关心鲁迅纪念馆的发展,多次将鲁迅相关的收藏品捐献给纪念馆。王锡荣还透露,周海..."}
{"museum": "上海鲁迅纪念馆", "source": "https://www.chinanews.com/cul/2010/09-20/2545586.shtml", "title": "许寿裳遗稿捐赠上海鲁迅纪念馆", "image": "", "poster": "中国新闻网", "time": "2010年9月20日", "content": "昨日,许寿裳遗稿捐赠仪式暨《许寿裳遗稿》新书发布会在上海鲁迅纪念馆举行。 许寿裳(1883-1948)和鲁迅曾是同学,后两人一生来往密切,互为挚友。许寿裳在鲁迅逝世后写有许多纪念文章和著作,是公认的鲁迅研究的两位 “通人”之一。此次..."}
{"museum": "上海鲁迅纪念馆", "source": "http://www.thepaper.cn/newsDetail_forward_5561804", "title": "精彩!这个展在上海鲁迅纪念馆对外展出啦~", "image": "https://dss2.bdstatic.com/6Ot1bjeh1BF3odCf/it/u=2055637191,2537852824&fm=217&app=92&size=f242,162&n=0&g=0n&f=GIF?s=FE24CD4BCAEC313C516CCC280300F011&sec=1620384597&t=4fc9d83f26558c360d9185143d4eca4c", "poster": "澎湃新闻", "time": "2020年1月17日", "content": "由上海鲁迅纪念馆、上海市松江区博物馆共同主办的“挹览清芬——上海市松江区博物馆藏扇面展”在上海鲁迅纪念馆对外展出。 中国历代文人墨客都喜在扇面上绘画、作诗和题字,以此来达到抒情达意,或赠友人留念等作用,也因此形成了中国独有..."}
{"museum": "上海鲁迅纪念馆", "source": "https://www.sohu.com/a/338762330_797002", "title": "2019年上海鲁迅纪念馆招聘公告", "image": "https://dss1.bdstatic.com/6OF1bjeh1BF3odCf/it/u=734638650,4164257263&fm=190&app=7&size=f242,162&n=0&g=0n&f=JPEG?s=F8A0DD5FD0EA4B15ECADE91F03004043&sec=1620384597&t=cb5af59d8acfdc28156aad47a1602770", "poster": "搜狐网", "time": "2019年9月4日", "content": "转载请注明上海事业单位招聘 上海鲁迅纪念馆隶属于上海市文化和旅游局,系公益性的事业单位,全国爱国主义教育示范基地、国家一级博物馆,是对外文化交流窗口。本馆是新中国成立后国内第一个人物类纪念馆,建于1951年,馆址在鲁迅公园内,负责..."}
{"museum": "上海鲁迅纪念馆", "source": "http://www.thepaper.cn/newsDetail_forward_5822133", "title": "上海鲁迅纪念馆延迟开放公告", "image": "", "poster": "澎湃新闻", "time": "2020年2月5日", "content": "根据疫情防控工作需要,上海鲁迅纪念馆、上海鲁迅故居将于2020年2月9日起继续暂停对外开放。上海鲁迅纪念馆将通过微信公众号及时告知后续开放安排,给您带来不便,敬请谅解。 闭馆期间,您可通过以下途径,足不出户体验上海鲁迅纪念馆的数字展览..."}
{"museum": "上海鲁迅纪念馆", "source": "https://www.sohu.com/a/166449135_119707", "title": "上海鲁迅纪念馆举办特展", "image": "https://dss2.bdstatic.com/6Ot1bjeh1BF3odCf/it/u=1548577759,1203525115&fm=217&app=92&size=f242,162&n=0&g=0n&f=JPEG?s=B54A737E11CAE54D486D586E0300C073&sec=1620384597&t=4050b5fe2eedfd1946af48f7c44e8d58", "poster": "搜狐网", "time": "2017年8月22日", "content": "牛若丸人偶。1930年10月11日,鲁迅购于上海。牛若丸,日本古代行侠仗义的武士。 上海鲁迅纪念馆即日起在专题展厅奔流艺苑展出“风波浩荡足行吟——鲁迅与国际友人在上海暨纪念鲁迅定居上海九十周年特展”。 "}
{"museum": "上海鲁迅纪念馆", "source": "http://news.sohu.com/2004/06/23/61/news220666119.shtml", "title": "上海鲁迅纪念馆收藏李隼歌剧", "image": "https://dss2.bdstatic.com/6Ot1bjeh1BF3odCf/it/u=2935629809,1919152133&fm=217&app=92&size=f242,162&n=0&g=0n&f=GIF?s=DCC58B56155485C87E6B0FAF02008048&sec=1620384598&t=f3669d08ffeca65a7f7de63ede2a51a9", "poster": "搜狐网", "time": "2004年6月23日", "content": "“早在上个世纪70年代,我就对萧红与鲁迅的这段交往产生了浓厚的兴趣。”昨日,大连作协会员、目前在普兰店市教育科研所工作的李隼告诉记者,最近,他创作的四幕歌剧《钟楼上的铜 铃》被上海鲁迅纪念馆正式收藏。 李隼原名梁玉民,今年53岁..."}
{"museum": "上海鲁迅纪念馆", "source": "https://baijiahao.baidu.com/s?id=1622727235311925202&wfr=spider&for=pc", "title": "65方精美古砚亮相上海鲁迅纪念馆", "image": "https://dss1.bdstatic.com/6OF1bjeh1BF3odCf/it/u=4015673808,4278154493&fm=173&app=49&size=f242,162&n=0&g=0n&f=JPEG?s=3209DD4F7212A18AED30587903008010&sec=1620384598&t=c575bbce41e963a4a8c3c19ef8ef0c0f", "poster": "中国新闻网", "time": "2019年1月15日", "content": "1月15日,65方精美古砚亮相上海鲁迅纪念馆。 王笈 摄 中新网上海1月15日电 (王笈)“翰池墨海——松江博物馆藏古砚精粹展”15日起亮相上海鲁迅纪念馆。年代上至西汉、下迄民国的65方精美古砚在此集中展出,将中国砚文化的艺术与历..."}
{"museum": "上海鲁迅纪念馆", "source": "https://baijiahao.baidu.com/s?id=1600676768581990751&wfr=spider&for=pc", "title": "“鲁迅生命的瞬间”展亮相上海鲁迅纪念馆", "image": "https://dss0.bdstatic.com/6Ox1bjeh1BF3odCf/it/u=560664019,1364244826&fm=173&app=25&size=f242,162&n=0&g=0n&f=JPEG?s=EE26CC4BEB3B20057C4015080300E0D3&sec=1620384598&t=9c7772dd6d98512296f81339a8dbd38d", "poster": "人民日报", "time": "2018年5月17日", "content": "5月16日，“‘俯首·横眉’——鲁迅生命的瞬间”展在上海鲁迅纪念馆“奔流艺苑”开幕。　王笈　摄 由北京鲁迅博物馆(北京新文化运动纪念馆)与上海鲁迅纪念馆联合举办的“‘俯首·横眉’——鲁迅生命的瞬间”展16日在上海鲁迅纪念馆“..."}
{"museum": "上海鲁迅纪念馆", "source": "http://www.chinanews.com/cul/2014/06-29/6330612.shtml", "title": "上海鲁迅纪念馆馆长指春拍鲁迅书信为\"拼凑摹写\"", "image": "", "poster": "中国新闻网", "time": "2014年6月29日", "content": "名人手迹拍卖近日再现波折。上海敬华春拍两封署名鲁迅致洪兰友书信,被沪上鲁迅研究专家质疑为赝品。上海鲁迅纪念馆馆长王锡荣昨天向记者表示,这两封信“内容拼凑、笔迹摹写。” 王锡荣表示,从《鲁迅全集》可知,两封拍品信件“灵感”来自《..."}
{"museum": "上海鲁迅纪念馆", "source": "http://www.xinhuanet.com/2017-03/26/c_1120697216.htm", "title": "文化简讯:上海举办鲁迅与读书特展", "image": "", "poster": "新华网客户端", "time": "2017年3月26日", "content": "由北京鲁迅博物馆(北京新文化运动纪念馆)与上海鲁迅纪念馆联合举办的“鲁迅的读书生活”展览自25日起在上海鲁迅纪念馆举办。 展览分为“青少年时代”“苦读岁月”“创作与翻译”“从教授到自由撰稿人”和“书刊的编辑与出版”等几部分,通..."}
{"museum": "上海鲁迅纪念馆", "source": "https://www.sohu.com/a/252501432_99941316", "title": "【微故事】上海鲁迅故居", "image": "https://dss1.bdstatic.com/6OF1bjeh1BF3odCf/it/u=1147594637,3704159337&fm=217&app=92&size=f242,162&n=0&g=0n&f=JPEG?s=E54327F10856BADA0580DC2503007053&sec=1620384598&t=47d4f0758ceea0dfb337adc720255b4f", "poster": "搜狐网", "time": "2018年9月7日", "content": "馆名为已故周恩来总理亲题。建筑外形具有鲁迅故乡绍兴民间住宅的传统风格。馆内的1.7万余件陈列品,概括地介绍了鲁迅先生的思想发展和战斗历程,重点表现了他在上海10年中的社会和文化活动。返回搜狐,查看更多..."}
{"museum": "上海鲁迅纪念馆", "source": "https://xw.qq.com/cmsid/20200316A0QNKB00", "title": "上海鲁迅纪念馆恢复开放补充公告", "image": "https://dss0.bdstatic.com/6Ox1bjeh1BF3odCf/it/u=1743685820,3841228115&fm=217&app=92&size=f242,162&n=0&g=0n&f=PNG?s=19013C7A25BA3F244AE654020200E0EB&sec=1620384598&t=13a1f095404323f7a26ea0a89ad62ad6", "poster": "腾讯网", "time": "2020年3月16日", "content": "自2020年3月17日起,请所有来馆观众统一从鲁迅公园南门(四川北路2288号)和北门(大连西路345号)出入。疫情期间,为配合上海鲁迅公园开放,甜爱路200号大门暂停向观众开放。后期变化另行通知。 "}
{"museum": "上海鲁迅纪念馆", "source": "http://www.chinanews.com/cul/news/2009/03-09/1594573.shtml", "title": "上海鲁迅纪念馆“雪峰专库”揭幕", "image": "", "poster": "中国新闻网", "time": "2009年3月9日", "content": "中新网义乌3月9日电(记者 张茵 通讯员何恃坚)日前,“雪峰专库”揭幕仪式在上海鲁迅纪念馆隆重举行。冯雪峰同志的子女、亲友以及来自全国各地的有关专家、学者、文物捐赠者共80余人出席了揭幕仪式,鲁迅之子周海婴特从北京发来贺信,表达..."}
{"museum": "上海鲁迅纪念馆", "source": "https://www.sohu.com/a/256559202_660651", "title": "事业编制~上海鲁迅纪念馆招人啦", "image": "", "poster": "搜狐网", "time": "2018年9月27日", "content": "上海鲁迅纪念馆隶属于上海市文化广播影视管理局、上海市文物局,系公益性的事业单位,全国爱国主义教育示范基地、国家一级博物馆,是对外文化交流窗口。本馆是新中国成立后国内第一个人物性博物馆,建于1951年,馆址在鲁迅公园内,负责保护和..."}
{"museum": "上海鲁迅纪念馆", "source": "https://www.chinanews.com/cul/2017/03-25/8183380.shtml", "title": "“鲁迅的读书生活”展亮相上海鲁迅纪念馆", "image": "", "poster": "中国新闻网", "time": "2017年3月25日", "content": "中新社上海3月25日电 (王笈)由北京鲁迅博物馆(北京新文化运动纪念馆)与上海鲁迅纪念馆联合举办的“鲁迅的读书生活”展25日在上海鲁迅纪念馆“奔流艺苑”开幕,300余幅图片和60件(套)书籍、手稿、书信等珍贵展品在此间展出。 "}
{"museum": "上海鲁迅纪念馆", "source": "http://sh.eastday.com/m/20170501/u1a12934659.html", "title": "“五一”的上海街头 700余场文化活动不停歇", "image": "https://dss0.bdstatic.com/6Ox1bjeh1BF3odCf/it/u=1624338876,3636894291&fm=217&app=92&size=f242,162&n=0&g=0n&f=JPEG?s=B2AA67E94E363C900D2CC12203005057&sec=1620384599&t=1623151ed61076ac1ac485abccd0b13e", "poster": "东方网", "time": "2017年5月1日", "content": "这个假日,共700余场各具特色的文化活动,也让各有所好的上海市民找到了过“文化节”的好去处。在上海博物馆,上海青龙镇遗址考古展将千年古港的历史娓娓道来;在上海鲁迅纪念馆,《鲁迅的读书生活》专题展则让市民沉浸于一代文豪的思想世..."}
{"museum": "上海鲁迅纪念馆", "source": "http://sh.eastday.com/m/20150903/u1a8864830.html", "title": "上海推10条红色微旅行线路 串联起50多个红色旅游景点", "image": "https://dss2.bdstatic.com/6Ot1bjeh1BF3odCf/it/u=4105899160,1313161114&fm=217&app=92&size=f242,162&n=0&g=0n&f=JPEG?s=BF5041856CC21CDA0C20788A0300D080&sec=1620384599&t=7a2c084ff9949c765b8aae033219b582", "poster": "东方网", "time": "2015年9月3日", "content": "中共“四大”纪念馆—中国左翼作家联盟成立大会会址纪念馆—上海鲁迅纪念馆—李白烈士故居—国歌纪念广场及国歌展示馆—益民食品厂 看点:中共“四大”纪念馆由序厅、主展厅、影视厅和副展厅等组成。石库门造型的房屋图案、上海里弄、年轮大道..."}
{"museum": "上海鲁迅纪念馆", "source": "http://www.chinadaily.com.cn/dfpd/2009-10/20/content_8818824.htm", "title": "上海鲁迅故居", "image": "https://dss2.bdstatic.com/6Ot1bjeh1BF3odCf/it/u=2569774100,2488576677&fm=217&app=92&size=f242,162&n=0&g=0n&f=JPEG?s=BBB46D812C531ADE1A05CD1B0300C0C2&sec=1620384599&t=3b6784110b66256f6d50470aeffd8e71", "poster": "中国日报网", "time": "2009年10月20日", "content": "1933年4月 ~ 1936年10月19日鲁迅先生居住于此。1936年10月19日凌晨,鲁迅在这里与世长辞。鲁迅故居是上海市文物保护单位,也是新中国成立后的第一个人物纪念馆,馆名由周恩来总理亲题。 上海鲁迅故居位于上海市山阴路132弄9号,是一幢..."}
{"museum": "上海鲁迅纪念馆", "source": "https://xw.qq.com/cmsid/20191005A09J9S00", "title": "还在热门景点排队?长三角20家一级博物馆都值得一去哦!", "image": "https://dss1.bdstatic.com/6OF1bjeh1BF3odCf/it/u=3283809310,1643400579&fm=217&app=92&size=f242,162&n=0&g=0n&f=GIF?s=A5459446291784C25CC9B41B03009091&sec=1620384599&t=b8d6033726e231c662e5e11bbb123d8a", "poster": "腾讯网", "time": "2019年5月1日", "content": "根据国家文物局公布的信息,整理了长三角20家一级博物馆清单~包括上海博物馆、上海鲁迅纪念馆、上海科技馆、南京博物院、浙江省博物馆、安徽博物院等,一定有你心仪之处!具体名单及介绍详见下文 "}
{"museum": "上海鲁迅纪念馆", "source": "https://news.hbtv.com.cn/p/1966661.html", "title": "见字如面!中国现代作家手稿展在武汉开展,来看鲁迅、茅盾等名家的...", "image": "", "poster": "长江云", "time": "4月22日", "content": "4月22日,“芳馨遗远春温永存——上海鲁迅纪念馆藏中国现代作家手稿展”在江汉关博物馆开展,该展览由江汉关博物馆与上海鲁迅纪念馆联合主办,展出30余位著名现代作家的46件手稿。这些手稿包括小说、杂文、传记、年谱、诗稿、信笺等多种形..."}
{"museum": "上海鲁迅纪念馆", "source": "https://new.qq.com/omn/20210423/20210423A000UX00.html", "title": "难得一见!鲁迅、茅盾、沈从文的“朋友圈”曝光", "image": "https://dss2.bdstatic.com/6Ot1bjeh1BF3odCf/it/u=2063733257,1129632809&fm=217&app=2&size=f242,162&n=0&g=0n&f=JPEG?s=1598AF772BE7CF4F1869EC7A0300907B&sec=1620384599&t=5808647cdde62d2019430a2f8a1e560a", "poster": "腾讯网", "time": "4月23日", "content": "——上海鲁迅纪念馆藏 中国现代作家手稿展 在江汉关博物馆开展 展览由江汉关博物馆 与上海鲁迅纪念馆联合主办 展出30余位著名现代作家的 46件手稿 手稿包括小说、杂文、传记、 年谱、诗稿、信笺等多种形式 ..."}
{"museum": "上海鲁迅纪念馆", "source": "https://xw.qq.com/cmsid/20210422A0CONN00", "title": "中国现代作家手稿展亮相江汉关博物馆,来看鲁迅、茅盾等名家的...", "image": "https://dss2.bdstatic.com/6Ot1bjeh1BF3odCf/it/u=2536157965,2443712593&fm=217&app=2&size=f242,162&n=0&g=0n&f=JPEG?s=859AA37D23A3D94F0AA90C7E03008078&sec=1620384599&t=d204e1081a8d5233b546ea065310fd13", "poster": "腾讯网", "time": "4月22日", "content": "魅力湖北大赏 最美家乡大赛 江河湖北 【中国现代作家手稿展亮相江汉关博物馆,来看鲁迅、茅盾等名家的“朋友圈”】4月22日,“芳馨遗远 春温永存——上海鲁迅纪念馆藏中国现代作家手稿展”在江汉关博物馆开展,该展览由江汉关博物馆与上海..."}
{"museum": "上海鲁迅纪念馆", "source": "https://baijiahao.baidu.com/s?id=1697203943734900580&wfr=spider&for=pc", "title": "“红色打卡,绿色出行”!上海红色之旅主题产品发布", "image": "https://dss2.baidu.com/6ONYsjip0QIZ8tyhnq/it/u=4127978716,140222489&fm=30&app=106&size=f242,162&n=0&g=0n&f=JPEG?s=9DB1129B7E726A8E0C270BF10300701E&sec=1620384599&t=5d9e299daa07cfe3fcd2258483abb275", "poster": "文汇报", "time": "4月16日", "content": "71故事”等9条红色线路，贯穿本市中共一大会址纪念馆、中共二大会址纪念馆、中共四大纪念馆、陈云纪念馆、上海市历史博物馆（上海革命历史博物馆）、上海孙中山故居纪念馆、上海宋庆龄故居纪念馆、上海鲁迅纪念馆、龙华烈士纪念馆等红色纪念..."}
{"museum": "上海鲁迅纪念馆", "source": "https://baijiahao.baidu.com/s?id=1697253145100045602&wfr=spider&for=pc", "title": "鲁迅的名片", "image": "", "poster": "中国青年网", "time": "4月17日", "content": "但因那时的议员享有特权，到处被优待，名刺上摆出，大约令见者亦必肃然，此种摆空架子的态度，是令鲁迅讨厌的，因此觉得“鄙倍可笑”。鲁迅在北京使用的名片式样如何，未见实物。上海鲁迅纪念馆现藏六张“周树人”在上海使用过的名片..."}
{"museum": "上海鲁迅纪念馆", "source": "http://cn.chinadaily.com.cn/a/202105/01/WS608c90c1a3101e7ce974d43d.html", "title": "北京鲁迅博物馆携手美团共促红色文旅发展", "image": "https://dss0.bdstatic.com/6Ox1bjeh1BF3odCf/it/u=446269044,2798236393&fm=217&app=2&size=f242,162&n=0&g=0n&f=JPEG?s=77639856DEC71C515E1A77810300308B&sec=1620384599&t=296a9b4701d8f16395e0a7fccc0129bc", "poster": "中国日报网", "time": "5天前", "content": "4月29日,北京鲁迅博物馆(北京新文化运动纪念馆)与美团举行合作签约仪式,双方将共同努力,将该馆打造成为北京线上线下一体化的红色地标。 北京鲁迅博物馆(北京新文化运动纪念馆)由原北京鲁迅博物馆和北京新文化运动纪念馆合并组建而成。"}
{"museum": "上海鲁迅纪念馆", "source": "https://baijiahao.baidu.com/s?id=1694833976676842421&wfr=spider&for=pc", "title": "“江城往事——老武汉市民生活记忆展”赴上海鲁迅纪念馆开展", "image": "", "poster": "长江日报", "time": "3月21日", "content": "长江日报3月21日讯 20日,由武汉江汉关博物馆与上海鲁迅纪念馆联合举办的“江城往事——老武汉市民生活记忆展”在上海鲁迅纪念馆“奔流艺苑”专题展厅开展,吸引来众多上海市民观展。“江城往事——老武汉市民生活记忆展”,在上海鲁迅纪念..."}
{"museum": "上海鲁迅纪念馆", "source": "https://baijiahao.baidu.com/s?id=1694891310857389271&wfr=spider&for=pc", "title": "“老武汉市民生活记忆展”上海开展", "image": "", "poster": "光明网", "time": "3月22日", "content": "武汉晚报讯（记者万建辉） 20日，由武汉江汉关博物馆与上海鲁迅纪念馆联合举办的“江城往事——老武汉市民生活记忆展”，在上海鲁迅纪念馆“奔流艺苑”专题展厅开展，吸引来众多上海市民观展。展览以武汉市民生活密切相连的历史物品为视角，..."}
{"museum": "上海鲁迅纪念馆", "source": "https://xw.qq.com/cmsid/20210419A02GLK00", "title": "北京!北京!|北京|老舍|胡同|鲁迅", "image": "https://dss1.bdstatic.com/6OF1bjeh1BF3odCf/it/u=3186484077,1339441382&fm=217&app=2&size=f242,162&n=0&g=0n&f=JPEG?s=F7B712C65966421DCC97CC700300903B&sec=1620384601&t=46210e571aab660a98d7d881c3d9eba1", "poster": "腾讯网", "time": "4月19日", "content": "上海和绍兴也有鲁迅纪念馆,各具特色。 简介:北京这座城市经历了怎样的发展?金碧辉煌的故宫,蓝天映照下的天坛,水光与绿色交织的颐和园,历史悠久的万里长城,繁华的王府井与前门一带,载着老百姓喜怒哀乐的胡同……作者溯古及今,解读这座..."}
{"museum": "上海鲁迅纪念馆", "source": "https://new.qq.com/rain/a/20210415A074PP00", "title": "观西城两处国家级文保单位 听鲁迅在京的“呐喊”", "image": "https://dss1.bdstatic.com/6OF1bjeh1BF3odCf/it/u=686338583,2138608580&fm=217&app=2&size=f242,162&n=0&g=0n&f=JPEG?s=409217D5CC0C56CC4290697A03008072&sec=1620384601&t=4d99ce75284ada68b47f7e33014b8876", "poster": "腾讯网", "time": "4月15日", "content": "1954年初,文化部决定建立鲁迅博物馆,在故居旁增建陈列室,于1956年10月19日鲁迅逝世20周年纪念日开放。 鲁迅博物馆 如今鲁迅旧居里还特设了鲁迅生平展,以大量的实物、图片,并配以多媒体手段,全面地展示鲁迅一生的生活、工作与业绩。 "}
{"museum": "上海鲁迅纪念馆", "source": "https://baijiahao.baidu.com/s?id=1674458807555699173&wfr=spider&for=pc", "title": "「记忆」随公交21路,探寻鲁迅在上海的足迹", "image": "https://dss0.bdstatic.com/6Ox1bjeh1BF3odCf/it/u=1141625800,652135583&fm=173&app=49&size=f242,162&n=0&g=0n&f=JPEG?s=F9A8E458800307559221641C0100C0D2&sec=1620384601&t=500c5032e79e84000665f582f85f6156", "poster": "上海发布", "time": "2020年8月8日", "content": "1959年5月,大陆新邨鲁迅故居被列为市级文保单位。鲁迅在大陆新邨寓所附近留影鲁迅纪念馆上海鲁迅纪念馆(张渊源 摄)位于甜爱路200号,鲁迅公园(虹口公园)内东首。上海鲁迅纪念馆是新中国成立后新建的第一座人物性纪念馆。1950年筹建,..."}
{"museum": "上海鲁迅纪念馆", "source": "http://www.thepaper.cn/newsDetail_forward_8471568", "title": "院党委组织赴中共四大纪念馆、鲁迅纪念馆开展“四史”学习教育...", "image": "https://dss2.bdstatic.com/6Ot1bjeh1BF3odCf/it/u=1707638138,1305897047&fm=217&app=92&size=f242,162&n=0&g=0n&f=JPEG?s=1220EBA1044226E94E8DB1BC03009003&sec=1620384601&t=50114db8c1f3fdef32a28fea5721ca86", "poster": "澎湃新闻", "time": "2020年7月28日", "content": "根据上海市质子重离子医院党委“四史”学习教育活动安排, 2020年7月24日,院党委组织全院党员、入党积极分子赴全国爱国主义教育示范基地——中共四大纪念馆和鲁迅纪念馆开展现场学习教育,重温共产党人初心使命,缅怀革命先辈“民族魂”,从“..."}
{"museum": "上海鲁迅纪念馆", "source": "https://baijiahao.baidu.com/s?id=1635330051397638718&wfr=spider&for=pc", "title": "上海鲁迅先生纪念馆,保留着怎样的故事?来跟笔者一起探索", "image": "https://dss0.bdstatic.com/6Ox1bjeh1BF3odCf/it/u=162674200,3793592727&fm=173&app=49&size=f242,162&n=0&g=0n&f=JPEG?s=F813769562CC3F5B8B949D8F03007003&sec=1620384601&t=6c0684b3ae06b156037b621c47612f94", "poster": "夜行雨", "time": "2019年6月3日", "content": "上海鲁迅纪念馆以鲁迅纪念馆的生平陈列、鲁迅墓、鲁迅故居三位一体。储藏了大量关于鲁迅先生生平的文物古籍,较为详述的概括了先生在上海的生平。在鲁迅先生生平陈列厅内共有5个专题展区分为“新文学开山”、“新人造就者”、“文化播..."}
{"museum": "上海鲁迅纪念馆", "source": "https://baijiahao.baidu.com/s?id=1683152455362166641&wfr=spider&for=pc", "title": "鲁迅去世后,留下了22根毛发,粘在他石膏遗容上,如今成一级文物", "image": "https://dss0.bdstatic.com/6Ox1bjeh1BF3odCf/it/u=3698492335,2466703317&fm=173&app=49&size=f242,162&n=0&g=0n&f=JPEG?s=9A003A6C9E004057C099E4920100C093&sec=1620384601&t=d62877ea729fcf583b9a624c26ea6ff2", "poster": "琅琊讲武堂", "time": "2020年11月12日", "content": "这尊石膏像原是交予鲁迅先生的家人保管纪念，但是在后来在1950年上海鲁迅纪念馆建成之后，鲁迅的家人就自愿将其交出，在展厅内展示。如今国家已经将其列为一级保护文物，成为无价之宝。鲁迅是超越时代的，他的作品是对中国式心理模式、..."}
{"museum": "上海鲁迅纪念馆", "source": "https://baijiahao.baidu.com/s?id=1680950820366081329&wfr=spider&for=pc", "title": "虹口区举办第三届鲁迅文化周活动", "image": "https://dss0.bdstatic.com/6Ox1bjeh1BF3odCf/it/u=1690875517,2320589012&fm=173&app=49&size=f242,162&n=0&g=0n&f=JPEG?s=618E2EF0481082CE20A1EF1C0300A0D4&sec=1620384601&t=4488716c366632b00a9404134f7e1830", "poster": "新民晚报", "time": "2020年10月19日", "content": "本届对话会以“发扬孺子牛精神,为人民鞠躬尽瘁”为主题,邀请中国作协副主席阎晶明,中国鲁迅研究会专家王锡荣,及上海鲁迅纪念馆、左联纪念馆等专家学者,就中国人民在应对新冠肺炎战“疫”中显现出的“生命至上,举国同心,舍生忘死,尊重..."}
{"museum": "上海鲁迅纪念馆", "source": "https://baijiahao.baidu.com/s?id=1661014412747760435&wfr=spider&for=pc", "title": "上海博物馆、历博等恢复开放首日 闭馆50天终开馆", "image": "https://dss0.bdstatic.com/6Ox1bjeh1BF3odCf/it/u=499496671,3786227514&fm=173&app=49&size=f242,162&n=0&g=0n&f=JPEG?s=A4D35C814AE3FADC04994C100300D0D2&sec=1620384601&t=e489501f27199b3c97608a992f0cc307", "poster": "新浪财经", "time": "2020年3月13日", "content": "其中市级博物馆还包括上海市历史博物馆(上海革命历史博物馆)、上海鲁迅纪念馆博物馆,上海世博会博物馆、中共一大会址纪念馆。开放首日上午9点的上海博物馆澎湃新闻记者在现场看到,上午9时许,天下着小雨,已经有人流在排队等候进场,不过不..."}
{"museum": "上海鲁迅纪念馆", "source": "https://baijiahao.baidu.com/s?id=1632744494407172125&wfr=spider&for=pc", "title": "小长假上海共接待游客1500万人次", "image": "https://dss1.bdstatic.com/6OF1bjeh1BF3odCf/it/u=2186277726,1707794091&fm=173&app=49&size=f242,162&n=0&g=0n&f=JPEG?s=E0B114D7D7011B410631E01E0300E050&sec=1620384601&t=aeb54b1b1625439e210b933e045d7753", "poster": "中国日报网", "time": "2019年5月6日", "content": "中共一大会址纪念馆的专题展览《伟大觉醒:五四新文化运动与中国共产党的创建文物史料展》、上海博物馆特展《熠熠千年:中国货币史中的白银》、嘉定博物馆临展《疁城遗踪——嘉定出土文物展》、上海鲁迅纪念馆《拈花——鲁迅藏中外美术典籍..."}
{"museum": "上海鲁迅纪念馆", "source": "https://baijiahao.baidu.com/s?id=1677792140092741744&wfr=spider&for=pc", "title": "「探索」建筑也可“阅读”!沪上100多条建筑微旅行线路公布", "image": "https://dss1.bdstatic.com/6OF1bjeh1BF3odCf/it/u=2543508303,1078996120&fm=173&app=49&size=f242,162&n=0&g=0n&f=JPEG?s=141247309152FE6D10F6DC4F030060F9&sec=1620384601&t=fc00868e2823f26c4633ee55ced0ca0f", "poster": "上海发布", "time": "2020年9月14日", "content": "·红色经典类型: 红色文化、 海派文化线路长度(km):3.8预计游览时间:半天涉及建筑上海鲁迅纪念馆、鲁迅故居、左联会址纪念馆、中共四大纪念馆、李白烈士故居、1933老场坊40赏·海派文博类型: 红色文化、 海派文化线路长度(km):9.5预计..."}
{"museum": "上海鲁迅纪念馆", "source": "https://baijiahao.baidu.com/s?id=1666745175206511456&wfr=spider&for=pc", "title": "普陀这4家博物馆免费开放!一个动作轻松预约→", "image": "https://dss1.bdstatic.com/6OF1bjeh1BF3odCf/it/u=3508238175,246294723&fm=173&app=49&size=f242,162&n=0&g=0n&f=JPEG?s=8D62EC1679326392886CE9FF02004033&sec=1620384601&t=19f16edaefec185ec842d176b211c2c5", "poster": "上海普陀发布", "time": "2020年5月15日", "content": "人气TOP10的热门博物馆分别为:中国航海博物馆、上海汽车博物馆、上海电影博物馆、上海四行仓库抗战纪念馆、上海工艺美术博物馆、上海琉璃艺术博物馆、上海铁路博物馆、上海邮政博物馆、上海鲁迅纪念馆、崇明区博物馆。编辑:尉澜普陀这里3个..."}
{"museum": "上海鲁迅纪念馆", "source": "https://baijiahao.baidu.com/s?id=1650865493948819295&wfr=spider&for=pc", "title": "第二届长三角文博会集结“文博创意”,博物馆文创产品一次看个够", "image": "https://dss1.bdstatic.com/6OF1bjeh1BF3odCf/it/u=66855225,3294503066&fm=173&app=49&size=f242,162&n=0&g=0n&f=JPEG?s=931214CC060A13531075E83E03004049&sec=1620384601&t=52e128a48f5daa7b1c9f490b923cc2f4", "poster": "界面新闻", "time": "2019年11月22日", "content": "在本届文博会上,上海博物馆协会集结了15家参展单位联合展览,如上海无线电博物馆、上海鲁迅纪念馆、上海汽车博物馆等。现场设置了许多文创互动项目和非遗互动项目。在上海纺织博物馆设置的AR互动项目,观众可以身着传统服饰的虚拟人物合影。"}
{"museum": "上海鲁迅纪念馆", "source": "https://baijiahao.baidu.com/s?id=1625153322040825240&wfr=spider&for=pc", "title": "中共一大会址新春新展讲述“鲁迅与《新青年》”", "image": "", "poster": "新华社", "time": "2019年2月11日", "content": "新华社上海2月11日电(记者郭敬丹)中共一大会址纪念馆近日与上海鲁迅纪念馆携手举办“鲁迅与《新青年》”专题展。据悉,本次展览共展出70余件实物展品,其中有中共一大会址纪念馆馆藏精品文物《新青年》“劳动节纪念号”,引领无数人走上..."}
{"museum": "上海鲁迅纪念馆", "source": "https://baijiahao.baidu.com/s?id=1675894839883803805&wfr=spider&for=pc", "title": "鲁迅是如何与“二十不惑”“三十而已”的青年相处的?", "image": "", "poster": "中国经济网", "time": "2020年8月24日", "content": "愿有英俊出中国展览现场据介绍,1951年上海鲁迅纪念馆建成,1956年,该馆特意邀请许广平到沪与版画家座谈,聊一聊鲁迅的生活细节。从那年起,纪念馆便与上海美协合作,邀请艺术家创作了一批又一批与鲁迅相关题材的作品。展览分为3个板块:“..."}
{"museum": "上海鲁迅纪念馆", "source": "https://baijiahao.baidu.com/s?id=1673821986350137587&wfr=spider&for=pc", "title": "鲁迅去世当天,好友留下他22根毛发粘在石膏遗容上,现成一级文物", "image": "https://dss1.bdstatic.com/6OF1bjeh1BF3odCf/it/u=2637394476,2675654244&fm=173&app=49&size=f242,162&n=0&g=0n&f=JPEG?s=FEEA326346E111118CB5E89D0100E0A1&sec=1620384601&t=67d40d55d52f7452e8b9fbd900e123d0", "poster": "子夜说史", "time": "2020年8月2日", "content": "将面模进行实心填充以及打磨完成后,奥田杏花在底部书写了“民国二十五年十月十九日奥田杏花”的黑色毛笔字,然后将它交给了鲁迅的妻子许广平。现在这具珍贵的石膏遗容被放在上海鲁迅纪念馆保存,不过进行展出的并不是原件,而是在1956年建馆..."}
{"museum": "上海鲁迅纪念馆", "source": "https://baijiahao.baidu.com/s?id=1647992451534646549&wfr=spider&for=pc", "title": "“再现”鲁迅晚年生活足迹 上海首次推出“鲁迅小道”参观线", "image": "https://dss0.bdstatic.com/6Ox1bjeh1BF3odCf/it/u=337521028,3402694900&fm=173&app=49&size=f242,162&n=0&g=0n&f=JPEG?s=4EBB1FC5502C671BC13DA95D0300D0B3&sec=1620384601&t=d5ec3488404486645de4c36a5d0e4250", "poster": "新华社新媒体", "time": "2019年10月21日", "content": "目前正在上海举办的“第二届鲁迅文化周”系列活动还包括周海婴摄影艺术作品展、鲁迅主题书展、青少年交流活动等。上海鲁迅纪念馆还特别举办“鲁迅与中国古代文化”学术研讨会。(图片均由虹口区政府提供)..."}
{"museum": "上海鲁迅纪念馆", "source": "https://baijiahao.baidu.com/s?id=1634648640521796318&wfr=spider&for=pc", "title": "父亲丁景唐与王观泉", "image": "https://dss0.bdstatic.com/6Ox1bjeh1BF3odCf/it/u=2661284887,161896294&fm=173&app=49&size=f242,162&n=0&g=0n&f=JPEG?s=2BABF7071041C9157D8920E00300C032&sec=1620384601&t=04b277e30090b27954e0d7032af1c021", "poster": "文汇报", "time": "2019年6月23日", "content": "7月31日,父母亲特邀王观泉夫妇并偕儿女赴上海鲁迅纪念馆,由父亲续赠自己的藏书等。2009年8月父亲住华东医院后,王观泉经常在我的陪同下,到医院去探望丁老师。2011年11月14日,王观泉、鲁秀珍,还有当时在美国的张昳丽(2018年去世)一起..."}
{"museum": "上海鲁迅纪念馆", "source": "https://baijiahao.baidu.com/s?id=1660965176570491776&wfr=spider&for=pc", "title": "上海一批博物馆、美术馆、图书馆等明起有序恢复开放!", "image": "", "poster": "环球网", "time": "2020年3月12日", "content": "各单位恢复开放后,将采取实名制参观、入馆前体温检测、全程佩带口罩、限制参观人流等防控举措。详见↓ 3月13日起,上海博物馆、上海市历史博物馆(上海革命历史博物馆)、上海鲁迅纪念馆、上海世博会博物馆、中共一大会址纪念馆、陈云纪念馆..."}
{"museum": "上海鲁迅纪念馆", "source": "https://baijiahao.baidu.com/s?id=1660964559840408343&wfr=spider&for=pc", "title": "上海一批文化场馆明日起有序恢复开放", "image": "https://dss2.bdstatic.com/6Ot1bjeh1BF3odCf/it/u=698741378,700621181&fm=173&app=49&size=f242,162&n=0&g=0n&f=JPEG?s=D02093555C2B0E0910B9E10E03006063&sec=1620384602&t=85a8decb948dd14b6dbf69dfeebbb6d4", "poster": "看看新闻Knews", "time": "2020年3月12日", "content": "3月13日起,上海博物馆、上海市历史博物馆(上海革命历史博物馆)、上海鲁迅纪念馆、上海世博会博物馆、中共一大会址纪念馆、陈云纪念馆、上海科技馆、上海自然博物馆、上海中国航海博物馆等9家市级博物馆以及中华艺术宫、刘海粟美术馆、..."}
{"museum": "上海鲁迅纪念馆", "source": "https://baijiahao.baidu.com/s?id=1647796519252584379&wfr=spider&for=pc", "title": "懂设计,会理财,粉丝遍全球!还原一个你不知道的鲁迅", "image": "https://dss1.bdstatic.com/6OF1bjeh1BF3odCf/it/u=4061270472,121941244&fm=173&app=49&size=f242,162&n=0&g=0n&f=JPEG?s=40C29E45527820355E61F5A20300F013&sec=1620384602&t=fa55ce99ccdc2aad6b372eed280d81b3", "poster": "纵相新闻", "time": "2019年10月19日", "content": "令人意外的是,奥田杏花在制作的过程中,粘下了鲁迅先生脸上的20根胡须和2根眉毛。正因为这批珍贵的胡须,如今被珍藏在上海鲁迅纪念馆的这个石膏面容,已是国家一级文物。爱收藏、会理财的生活达人横眉冷对千夫指的鲁迅,在人们的印象中,..."}
{"museum": "上海鲁迅纪念馆", "source": "https://baijiahao.baidu.com/s?id=1633674793627748260&wfr=spider&for=pc", "title": "用世界的眼光看鲁迅 鲁迅与世界研究中心成立", "image": "https://dss0.bdstatic.com/6Ox1bjeh1BF3odCf/it/u=3542903419,2365467613&fm=173&app=49&size=f242,162&n=0&g=0n&f=JPEG?s=470248A50E1831D8583169860300C002&sec=1620384602&t=4d58d0e1aa9d4e462966ac52ea7c7670", "poster": "浙江日报", "time": "2019年5月16日", "content": "该中心以浙江越秀外国语学院优秀的外语人才和专业研究人才为依托,以鲁迅故乡的人文环境为背景,广泛联系国内外的鲁迅研究学者。鲁迅长孙周令飞先生担任鲁迅与世界研究中心名誉主任,北京鲁迅博物馆副馆长黄乔生先生、上海鲁迅纪念馆馆长王锡荣先生..."}
{"museum": "上海鲁迅纪念馆", "source": "https://baijiahao.baidu.com/s?id=1604681453951778236&wfr=spider&for=pc", "title": "【探索】沪推出7条红色旅游精品线路,带你游上海!", "image": "https://dss2.bdstatic.com/6Ot1bjeh1BF3odCf/it/u=2928649484,2318190391&fm=173&app=25&size=f242,162&n=0&g=0n&f=JPEG?s=DCB692F20E5039DE578318BB0300901D&sec=1620384602&t=54d804fab48fbf54b2a615bd58dc9370", "poster": "上海发布", "time": "2018年6月30日", "content": "青浦练塘镇的陈云纪念馆讲述着开国元勋光辉的一生;新中国成立后的第一座人物类纪念馆上海鲁迅纪念馆里,侧耳倾心他灵魂深处的呐喊;走进上海城市规划展示馆,沿着历史的文脉,感受以“城市、人、环境、发展”为主题,你可以阅读到这座城市欣欣..."}
{"museum": "上海鲁迅纪念馆", "source": "https://3g.163.com/dy/article/G978D33P05421S47.html", "title": "浙江最大的旅游胜地,建造费用高达10亿美元,却不收游客门票", "image": "", "poster": "网易新闻", "time": "昨天05:19", "content": "此外,鲁迅故居也是江南地区保存最为完整的水乡建筑,不知是否还记得那个百草园?这儿有鲁迅当年的书桌,还有孔乙自己的咸亨饭店,最受赞赏的地方政府花了大笔钱,建了这个旅游景点,光建设资金就达十亿元。 没有看到景区内发生堵车、宰杀事件,..."}
{"museum": "上海鲁迅纪念馆", "source": "https://new.qq.com/omn/20210501/20210501A05J6M00.html", "title": "鲁迅的少年玩伴“闰土”晚年生活凄苦,其子女后代完成了华丽转变", "image": "https://dss0.bdstatic.com/6Ox1bjeh1BF3odCf/it/u=1303495015,422003068&fm=217&app=2&size=f242,162&n=0&g=0n&f=JPEG?s=3BB34C854000314940BC947F03005051&sec=1620384602&t=6e0e2278cdc957dc6b7ea3adb369967c", "poster": "腾讯网", "time": "5天前", "content": ",那个在绍兴鲁迅纪念馆中度过半生的人,当时他只有三岁。 家里没了顶梁柱,章启生的妻子决定去上海谋生,找到一份保姆工作,但赚得钱不多。不久女儿生病时,再次因为没钱医治而病死。年幼的章贵和哥哥不得不各自做童工讨生活。 "}
{"museum": "上海鲁迅纪念馆", "source": "https://www.163.com/dy/article/G8PAH6PC0530QLUU.html", "title": "百年风华·红色潮安VR展示 | “左联”英烈戴平万故居", "image": "https://dss2.bdstatic.com/6Ot1bjeh1BF3odCf/it/u=2500518518,2417104521&fm=217&app=2&size=f242,162&n=0&g=0n&f=JPEG?s=D99E2FD00E103E4116A0451F030050C2&sec=1620384602&t=784643116926e5cc92cf0f89f54a4063", "poster": "网易", "time": "7天前", "content": "“左联”,在大家印象中也许是一个只躺在文学史中的一个陌生名词,但如果说到鲁迅、茅盾等代表人物,大家应该有了比较清晰的概念。“左联”是中国左翼作家联盟,是中国共产党1930年在上海创建的一个文学组织。它所引领的中国左翼文化运动,..."}
{"museum": "上海鲁迅纪念馆", "source": "https://new.qq.com/omn/20210427/20210427A052Y700.html", "title": "收藏!上海一日游免费景点指南出炉!世纪公园、南汇嘴观海湿地公园...", "image": "https://dss1.bdstatic.com/6OF1bjeh1BF3odCf/it/u=2970426064,114489833&fm=217&app=2&size=f242,162&n=0&g=0n&f=JPEG?s=E8F420C4CC01AB4F203C08910300C08A&sec=1620384602&t=6bac5f5e553742656e4e6b234b04094b", "poster": "腾讯网", "time": "9天前", "content": "鲁迅公园 地址:四川北路2288号 交通:地铁3/8号线虹口足球场站1号口 图源:摄图网 鲁迅公园原来叫“虹口公园”,是虹口人心中很重要的一座公园~这也是一座文学色彩浓郁的公园,入口处的世界文豪广场、梅亭、鲁迅纪念馆、鲁迅墓等等,极具..."}
{"museum": "上海鲁迅纪念馆", "source": "https://www.163.com/dy/article/G8F29IKH0514R9P4.html", "title": "咖啡漫步 | 多伦路,要进步也要咖啡|鲁迅|茅盾|鲁迅故居|瞿秋白...", "image": "https://dss2.bdstatic.com/6Ot1bjeh1BF3odCf/it/u=4257674966,2645586328&fm=217&app=2&size=f242,162&n=0&g=0n&f=JPEG?s=3EE8FF143AA7F0CA082663ED0300B02A&sec=1620384602&t=698edc43a08ed48056ddf80e2e4cbddb", "poster": "网易", "time": "4月25日", "content": "鲁迅公园原名虹口公园,1927年鲁迅搬来上海并在虹口定居后,经常来此散步。1956年鲁迅灵柩从万国公墓迁葬至此,鲁迅纪念馆也建在公园中。因此,1988年,公园改名为鲁迅公园,来纪念这一段渊源。 "}
{"museum": "上海鲁迅纪念馆", "source": "https://baijiahao.baidu.com/s?id=1695804821115114538&wfr=spider&for=pc", "title": "《国家记忆:陈嘉庚与百年厦大》感天动地", "image": "https://dss2.baidu.com/6ONYsjip0QIZ8tyhnq/it/u=1337004979,138939486&fm=30&app=106&size=f242,162&n=0&g=0n&f=JPEG?s=B0C2722112E80D0156A509D2010080B2&sec=1620384603&t=dfec41f62b1f8948f1fbb29373a61af5", "poster": "郑启五茶话与邮话", "time": "4月1日", "content": "“鲁迅博物馆”在北京和上海各有一座，“厦大鲁迅纪念馆”是中国高校校园里唯一的一座鲁迅馆。鲁迅先生的儿子周海婴以及孙子周令飞曾多次向厦大捐赠鲁迅遗物和纪念物，包括那枚鲁迅从厦大寄给许广平明信片的复制品。我想如果北京“鲁迅博物馆..."}
{"museum": "上海鲁迅纪念馆", "source": "http://www.thepaper.cn/newsDetail_forward_9563412", "title": "收藏!20条最受上海市民喜爱的“建筑可阅读”微旅行线路", "image": "https://dss0.bdstatic.com/6Ox1bjeh1BF3odCf/it/u=13571635,3958475392&fm=217&app=92&size=f242,162&n=0&g=0n&f=JPEG?s=C3F6AD76D9D841CA1675D1EF0300E033&sec=1620384603&t=26e28dbf48528800fb0d84a8676414fd", "poster": "澎湃新闻", "time": "2020年10月14日", "content": "吴昌硕纪念馆(陆家嘴东路15号) 10 品·建筑之美 线路以山阴路历史文化风貌区内的名人故居和优秀历史建筑为主线,串联了李白烈士故居、鲁迅故居、鸿德堂等景点。穿梭在历史“建筑博物馆”之中,了解建筑的前世今生,去发掘和感受旧上海的风..."}
{"museum": "上海鲁迅纪念馆", "source": "https://baijiahao.baidu.com/s?id=1669946802950612960&wfr=spider&for=pc", "title": "「自组团」嵊州崇仁古镇、东郞岗、新昌大佛、鲁迅故居休闲四日游", "image": "https://dss1.bdstatic.com/6OF1bjeh1BF3odCf/it/u=3861389730,2064369400&fm=173&app=49&size=f242,162&n=0&g=0n&f=JPEG?s=A2F35D877CC28EC2561A78B10300D018&sec=1620384603&t=6abf1bb527bc9321a1379e543b6e8f8b", "poster": "小彭说旅游", "time": "2020年6月20日", "content": "早餐后前往鲁迅故居游玩，自理中餐后，驱车返回上海，结束愉快地四天之旅。费用包含 交通：往返空调旅游车（一人一座，根据实际报名人数决定所用车辆类型）门票：景区首道大门票，（不去不退，不含景区内其他自费项目）；住宿：嵊州山水..."}
{"museum": "上海鲁迅纪念馆", "source": "https://www.tianqi.com/beijing/lxbwgjingdian/30/?Wk=0H&35654581963.pohtml", "title": "鲁迅博物馆天气预报30天", "image": "", "poster": "天气网", "time": "2020年5月1日", "content": "鲁迅博物馆天气预报30天2020年05月01日 星期五 庚子年四月初九  今日天气:迪庆藏族自治州,多云,气温18℃~28℃,北风0级,当前温度18℃。 鲁迅博物馆天气预报 鲁迅博物馆一周天气 鲁迅博物馆10天天气 鲁迅博物馆15天天气 鲁迅博物馆..."}
{"museum": "上海鲁迅纪念馆", "source": "http://www.thepaper.cn/newsDetail_forward_4524896", "title": "北京、泸州联合办展丨“沿着鲁迅的道路——蒋兆和艺术作品展”开展", "image": "https://dss1.bdstatic.com/6OF1bjeh1BF3odCf/it/u=665499571,246195660&fm=217&app=92&size=f242,162&n=0&g=0n&f=JPEG?s=3EC3985644436D511E0B82A90300700E&sec=1620384603&t=be2ff7dd5a9d351fb22216683f894512", "poster": "澎湃新闻", "time": "2019年9月25日", "content": "北京鲁迅博物馆是纪念和学习鲁迅先生的专题博物馆,也是我国最早建立的“人物传记性博物馆”。受北京鲁迅博物馆之邀,泸州市博物馆与蒋兆和先生家属及收藏者带来蒋兆和先生巅峰之作《流民图》,尤其展出了蒋兆和创作的《鲁迅画像》《与阿Q像》..."}
{"museum": "上海鲁迅纪念馆", "source": "https://www.sohu.com/a/340229136_160984", "title": "市文旅局7家局属事业单位公开招聘", "image": "https://dss1.bdstatic.com/6OF1bjeh1BF3odCf/it/u=810174497,2330529995&fm=217&app=92&size=f242,162&n=0&g=0n&f=JPEG?s=F10ADAB16A9A3FCA56251DA403007081&sec=1620384603&t=6b5a0ecb3f5e14b76616655d0fe08e4f", "poster": "搜狐网", "time": "2019年9月11日", "content": "上海鲁迅纪念馆 展览讲解 1名  文博项目 1名 上海市文化和旅游局人才培训交流中心 培训管理 1名 上海市文物保护研究中心 财务会计 1名 出纳 职数 1名  公开招聘细则 上海博物馆 上海博物馆位于人民广场市中心,隶属于上海市文化和旅游..."}
{"museum": "上海鲁迅纪念馆", "source": "https://www.sohu.com/a/319218658_658365", "title": "好消息!2019文化遗产日限时免费开放名单出炉,虹口的这9处你都去过...", "image": "https://dss1.bdstatic.com/6OF1bjeh1BF3odCf/it/u=1325977744,931698913&fm=217&app=92&size=f242,162&n=0&g=0n&f=JPEG?s=B97A4F90065073CC98A9D941030060F1&sec=1620384603&t=f342fcf8cf2b26e86366d56d108906d4", "poster": "搜狐网", "time": "2019年6月8日", "content": "上海鲁迅纪念馆位于甜爱路200号,鲁迅公园内。1950年由华东军政委员会文化部筹建,1951年1月正式向公众开放,周恩来总理题写馆名,是新中国成立后的第一座人物类纪念馆。 鲁迅生命中的最后10年就是在虹口度过的,馆内陈列品重点表现了鲁迅..."}
{"museum": "上海鲁迅纪念馆", "source": "https://epaper.gmw.cn/zhdsb/html/2019-04/24/nw.D110000zhdsb_20190424_1-05.htm?div=-1", "title": "几部鲁迅手稿影印出版的缘起及其历程", "image": "https://dss1.bdstatic.com/6OF1bjeh1BF3odCf/it/u=2838427938,3617436292&fm=217&app=92&size=f242,162&n=0&g=0n&f=JPEG?s=DE8B72234C8596C81E3525CE0100A0E1&sec=1620384603&t=961810e009f7cae08757fc03d4612961", "poster": "光明数字报", "time": "2019年4月24日", "content": "我知道上海鲁迅纪念馆的朱嘉栋先生就曾为收集鲁迅诗稿而不畏辛劳的四处奔波。当年他来到北京鲁迅博物馆,曾向当时的馆领导表示上海馆要编鲁迅诗稿出版,请他提供馆藏鲁迅诗稿。那位馆领导并不支持,甚至对他有些刁难,迟迟不让我们提供。但..."}
{"museum": "上海鲁迅纪念馆", "source": "http://news.jcrb.com/jxsw/201203/t20120316_826579.html", "title": "鲁迅在京故居面临拆迁 王干:名人故居充满文化气息", "image": "https://dss2.bdstatic.com/6Ot1bjeh1BF3odCf/it/u=2922522203,4200102083&fm=217&app=92&size=f242,162&n=0&g=0n&f=JPEG?s=4AA99B47904AB6EC3035B0890100E091&sec=1620384603&t=0c76bc302d96a6c85934fcad898ff575", "poster": "正义网", "time": "2012年3月16日", "content": "孙郁说,鲁迅在京的几所故居他都去过,带学生去得最多的是位于西城区阜成门内宫门二条19号的鲁迅博物馆,这也就是当年迁出砖塔胡同之后鲁迅居住的西三条胡同21号院。“去这些地方,容易让人发思古之幽情,很生感慨,只有在那样一种文化..."}
{"museum": "上海鲁迅纪念馆", "source": "http://qclz.youth.cn/gw/tslz/201205/t20120528_2198765.htm", "title": "鲁迅:弃医从文 以笔墨护国", "image": "https://dss2.bdstatic.com/6Ot1bjeh1BF3odCf/it/u=3726567381,1939416262&fm=217&app=92&size=f242,162&n=0&g=0n&f=JPEG?s=ADCA72230C33128048A8AC930100C0E0&sec=1620384603&t=c71fceacf558991d1af911e7f2e39dec", "poster": "中国青年网", "time": "2012年2月6日", "content": "鲁迅在上海生活时期所用的家庭用品,包括铜制怀炉、象牙烟嘴、牛骨耳挖、绣花壶套等,现陈列于北京鲁迅博物馆。中国青年网记者 刘洪侠摄 鲁迅曾战斗过的地方——位于上海虹口区的“左联”纪念馆资料图 ..."}
