{"museum": "吉林省自然博物馆", "source": "https://xw.qq.com/cmsid/20210503A0746300", "title": "吉镜头|小长假过半 自然博物馆人气不减", "image": "", "poster": "腾讯网", "time": "3天前", "content": "吉镜头|小长假过半 自然博物馆人气不减,5月3日,小长假过半,但吉林省自然博物馆的人气不减,有不少家长带着孩子前来自博馆参观,希望在放松游玩的同时也能增长知识。由于疫情防控需求,吉林省自然博物馆客流实行严格的限流措施,并在小..."}
{"museum": "吉林省自然博物馆", "source": "https://baijiahao.baidu.com/s?id=1698902034840432715&wfr=spider&for=pc", "title": "“五一”最后一天,博物馆安排上,挑最近的去", "image": "https://dss0.baidu.com/6ONWsjip0QIZ8tyhnq/it/u=2897516074,141803994&fm=30&app=106&size=f242,162&n=0&g=0n&f=JPEG?s=89726F914EFB4A822A59DCF50300D0B1&sec=1620384593&t=c3af308b1565c3e91a8f1ed70a0c7dfe", "poster": "悠游吉林", "time": "昨天15:20", "content": "吉林省自然博物馆始建于1987年7月20日,场馆面积4公顷,建筑面积14700平方米,展厅面积6000平方米,收藏自然展品30000多号,51000多件,包括动物、植物、古生物化石、人体、矿物、岩石、陨石等类别。 Tips:时间:周二至周日 9:00—16:00地址..."}
{"museum": "吉林省自然博物馆", "source": "http://jl.people.com.cn/n2/2021/0428/c349771-34700346.html", "title": "2021年劳动节期间吉林省各博物馆开馆时间调整", "image": "", "poster": "人民网", "time": "8天前", "content": "2021年“五一”假期,为满足社会公众参观的需求,长春市多家博物馆、科技馆闭馆时间均有所调整。 吉林省博物院5月1日-5日正常开馆,5月6日全天闭馆。疫情期间,博物院采取了不同措施保证广大观众能够正常参观,在保证自身防护和安全的同时,..."}
{"museum": "吉林省自然博物馆", "source": "https://baijiahao.baidu.com/s?id=1696881052679570287&wfr=spider&for=pc", "title": "赫行实验学校:把课堂“搬”进自然博物馆", "image": "", "poster": "教育信息速报", "time": "4月13日", "content": "日前，赫行实验学校组织学生们走进吉林省自然博物馆，感受大自然的神秘。这也是该校品牌项目“赫行学堂”本学期的第一次户外实践课。看着恐龙化石，亚洲象标本等陈列品，学生们如同置身于大自然中，期待与老师一起揭开其神秘面纱。语文、..."}
{"museum": "吉林省自然博物馆", "source": "https://baijiahao.baidu.com/s?id=1678879337191313449&wfr=spider&for=pc", "title": "吉林省自然博物馆开馆公告!", "image": "https://dss2.bdstatic.com/6Ot1bjeh1BF3odCf/it/u=4053503027,115246645&fm=173&app=49&size=f242,162&n=0&g=0n&f=JPEG?s=BEC381560D913ACC0EFA8F890300808C&sec=1620384593&t=3b65e19f665ed4f516ecdfc06e8a9dae", "poster": "看吉林", "time": "2020年9月26日", "content": "开馆公告 2020年9月29日起，吉林省自然博物馆恢复对外开放。每天9:00-16:00开馆，周一闭馆。参观人员须扫描健康码，测量体温，佩戴口罩方可进入。团队达30人需提前预约。为满足公众参观需求，十一期间（10月1日—8日）正常开馆，10月..."}
{"museum": "吉林省自然博物馆", "source": "https://xw.qq.com/cmsid/20200926A0CQXE00", "title": "长春这两个展馆发布十一期间开馆公告!", "image": "", "poster": "腾讯网", "time": "2020年10月6日", "content": "2020年9月29日起,吉林省自然博物馆恢复对外开放。每天9:00-16:00开馆,周一闭馆。参观人员须扫描健康码,测量体温,佩戴口罩方可进入。团队达30人需提前预约。 为满足公众参观需求,十一期间(10月1日—8日)正常开馆,10月9日闭馆一天。"}
{"museum": "吉林省自然博物馆", "source": "http://china.cnr.cn/ygxw/201204/t20120422_509488165.shtml", "title": "今迎世界地球日 吉林省自然博物馆免费向公众开放", "image": "", "poster": "央广网", "time": "2012年4月22日", "content": "中广网长春4月22日消息(吉林台记者姜欣)据中国之声《央广新闻》报道,今天(22日)是世界地球日。在吉林省,爱心志愿者组织带领近百名农民工子女畅游自然博物馆。 今天的活动是由吉林省自然博物馆与志愿者协会共同发起,前来参观的有80..."}
{"museum": "吉林省自然博物馆", "source": "https://new.qq.com/omn/20210427/20210427A00F4000.html", "title": "紧急通知!时间调整!", "image": "https://dss2.bdstatic.com/6Ot1bjeh1BF3odCf/it/u=2028650743,45630290&fm=217&app=2&size=f242,162&n=0&g=0n&f=GIF?s=1C667536435756670454C4DE02004033&sec=1620384593&t=7c9b11f8050fb472bf411007c781b891", "poster": "腾讯网", "time": "9天前", "content": "吉林省图书馆 2021 年 4 月 26 日 D3 吉林省自然博物馆 劳动节期间开闭馆公告 为满足社会公众参观的需求,2021 年“五一”期间自然博物馆将正常开放,5 月 1 日到 5 日开馆,5 月 6 日闭馆,望周知。 "}
{"museum": "吉林省自然博物馆", "source": "https://www.sohu.com/a/378116376_668405", "title": "战“疫”·科普微视频 | 东师自然博物馆带你揭秘真实的“蝙蝠...", "image": "https://dss1.bdstatic.com/6OF1bjeh1BF3odCf/it/u=1150152697,977660242&fm=217&app=92&size=f242,162&n=0&g=0n&f=PNG?s=6C918B54ADFB978EF67D290A0300A0C2&sec=1620384593&t=a4edc9d094e6564a10b968513dc9d9d3", "poster": "搜狐网", "time": "2020年3月6日", "content": "科学不会停止,科普不会止步。 加油中国,胜利就在前方! 封面图设计 | 闫异佣 编辑| 曾洄 于喜水 指导老师 | 闫冬 审核| 吕春宇 来源| 党委宣传部吉林省自然博物馆返回搜狐,查看更多"}
{"museum": "吉林省自然博物馆", "source": "http://www.chinanews.com/cul/news/2008/08-09/1341726.shtml", "title": "吉林桦甸出土8枚恐龙蛋化石 暂无法确定恐龙种类", "image": "", "poster": "中国新闻网", "time": "2008年8月9日", "content": "中新网新闻中心是中新网最重要的频道之一,24小时滚动报道国内、国际及社会新闻。每日编发新闻数以万计。"}
{"museum": "吉林省自然博物馆", "source": "http://news.cctv.com/2016/06/23/ARTIm1xTmiwCAXZpHxmcxFj0160623.shtml", "title": "大国工匠之动物标本剥制师_新闻频道_央视网(cctv.com)", "image": "https://dss1.bdstatic.com/6OF1bjeh1BF3odCf/it/u=3852353536,906104475&fm=217&app=92&size=f242,162&n=0&g=0n&f=JPEG?s=0E70538149038AD43474F40D0300B040&sec=1620384594&t=bf1e5bb52d5abad6b64aa073401fbfbd", "poster": "央视网", "time": "2016年6月23日", "content": "2016年4月的一天,吉林省自然博物馆动物剥制实验室内,标本剥制师姜牧里和徒弟陈志宏正在紧张地忙碌着。他们正在制作动物标本。实验室里没有高端、精准的仪器,桌子上摆放的,只是镊子、刀子、剪子、缝合线还有调色板和上色笔等一些传统的工..."}
{"museum": "吉林省自然博物馆", "source": "https://baijiahao.baidu.com/s?id=1696357285006256923&wfr=spider&for=pc", "title": "中国地理:吉林省(白山篇)", "image": "https://dss2.baidu.com/6ONYsjip0QIZ8tyhnq/it/u=1934597276,139433991&fm=30&app=106&size=f242,162&n=0&g=0n&f=JPEG?s=06E0D810115AFFCC4040826C030070F5&sec=1620384594&t=9fd69e8370a0d658c1f1ad6d79986b0d", "poster": "西部文明播报", "time": "4月7日", "content": "长白山满族文化博物馆、 吉林白山珠宝河国家湿地公园、 白山市北山公园、夏日冰洞、 香烟山休闲度假村、白山板石国家矿山公园等、 长白县的景点还有: 十五道沟风景区、十八道沟温泉、 葫芦套村、宝泉山、 长白泥粒河国家湿地公园、 长白..."}
{"museum": "吉林省自然博物馆", "source": "http://www.thepaper.cn/newsDetail_forward_9344900", "title": "开馆公告!_媒体_澎湃新闻-The Paper", "image": "https://dss1.bdstatic.com/6OF1bjeh1BF3odCf/it/u=736362623,3774097551&fm=217&app=92&size=f242,162&n=0&g=0n&f=JPEG?s=2EEAF516DF71689A55D905EA0300B034&sec=1620384594&t=7eda8ee818257268e485084d7b265ba2", "poster": "澎湃新闻", "time": "2020年9月25日", "content": "馆 公 告 2020年9月29日起,吉林省自然博物馆恢复对外开放。每天9:00-16:00开馆,周一闭馆。参观人员须扫描健康码,测量体温,佩戴口罩方可进入。团队达30人需提前预约。 为满足公众参观需求,十一期间(10月1日—8日)正常开馆,10月9..."}
